mirna_id	row_cluster	baseMean_b7h3_vs_untr_Day14	log2FoldChange_b7h3_vs_untr_Day14	lfcSE_b7h3_vs_untr_Day14	stat_b7h3_vs_untr_Day14	pvalue_b7h3_vs_untr_Day14	padj_b7h3_vs_untr_Day14	baseMean_stop_vs_untr_Day14	log2FoldChange_stop_vs_untr_Day14	lfcSE_stop_vs_untr_Day14	stat_stop_vs_untr_Day14	pvalue_stop_vs_untr_Day14	padj_stop_vs_untr_Day14	status_Day14	baseMean_b7h3_vs_untr_Day21	log2FoldChange_b7h3_vs_untr_Day21	lfcSE_b7h3_vs_untr_Day21	stat_b7h3_vs_untr_Day21	pvalue_b7h3_vs_untr_Day21	padj_b7h3_vs_untr_Day21	baseMean_stop_vs_untr_Day21	log2FoldChange_stop_vs_untr_Day21	lfcSE_stop_vs_untr_Day21	stat_stop_vs_untr_Day21	pvalue_stop_vs_untr_Day21	padj_stop_vs_untr_Day21	status_Day21	baseMean_b7h3_vs_untr_Day28	log2FoldChange_b7h3_vs_untr_Day28	lfcSE_b7h3_vs_untr_Day28	stat_b7h3_vs_untr_Day28	pvalue_b7h3_vs_untr_Day28	padj_b7h3_vs_untr_Day28	baseMean_stop_vs_untr_Day28	log2FoldChange_stop_vs_untr_Day28	lfcSE_stop_vs_untr_Day28	stat_stop_vs_untr_Day28	pvalue_stop_vs_untr_Day28	padj_stop_vs_untr_Day28	status_Day28	expr_pattern	Annotated
mmu-miR-8120	1	6.667302232911583	-1.806429560135122	2.5274608681048325	-0.7147210795353038	0.4747814096926007	NA	6.667302232911583	-0.6274048556053541	2.463445823304073	-0.2546858752362791	0.7989657265081057	NA	Not DE	8.59942679840709	5.991101281064698	2.4992453159613675	2.3971641530355905	0.01652251981571572	0.07235124466671307	8.59942679840709	5.50408049108297	2.506106553368387	2.1962675464397514	0.02807279917990566	0.13342978351975382	B7H3 upregulated	2.696920228326745	0.798393795170746	4.503690864745317	0.1772754434414084	0.8592920385819912	1	2.696920228326745	-0.3398714798610881	4.14991463113966	-0.08189842685215713	0.9347274854286364	1	Not DE	B7H3 up, Day21	Yes
mmu-miR-128-3p	1	2193874.1796585447	-4.215048548027537	0.8394808339990067	-5.021018202343526	5.139828795448107e-7	5.5997082139882e-6	2193874.1796585447	-0.5614777480719598	0.791472153022124	-0.7094093530998365	0.4780704852614541	0.6748601452573461	B7H3 downregulated	1878198.5051635196	1.3252094502363192	0.7350594928112082	1.802860126556701	0.07141018446615599	0.19804424491947265	1878198.5051635196	1.204155612604553	0.7350598759370762	1.6381735039876302	0.10138550514730908	0.34358421188810295	Not DE	1119667.1990562072	0.6785184722043384	1.694171823205525	0.4005015683241152	0.6887871285765765	1	1119667.1990562072	1.234461289685424	1.5465649803478263	0.7981955529652499	0.4247570176841121	1	Not DE	B7H3 down, Day14	Yes
mmu-miR-128-2-3p	1	1539827.94160188	-4.272724666942406	0.8504483729669922	-5.024084709617336	5.05839084024784e-7	5.5997082139882e-6	1539827.94160188	-0.5607776403970594	0.8018130530970633	-0.699387018246976	0.4843101984906949	0.6751625935223676	B7H3 downregulated	1259798.7122918083	1.3312728639149742	0.7114824235536931	1.8711254415331424	0.0613276959695072	0.1848718950964855	1259798.7122918083	1.2475108168265772	0.7114828037033061	1.7533955990688974	0.07953412591314059	0.2840949373624151	Not DE	770111.2373068983	0.652271714981512	1.716690600669074	0.37995880837658896	0.7039759922526263	1	770111.2373068983	1.2185404992406363	1.567121921903639	0.7775658563696383	0.43682499618645393	1	Not DE	B7H3 down, Day14	Yes
mmu-miR-7224-3p	1	81.60978022897501	-2.868191157213279	1.2217302165567	-2.3476469013731456	0.01889242162524613	0.05850338691282385	81.60978022897501	-0.9475162419952337	1.1941252139123482	-0.7934814799621036	0.4274973552898251	0.6347688002788312	B7H3 downregulated	83.53063767193214	0.9742692195227354	0.5431234202888392	1.7938265652484806	0.07284085540840438	0.19993624297620435	83.53063767193214	0.4846124588231728	0.5470264543698821	0.8859031495677777	0.3756697187966179	0.7149009582284465	Not DE	35.7930177945512	0.37366267188424696	3.5992333453727032	0.10381729552618207	0.9173143407922956	1	35.7930177945512	-0.0299784927277376	3.2876737491489285	-0.0091184512257331	0.9927246293685396	1	Not DE	B7H3 down, Day14	Yes
mmu-miR-671-3p	1	600.1621721938963	0.9819212217155447	1.1526796641039825	0.8518595862266957	0.3942920297746178	0.6351630362906294	600.1621721938963	2.404782463965258	1.1382288599246788	2.112740722568212	0.03462296575974773	0.09296029162891171	Not DE	961.4433290445374	1.1948567340480871	0.4906367063510172	2.4353186758783765	0.01487867960415904	0.06801682104758418	961.4433290445374	0.4512085317709835	0.4911373428101427	0.9187013334993052	0.3582518121473022	0.7017134118665047	B7H3 upregulated	468.521073324789	0.42328606815654224	1.0238513731394074	0.4134253068964802	0.679295036484726	1	468.521073324789	0.8868999267524637	0.9347760648598844	0.948783307674232	0.3427308332997418	1	Not DE	B7H3 up, Day21	Yes
mmu-miR-674-3p	1	3939.274562919232	-1.041534418903589	0.3829450563521504	-2.7198011872121155	0.00653211771642816	0.02527380125795569	3939.274562919232	1.8801894443507636	0.3752962039983973	5.0098813265875535	5.446360961594633e-7	4.9650546440583634e-6	Not DE	6433.439936078147	1.5756031857210349	0.5733878745869868	2.747883684941798	0.0059981283477749	0.03227490147137549	6433.439936078147	0.17027406992308378	0.5735027034786239	0.29690194813428705	0.7665413688056177	0.938304299713728	B7H3 upregulated	2513.413015443719	0.6627627958460264	1.1784974986160668	0.562379467605423	0.5738575052710414	1	2513.413015443719	0.9423478383131884	1.0758601162285453	0.8759018241298995	0.3810834077975731	1	Not DE	B7H3 up, Day21	Yes
mmu-miR-1964-3p	1	82.65374081778009	1.670155869438984	2.179766414679161	0.7662086442802696	0.44355216571515016	0.683044887132955	82.65374081778009	3.0509436520435753	2.1630369860093546	1.410490746010009	0.158394827021446	0.30490191666829924	Not DE	441.01776550182194	2.719195950478299	0.5955673103286487	4.565723980011226	4.9777338767561695e-6	9.86065377490746e-5	441.01776550182194	0.498512943140106	0.5983233930309302	0.8331831062375585	0.4047414688336683	0.7233744146948559	B7H3 upregulated	110.88707072076188	0.07300682148450961	0.9134014720547442	0.07992851305601355	0.936294112232534	1	110.88707072076188	0.6483050042693351	0.8338351497375339	0.7774978117358112	0.436865125000878	1	Not DE	B7H3 up, Day21	Yes
NovelmiRNA-325	1	29.0778141510047	-0.6186775281915391	2.3268409339561766	-0.2658873321175599	0.7903259815466275	0.9375213649292372	29.0778141510047	1.6854184063619038	2.2880084656931974	0.7366311932990479	0.4613466601890792	0.6673353903842031	Not DE	79.4247122178788	2.112593842981986	0.7273961519272053	2.904323644529543	0.00368047484722277	0.02218952951369095	79.4247122178788	0.20524034863214183	0.7376793668121279	0.27822433141797825	0.7808401581729235	0.9418608687566056	B7H3 upregulated	20.057713931467003	1.638332252578898	2.4900046160264298	0.6579635403220105	0.51056155947532	1	20.057713931467003	1.4334296970072673	2.279596228576562	0.6288085929596126	0.5294743737239297	1	Not DE	B7H3 up, Day21	No
mmu-miR-1191a	1	64.41952663751444	1.9637220831467592	2.2984117168601497	0.8543822104376458	0.3928932494575048	0.6351630362906294	64.41952663751444	2.45527716964196	2.270257687605828	1.0814971282979116	0.27947603740703797	0.45145636512832865	Not DE	58.633410071537256	9.319124394902872	2.92732092101619	3.183499399740509	0.00145506415010362	0.01100557611714744	58.633410071537256	6.694329777520398	2.9325221415727665	2.282789167255905	0.02244279037124988	0.11545869263281568	B7H3 upregulated	49.611750778028714	-1.3144912942072406	2.725508840840556	-0.48229206763528504	0.6295984814777615	1	49.611750778028714	-0.5885130067881742	2.4868047561710265	-0.2366542871239788	0.8129250011779301	1	Not DE	B7H3 up, Day21	Yes
mmu-miR-501-3p	1	775.0368399704394	-0.07245434954044765	0.9733028121278456	-0.07444173451225024	0.940658901567884	1	775.0368399704394	1.0136752741792467	0.9380315601197228	1.0806409051416876	0.27985687940353027	0.45145636512832865	Not DE	1387.1486861495366	1.4563699566766497	0.40251657105248945	3.6181614905159623	2.967032483931694e-4	0.00293877503170377	1387.1486861495366	0.16705422206378176	0.4032113025294252	0.4143093733132409	0.6786475501267023	0.8861850272296694	B7H3 upregulated	939.8843815063996	-0.5657010867057531	0.7614636969059999	-0.7429127468641319	0.4575345078347715	1	939.8843815063996	0.21795770566387573	0.6949591480526723	0.31362664449357863	0.7538046204773841	1	Not DE	B7H3 up, Day21	Yes
mmu-miR-1198-5p	1	1279.9974814223144	1.729516871467171	0.8732128734128457	1.9806360214406435	0.04763210630346884	0.12467139833524513	1279.9974814223144	2.2793858138357552	0.8575293046458531	2.6580850374286715	0.00785860611673867	0.02726171325452706	Not DE	2940.4685786319933	1.835192508450877	0.44310492285362696	4.141665808251706	3.4479248093798096e-5	5.122631145364288e-4	2940.4685786319933	0.7086319288829908	0.44335458762079305	1.5983412570190725	0.10996705027938776	0.362880609148165	B7H3 upregulated	999.4344884435524	-0.2716281742922405	0.5477911778331803	-0.4958608047809048	0.6199926213895735	1	999.4344884435524	0.00164387488488982	0.5001555680813188	0.00328672715010652	0.9973775758728484	1	Not DE	B7H3 up, Day21	Yes
mmu-miR-361-3p	1	5761.414502654241	0.7675466621702782	0.33046294161308315	2.3226406520006924	0.02019846494367268	0.06194195916059623	5761.414502654241	1.4303517548506386	0.32285778899731105	4.4302841795851835	9.41089896896042e-6	6.587629278272294e-5	Not DE	7549.510129731233	0.8369234293263083	0.3088900211827695	2.7094544074996283	0.00673939669950122	0.03461221020978407	7549.510129731233	0.2564958296049266	0.30897718698169474	0.8301448793373947	0.40645687540275927	0.7233744146948559	B7H3 upregulated	4295.7994340260775	0.1491957149144219	0.5728312652573562	0.26045316302243504	0.7945142393177564	1	4295.7994340260775	0.1855921107728406	0.5229768226783184	0.3548763591900091	0.7226822199076846	1	Not DE	B7H3 up, Day21	Yes
mmu-miR-1843a-5p	2	21617.54685907514	1.4245638988743612	0.5134913745115711	2.774270356983883	0.00553256790025663	0.02160833123307781	21617.54685907514	0.8345111999002972	0.4859872074510966	1.717146433292221	0.08595242001106998	0.19619561171717495	B7H3 upregulated	16571.697429429005	0.62742825195531	0.3714882047706775	1.6889587445787848	0.09122733629890804	0.228617903014131	16571.697429429005	0.3140160995015776	0.37151129647242753	0.8452397073338602	0.3979770166362757	0.7213962401360857	Not DE	9767.1374309353	0.433757356974838	0.7598708983565797	0.5708303317220755	0.5681146600577802	1	9767.1374309353	0.414294818594454	0.693687163477975	0.5972358152301431	0.5503499503857097	1	Not DE	B7H3 up, Day14	Yes
mmu-miR-490-3p	2	609.2006638351986	1.262478708088575	0.9501599487515904	1.328701246297887	0.18394655359926623	0.3678931071985325	609.2006638351986	0.6707891803332278	0.9275363639848812	0.7231944820485351	0.4695604084192676	0.6693370185467379	Not DE	580.1851087017255	1.1306877098748604	0.4131639565735144	2.7366562157356937	0.00620671182141836	0.03227490147137549	580.1851087017255	0.5087118256896562	0.414025395860854	1.228697154269794	0.21918537356439868	0.5604320629460972	B7H3 upregulated	246.02837765586244	-0.2788222074010374	1.1515333265550802	-0.2421312531484956	0.8086784620753426	1	246.02837765586244	-0.08007694282368477	1.0514512007700128	-0.07615849671867012	0.9392930015703426	1	Not DE	B7H3 up, Day21	Yes
mmu-miR-330-5p	2	11502.215498872994	1.385750905732219	0.6163772347073542	2.2482188304539683	0.0245622395218354	0.07165012034222043	11502.215498872994	0.7412187756840407	0.5839236563056075	1.2693761721756822	0.20430693044442208	0.3640378033373339	B7H3 upregulated	10965.531414470926	1.2022295273797945	0.43041483968874655	2.793187912036638	0.00521913636613225	0.0297419277850824	10965.531414470926	0.5551612148181035	0.430459689105398	1.2896938525692527	0.1971569748540922	0.5261626766418586	B7H3 upregulated	5060.58061233562	-0.09832848491223754	0.6976878425236508	-0.14093478332167486	0.8879214632651383	1	5060.58061233562	-0.03721294897911848	0.6369324059022609	-0.05842527187230118	0.9534098851081068	1	Not DE	B7H3 up, multiple	Yes
mmu-miR-770-3p	2	727.3826135354909	0.02612759556238402	0.6269028944740451	0.04167726101233651	0.9667559812908416	1	727.3826135354909	0.12576948404474986	0.6148057599938408	0.2045678362642696	0.8379097868740057	0.9226422372320512	Not DE	2500.1051050116407	2.9569800749006507	1.0146839223761204	2.9141883592441165	0.00356614665778624	0.0218164266123394	2500.1051050116407	0.1536448735197923	1.015112339738554	0.15135750744529824	0.8796937073671086	0.9848462880124264	B7H3 upregulated	477.6985967120849	-0.7671016178133713	1.0509846384534949	-0.7298885157276396	0.4654583326735222	1	477.6985967120849	0.21446561325677185	0.9590255084189891	0.22362868492448257	0.8230462415350215	1	Not DE	B7H3 up, Day21	Yes
mmu-miR-1947-5p	2	40.886203646768145	1.673163185343197	2.2008489943942493	0.7602353408184236	0.4471139237029729	0.683044887132955	40.886203646768145	1.600557947131779	2.1829606159360693	0.733205141424619	0.4634333199923209	0.6678891964595213	Not DE	66.03625732846845	1.8780355462133669	0.6513667918297366	2.8832227398910355	0.00393628996563517	0.02339280893863188	66.03625732846845	0.2714413822223097	0.6625199127335928	0.4097105264388627	0.6820183073312729	0.8878713939952851	B7H3 upregulated	34.638797759523634	0.587192494402396	0.7501556274848658	0.7827609003896228	0.4337675320560306	1	34.638797759523634	-0.3795084199978897	0.700602154911241	-0.5416889133690568	0.5880328284853358	1	Not DE	B7H3 up, Day21	Yes
mmu-miR-32-5p	2	323.77940637181484	5.139195979034749	2.1089314602267506	2.43687197804057	0.01481492334937991	0.04946272795680066	323.77940637181484	4.110126391132931	2.1014971105593676	1.9558087282065852	0.05048769030896771	0.12686650385330348	B7H3 upregulated	240.1518945743978	0.4981090768191731	0.4117008589811897	1.2098810725141853	0.22632453106314268	0.4592731947427676	240.1518945743978	-0.09282730371333275	0.4138795178889327	-0.2242858119358387	0.8225349154459919	0.9570092885434291	Not DE	298.120326396658	0.4308097578465896	1.288068403000295	0.3344618630835951	0.7380310643339552	1	298.120326396658	0.03796803556366592	1.1765104562157926	0.03227173661149503	0.9742553483771348	1	Not DE	B7H3 up, Day14	Yes
mmu-miR-126a-3p	2	77975.3843519084	1.9579422367000416	0.4474343768028333	4.375931618599859	1.2091491967878758e-5	1.1124172610448456e-4	77975.3843519084	1.392674206642947	0.42268783250874353	3.294805526757477	9.848981416630857e-4	0.00474676159376347	Not DE	67088.40387096861	0.6203892361103478	0.25526024930103447	2.430418515256984	0.01508139682970761	0.068194142186504	67088.40387096861	0.11404372568964016	0.2552713525368023	0.4467548926125526	0.6550520431891318	0.8801015600967556	B7H3 upregulated	49952.458685230966	0.09247823827362944	0.6084859117644493	0.15198090290285743	0.8792019979440963	1	49952.458685230966	-0.07136694225117865	0.5554753872020185	-0.1284790359671211	0.8977698875943786	1	Not DE	B7H3 up, Day21	Yes
mmu-miR-672-5p	2	332.9717069096662	5.1233981475344565	2.15053164446551	2.3823867743214815	0.01720082068729682	0.05477799818877604	332.9717069096662	4.221602139904641	2.1386196826520822	1.973984516344426	0.04838350357342474	0.12315800909599026	B7H3 upregulated	410.61906357470065	1.0971399210853303	0.3231846556757707	3.3947772637634643	6.868445410112312e-4	0.00607930487363132	410.61906357470065	0.3848696599039559	0.3249170398028911	1.184516700439702	0.2362085893928016	0.5712286201791816	B7H3 upregulated	161.66156943192615	-0.7665794641331916	0.7009031283635512	-1.093702443478858	0.27408550227308087	1	161.66156943192615	-0.5537287390533798	0.6401941644071808	-0.8649387480220663	0.3870724087080231	1	Not DE	B7H3 up, multiple	Yes
mmu-miR-760-3p	2	353.2963361568722	2.217349159807594	1.487403130453543	1.490751978672704	0.13602662376905728	0.28557818493252174	353.2963361568722	2.2441479301654503	1.4823626894222706	1.5138993622674586	0.13005136591274566	0.26143659198869895	Not DE	950.7208745060298	1.7851682195290774	0.5803967331562432	3.075772342516802	0.00209958086792736	0.01455709401762974	950.7208745060298	1.164442104529829	0.5807495410199823	2.0050676277499857	0.04495581770350248	0.1845782130711111	B7H3 upregulated	394.5568415285772	-0.41064963175924585	1.0106271824610196	-0.40633147305543094	0.684499063173633	1	394.5568415285772	0.5123678813996387	0.9222274752646462	0.5555764658308489	0.5785004234670108	1	Not DE	B7H3 up, Day21	Yes
mmu-miR-423-3p	2	2133.810717044482	0.6113937905905085	0.48043065430149057	1.2725952957340498	0.2031616887737988	0.3986205647030934	2133.810717044482	0.7929891507923795	0.46853527789164	1.6924854716612765	0.0905534478879531	0.20283972326901495	Not DE	4073.58192742133	1.3203240061673582	0.3011408557253575	4.384406768676724	1.1630227800155594e-5	1.972565713799005e-4	4073.58192742133	0.4104340484269006	0.30136710109228027	1.3619072783303692	0.1732271489383662	0.4772128554624668	B7H3 upregulated	2775.20969143211	-0.433625689501924	1.0011407920950242	-0.4331315764234347	0.6649191840986732	1	2775.20969143211	0.1883780930289757	0.9138932303791631	0.20612702530996968	0.8366916888929569	1	Not DE	B7H3 up, Day21	Yes
mmu-miR-7043-3p	2	15.693873757021226	0.05369355822182726	4.004546016350966	0.01340815113688069	0.9893021637601208	1	15.693873757021226	0.3613710139724384	3.8345050542548	0.0942418927239274	0.9249170072581232	0.9642751777797454	Not DE	73.35920398108095	4.166504044951855	1.3228506444009116	3.149640560396574	0.00163471449749554	0.01214359340996691	73.35920398108095	1.509241462096358	1.3325050079237697	1.132634739172927	0.25736767384885395	0.6038241578761574	B7H3 upregulated	9.090745195322071	-0.23820280028199747	2.6207295787738696	-0.0908917891457701	0.9275785744998808	1	9.090745195322071	-0.17114805590094173	2.3969424630516576	-0.07140265506542251	0.9430772965687084	1	Not DE	B7H3 up, Day21	Yes
mmu-miR-503-3p	2	89.27517359834589	0.02092864450497937	1.5468102590396453	0.01353019504665889	0.9892047956414248	1	89.27517359834589	0.07147583867148981	1.534969787708239	0.046564980785847	0.962859943023372	0.9784281833667414	Not DE	98.93064536124096	1.4711401748090711	0.6095050959580153	2.413663453456029	0.01579304239882367	0.07064414664420049	98.93064536124096	0.8990287930495413	0.6126174743155083	1.4675206482708432	0.14223447647837267	0.4217647323351746	B7H3 upregulated	251.72707245822423	-1.72674546300509	1.6673161851608127	-1.035643675970521	0.3003684079852115	1	251.72707245822423	0.20872132496333717	1.5202822331094703	0.13729116898014018	0.8908006504729312	1	Not DE	B7H3 up, Day21	Yes
mmu-miR-5126	2	22.148735123884435	1.2384494794726852	2.519521605870693	0.4915415198611498	0.6230434935420197	0.8311111999245071	22.148735123884435	0.28203559833313674	2.4717416806565424	0.11410399417556556	0.9091553560121078	0.9606169799373216	Not DE	70.51328328568383	4.06579327492038	1.0334085944421283	3.9343521011795377	8.342141742792271e-5	9.915231328575956e-4	70.51328328568383	1.623769268655329	1.0444621971589354	1.5546462792738496	0.12003033535978958	0.3711099144015651	B7H3 upregulated	22.493862083955676	-0.4576378783734695	2.329609360205853	-0.1964440417311127	0.8442626274288024	1	22.493862083955676	1.480193883938998	2.117249042320835	0.6991118448288325	0.48448213671861967	1	Not DE	B7H3 up, Day21	Yes
mmu-miR-146a-5p	2	32256.9737015946	1.4591576271543325	0.2996446207510063	4.869627305496797	1.118089308331917e-6	1.1868948042292655e-5	32256.9737015946	0.25597998219583656	0.2843550255353855	0.9002126187637295	0.3680071120858824	0.5663095283969009	B7H3 upregulated	58004.56031557893	3.5907201529833923	1.0382901484389178	3.4583012834919846	5.435931180850828e-4	0.00491597254616074	58004.56031557893	1.081760110765283	1.0383053263370183	1.0418516435638123	0.29748046642170245	0.6415361573841765	B7H3 upregulated	55556.47163781766	-1.9955045779427072	1.6261394458503482	-1.227142348114684	0.21976909355434024	1	55556.47163781766	-0.5865177124301542	1.4844535359013618	-0.39510681758996247	0.6927640576551368	1	Not DE	B7H3 up, multiple	Yes
mmu-miR-25-3p	2	3523.986246015208	0.9705709445245544	0.5437407044701326	1.784988573681203	0.07426317028856526	0.17568544285409152	3523.986246015208	0.928551175227336	0.522320971958403	1.7777405562441877	0.07544647546769617	0.178162761345403	Not DE	5462.426619738473	1.2407887107843432	0.4674371184194562	2.6544505386731343	0.0079437684455570309	0.03934056753990148	5462.426619738473	-0.1491509648441287	0.46760671701213774	-0.3189666859303417	0.7497517750849026	0.9306511859338762	B7H3 upregulated	7680.46882409705	-1.1911288555105708	1.5528190942846944	-0.7670750958013328	0.44303686795140707	1	7680.46882409705	-0.14109550329404977	1.4175044765559843	-0.09953795958151754	0.9207111501495252	1	Not DE	B7H3 up, Day21	Yes
mmu-miR-92a-2-3p	2	2028.750199208646	1.109731562281134	0.5420112789581678	2.047432600321925	0.04061562822880048	0.1091874680956065	2028.750199208646	-0.8011711193077039	0.5224080919381976	-1.5336116183332107	0.1251252283342644	0.2528303582836683	Not DE	1596.917939365909	1.538299301356049	0.6540603855039075	2.351922445464875	0.01867666851803998	0.0809322302448399	1596.917939365909	0.6344081736307284	0.6543192804966483	0.9695697384145447	0.33226100305058887	0.6768940389561656	B7H3 upregulated	4414.914623114233	-0.9052567908026178	1.9158088694889093	-0.472519365172434	NA	NA	4414.914623114233	0.21654721692731096	1.748862627542345	0.1238217419235621	NA	NA	Not DE	B7H3 up, Day21	Yes
mmu-miR-92a-1-3p	2	8330.48323816638	1.0470727069209025	0.409678804760106	2.5558381218526365	0.01059323869520803	0.03780690361910455	8330.48323816638	-0.6468648238153574	0.3899362852923007	-1.6588987693988522	0.09713619267607576	0.2139179074664141	B7H3 upregulated	7538.545480856267	1.7384818358987604	0.5238243029058508	3.3188262290518913	9.039666359129968e-4	0.00737353177529032	7538.545480856267	0.6256267408693881	0.5239064194824238	1.194157425074989	0.2324163936475347	0.5703551729166513	B7H3 upregulated	17561.282215598378	-0.9833192848738216	1.894482303116297	-0.5190437953716047	NA	NA	17561.282215598378	0.2159466792940627	1.729415600190773	0.12486685055358668	NA	NA	Not DE	B7H3 up, multiple	Yes
mmu-miR-106b-5p	2	990.5566609873972	2.002023097006955	0.9417722229383324	2.125803934586896	0.03351958828544354	0.0919013877494942	990.5566609873972	1.4444439331782142	0.9198928582551612	1.5702306200289604	0.11636146837999913	0.23881516023539087	B7H3 upregulated	1298.1427444804506	0.5948668492539775	0.4025360839404904	1.477797576383042	0.1394619672923954	0.3241127284560698	1298.1427444804506	0.0369183901051545	0.40292650973944527	0.09162561711074307	0.926995497547954	1	Not DE	1821.4871470260464	-1.530437321456727	1.5214686761224625	-1.0058947288728426	0.3144662121391012	1	1821.4871470260464	0.01111116333006977	1.3887225804389691	0.0080009956535434	0.9936161972079064	1	Not DE	B7H3 up, Day14	Yes
NovelmiRNA-1265	2	191.68624705498476	4.9967472433681435	2.3927219852954535	2.0883108334674096	0.03676980484999766	0.09949476606469956	191.68624705498476	1.481307885424136	2.3576056218451895	0.6283102957078904	0.5298006883228961	0.704006338381611	B7H3 upregulated	397.1172187092559	-0.5502116828267419	0.847730670720859	-0.6490406703804584	0.5163120886618926	0.7670922460119547	397.1172187092559	-0.9841977077111576	0.8483678404892901	-1.1601072798133514	0.24600513061933657	0.5868390546059034	Not DE	461.92583455270017	0.07161103945890628	1.29925277725581	0.05511709554329994	0.9560451765729612	1	461.92583455270017	0.824118877169049	1.1859853508795626	0.6948811606803217	0.4871297800056635	1	Not DE	B7H3 up, Day14	No
mmu-miR-151-5p	2	16206.854194720789	-4.744979242210134	0.5566178123467168	-8.524662949978485	1.5325542033882194e-17	4.229849601351486e-16	16206.854194720789	-4.146662142230947	0.5249361853080091	-7.899364262339565	2.803295284283985e-15	6.46406912611366e-14	Not DE	14563.56009442681	2.676591386159131	0.5910449982542904	4.528574633174644	5.938290674154874e-6	1.1228767820220128e-4	14563.56009442681	0.9246182811289712	0.5911048912461213	1.5642203182920091	0.11776583719051344	0.3711099144015651	B7H3 upregulated	4081.585434709711	-0.23123485201628063	0.932388350837085	-0.24800272526858713	0.8041322982043795	1	4081.585434709711	0.3282185825561374	0.8511454101526877	0.3856198701667885	0.6997782150881651	1	Not DE	B7H3 up, Day21	Yes
mmu-miR-1943-5p	2	28.274996146741508	-2.5030510275525417	1.6785232556525411	-1.4912221317895638	0.13590318492033568	0.28557818493252174	28.274996146741508	-2.317926346566795	1.650314575444587	-1.4045360690960127	0.16015927882169487	0.30625579169807016	Not DE	36.89599857143935	1.820627114708252	0.776108271882034	2.345841657238491	0.01898417057310851	0.08141664905580558	36.89599857143935	-0.2420625967423747	0.7997568872726821	-0.30267022465771143	0.7621411913252157	0.9378509760687812	B7H3 upregulated	12.549925948635089	-0.5881646461039104	0.8965084004814298	-0.6560615001354844	0.5117845546708639	1	12.549925948635089	-0.6281678874287081	0.8291452898865401	-0.7576089439218383	0.44868512427387536	1	Not DE	B7H3 up, Day21	Yes
mmu-miR-148a-3p	2	71885.26906556141	-2.9820735049712725	0.7658549460028645	-3.893783699557277	9.869265787549514e-5	6.008641229478674e-4	71885.26906556141	-2.056060606975054	0.7221104222985242	-2.8472939089155926	0.00440926333598576	0.01630595497836245	Not DE	62384.57776799462	1.781923861037895	0.5683906930304663	3.1350334952482797	0.00171834490220268	0.01254090314590026	62384.57776799462	0.7348211492300357	0.568399407545357	1.292790139249747	0.19608365177584453	0.5261626766418586	B7H3 upregulated	59572.92801843455	-0.8021903875921119	1.0306968033063355	-0.7782990934082592	0.43639270984251816	1	59572.92801843455	0.1404471670915503	0.9408911704045708	0.14927036357580004	0.8813402996877358	1	Not DE	B7H3 up, Day21	Yes
mmu-miR-1981-5p	2	14038.351640687444	-5.555840507777751	0.2949529920720824	-18.836359206757873	3.802387177820145e-79	3.9354707290438495e-77	14038.351640687444	-5.3329208085120685	0.2783238601195498	-19.160846670570727	7.858449143461351e-82	4.4007315203383565e-80	Not DE	2789.8748153660144	2.3641631495712248	0.5762256475581989	4.1028426269978615	4.0810485107656394e-5	5.474226970371079e-4	2789.8748153660144	1.2306929100544317	0.5764222694709229	2.135054412772844	0.03275656575667172	0.14897173551037732	B7H3 upregulated	1114.7362993036631	-0.0298209393552875	0.8072610874810219	-0.03694088544307367	0.9705321401110752	1	1114.7362993036631	0.3528407638434119	0.7369702068615226	0.4787720867930703	0.6321007763475458	1	Not DE	B7H3 up, Day21	Yes
mmu-miR-532-5p	2	32413.196000628457	-3.88403949163646	0.2018394747126428	-19.24321046299855	1.6092544620889465e-82	2.220771157682747e-80	32413.196000628457	-3.7205817467684903	0.1906096459703588	-19.51937808723	7.514734915960425e-85	7.364440217641215e-83	Not DE	10915.244588612462	0.4433185848840245	0.15403341908193857	2.878067548758362	0.00400119453178423	0.02344361866510197	10915.244588612462	-0.25894086570475205	0.1541815127811446	-1.679454696182089	0.09306346112097034	0.32046853144076076	B7H3 upregulated	7811.572724332761	0.27094808294292894	0.5258496235816322	0.515257729191599	0.6063729331676198	1	7811.572724332761	0.17848920465869106	0.4800756088595814	0.3717939452968498	0.710046272018105	1	Not DE	B7H3 up, Day21	Yes
mmu-miR-10b-5p	2	3528.652621660325	1.633705557784204	0.40675202058218857	4.01646574599891	5.907744624760763e-5	4.0095184830343545e-4	3528.652621660325	-2.7573912266105425	0.393793934394591	-7.0021170611723305	2.521232771476909e-12	4.941616232094742e-11	Not DE	14908.90369260249	3.7175021757454823	1.0252717565967302	3.625870069887906	2.8799013925979387e-4	0.0029220462910262	14908.90369260249	-1.096526138581423	1.0255498936167795	-1.0692079882279868	0.2849759600120987	0.6307180491549853	B7H3 upregulated	17790.52242657921	-1.915863703507235	2.6241494703317145	-0.7300893966474606	NA	NA	17790.52242657921	-0.2721695470895803	2.3955136416763607	-0.11361636283528669	NA	NA	Not DE	B7H3 up, Day21	Yes
mmu-miR-10a-5p	2	1705.3112313949116	0.36340915552392894	0.7692629235469814	0.47241215506434625	0.6366326300121155	0.8397411648544872	1705.3112313949116	-2.1994143315735117	0.7312780779355688	-3.007630609935086	0.00263292957100556	0.01064029269932144	Not DE	10440.938757846558	3.932194729013061	1.0657317198328289	3.689666597921911	2.2454813974649905e-4	0.00239518015729598	10440.938757846558	-0.8481671147917775	1.0661024162104038	-0.7955775185340026	0.4262776378976131	0.7282935040835228	B7H3 upregulated	1332.6143424835998	-0.4948327844917794	1.6437211193323356	-0.30104424568857274	0.7633807553550525	1	1332.6143424835998	-0.771404476508095	1.5006029028323	-0.5140630309671628	0.6072079232528851	1	Not DE	B7H3 up, Day21	Yes
mmu-miR-669c-5p	2	410.4745299675056	0.102750585618829	0.5839523819656276	0.1759571307389188	0.8603276216139428	0.9675378405402286	410.4745299675056	-2.851101056337672	0.5786359653004783	-4.927279373063393	8.338249204358475e-7	6.981454297000042e-6	Not DE	276.0768415000672	1.4203773932952437	0.5175647028135351	2.7443474904179626	0.00606313197551116	0.03227490147137549	276.0768415000672	0.5270400805086592	0.5194532767463841	1.01460536318068	0.31029398179221307	0.6650022334433184	B7H3 upregulated	373.6796147390063	-0.8178222522161472	1.973173503806195	-0.41447052204917184	NA	NA	373.6796147390063	0.2336642504546419	1.8009569177733586	0.1297444975771749	NA	NA	Not DE	B7H3 up, Day21	Yes
mmu-miR-196b-5p	2	29.87066865412937	2.493908462094742	5.630991691085808	0.4428897428569724	0.6578454868694849	0.8520972915269184	29.87066865412937	0	5.479991961160027	0	1	1	Not DE	18.992573848029693	7.805227417957552	2.8444221453518974	2.744046776148246	0.00606868898589368	0.03227490147137549	18.992573848029693	4.069838662972637	2.8797800835505436	1.4132463399617807	0.1575833055389834	0.4485871431009727	B7H3 upregulated	134.32153137092146	-1.2945550954404492	4.17631745923393	-0.30997526123838104	NA	NA	134.32153137092146	0.01903900426432892	3.811830711797986	0.00499471401114466	NA	NA	Not DE	B7H3 up, Day21	Yes
mmu-miR-21a-5p	2	102497.36879172108	0.9153332636126672	0.29028183873500363	3.15325708146788	0.00161459546027896	0.00703623705847887	102497.36879172108	-1.4786947657484732	0.27403968858396244	-5.395914633348516	6.817535716879556e-8	7.222902705450772e-7	Not DE	114539.71529988876	2.837578874945044	0.8093516517430888	3.5059900956942416	4.549121473070136e-4	0.00420541007288261	114539.71529988876	0.5922285893343203	0.8093599966648964	0.7317245623390055	0.46433670135218447	0.7625837364514721	B7H3 upregulated	269522.0721126276	-1.4006842603569185	2.211510175635654	-0.6333609837243095	NA	NA	269522.0721126276	-0.11126305556535984	2.0188332297685108	-0.05511255408556842	NA	NA	Not DE	B7H3 up, Day21	Yes
mmu-miR-467d-5p	3	27.503682552147797	-10.105626344139765	2.437727235658768	-4.145511522501751	3.3905594911410283e-5	2.5994289432081216e-4	27.503682552147797	-1.7247404327838929	1.9174584437076283	-0.8994929921135121	0.3683901268908411	0.5663095283969009	B7H3 downregulated	29.624724189684652	-1.8695622857037395	2.076396061873715	-0.9003880907078339	0.3679137563371909	0.6403854503609684	29.624724189684652	0.43370229700161533	2.0648131411969013	0.21004433202619632	0.8336330727699077	0.9646648294654488	Not DE	153.95159458529912	-3.2312722979428155	2.399188003682056	-1.3468191292152811	0.17803849227916638	1	153.95159458529912	0.33601552865381795	2.1823866285336657	0.15396700303263178	0.8776357530709944	1	Not DE	B7H3 down, Day14	Yes
NovelmiRNA-1309	3	16.913185078554964	-5.201079634431498	5.791523344369995	-0.8980503617390276	0.3691587008081952	0.6212670818479383	16.913185078554964	-4.650722390416438	5.471067937637307	-0.8500575104217885	0.3952931129707928	0.5982412786516487	Not DE	17.36245548957606	-4.036355771643398	1.056799447733204	-3.819415103122199	1.3376848867204907e-4	0.00150399165642087	17.36245548957606	-1.710226469156718	0.9755351236624008	-1.7531162412031909	0.07958205627323357	0.2840949373624151	B7H3 downregulated	3.1141690112197993	3.836933790401725	4.175183142284927	0.918985744970677	0.35810302839059993	1	3.1141690112197993	4.782555871215344	3.841397408432941	1.2450041905886375	0.2131302098465848	1	Not DE	B7H3 down, Day21	No
mmu-let-7d-5p	3	123724.21332596854	-2.346374680666617	0.4131250638774168	-5.679574748248238	1.3503003127603592e-8	1.927670101664789e-7	123724.21332596854	-0.7204866532625489	0.3895979595035743	-1.849308076922664	0.06441334013770689	0.1558643786048216	B7H3 downregulated	94923.51039559748	-0.9184025683134152	0.2808927385329309	-3.269584586309072	0.00107705529863711	0.00845386800439701	94923.51039559748	-0.8147316437666345	0.28089512145948703	-2.9004834243237	0.00372587543538263	0.02892634201651612	Not DE	59612.76053301719	0.35946910825350253	0.6024607465843836	0.5966680987790356	0.5507289953765984	1	59612.76053301719	0.0682694901733703	0.5499754682782134	0.1241318824403185	0.9012108548377332	1	Not DE	B7H3 down, Day14	Yes
mmu-miR-191-5p	3	87631.3264810275	-3.703505757548698	0.6688826132585066	-5.5368545752846225	3.079520409909685e-8	3.984129530320655e-7	87631.3264810275	-1.757131606090355	0.6306734332133677	-2.786119588290771	0.00533431881461933	0.01900957250300708	Not DE	48878.01997904893	-1.012896596207656	0.2676838948833532	-3.783928041875807	1.5437247274234902e-4	0.00168997233317939	48878.01997904893	-0.5067974205511008	0.2676800444500762	-1.8932954886206368	0.05831858477997005	0.23078523877689583	B7H3 downregulated	43914.96928658181	0.05504405185734765	0.8964397151827025	0.06140295987012264	0.95103829517437	1	43914.96928658181	0.3250685951444708	0.8183363401490983	0.39723103960560313	0.6911970948857706	1	Not DE	B7H3 down, Day21	Yes
mmu-miR-26a-5p	3	882622.98780207406	-2.0536626126555637	0.8199541044974364	-2.504606783954436	0.01225875945507546	0.04194319350744829	882622.98780207406	-1.270068417791075	0.7730667196292862	-1.6428962540259389	0.1004044002147468	0.21988002728592593	B7H3 downregulated	730809.6450824657	-1.230446247526765	0.24754879234680505	-4.970520097722648	6.677353920364516e-7	1.5432106838175768e-5	730809.6450824657	-0.8472413531619277	0.2475487083925836	-3.4225238283946164	6.204265954011587e-4	0.00735894878434152	Not DE	590014.8303152991	1.198857742438023	0.7757262402464176	1.545464985246848	0.12223383203995312	1	590014.8303152991	0.26216686191927513	0.7081393250681494	0.3702193235689106	0.7112190797766874	1	Not DE	B7H3 down, Day14	Yes
mmu-miR-340-5p	3	31033.261150256894	-2.1692025185439183	0.6326796127352156	-3.4285955717238465	6.067128786595216e-4	0.00302625459957881	31033.261150256894	-1.212274270666022	0.59672438155018	-2.0315480783888145	0.04219942757992915	0.11028117074221484	B7H3 downregulated	26443.456769425666	-1.0186065670576048	0.3598112213547767	-2.830947192870482	0.00464103827466182	0.02681488780915719	26443.456769425666	-1.0948010035299411	0.3598239343912674	-3.0426019474832104	0.00234542355362205	0.02086449702909621	Not DE	24756.224457738525	0.34090495964299034	0.6353264400420923	0.5365823585437501	0.5915561326554568	1	24756.224457738525	0.3472843410803576	0.5799812158841563	0.5987854978215762	0.5493159342918177	1	Not DE	B7H3 down, Day14	Yes
mmu-let-7a-5p	3	303868.05572862667	-1.0547989891754874	0.38874224431651705	-2.713363429359279	0.00666040158665479	0.02553153941551006	303868.05572862667	-0.404369989160303	0.3665711178157075	-1.1031147013704412	0.26997735728963834	0.44096301690640927	B7H3 downregulated	273261.7529634635	-0.5994753815246955	0.28699717413518566	-2.0887849621903305	0.03672708467161555	0.1317109243395868	273261.7529634635	-0.9951493734679712	0.28699980229549477	-3.467421808337576	5.254765962533587e-4	0.00641081447429097	Not DE	186404.01388871827	0.22505337199307004	0.5909299428939612	0.3808461133157616	0.7033174397072671	1	186404.01388871827	0.10516553521373664	0.539444595684069	0.194951503926694	0.8454309133435846	1	Not DE	B7H3 down, Day14	Yes
mmu-let-7c-5p	3	475529.32849942346	-1.3266520480156434	0.5241472662652827	-2.531067380105718	0.01137160012854016	0.03956170128752628	475529.32849942346	-0.6971163139116561	0.4941958113779473	-1.4106074917306832	0.1583603813796392	0.30490191666829924	B7H3 downregulated	334397.0515474627	-0.6384635841951061	0.3140911479478733	-2.03273345449731	0.0420794594435188	0.1411697994234179	334397.0515474627	-1.043818716676964	0.3140931705436239	-3.3232773411480134	8.896641451650281e-4	0.00949716474963667	Not DE	243054.32272199847	0.522385723403692	0.5620313477749407	0.929460119033922	0.35265068402236355	1	243054.32272199847	0.22068803121005817	0.5130639989644882	0.43013743247522834	0.6670956720243992	1	Not DE	B7H3 down, Day14	Yes
mmu-miR-204-5p	3	27741.479747452053	-3.6512725540107263	0.7755092846060295	-4.708225454535503	2.4988263491101366e-6	2.5862852713289912e-5	27741.479747452053	-1.5135489638386592	0.7312897239294689	-2.06969811596127	0.03848062330189323	0.10123761298216206	B7H3 downregulated	30469.798170582293	0.01400748835567158	0.934807221452878	0.01498436044803028	0.9880446575376344	0.997536460508598	30469.798170582293	-1.8122457701571884	0.934834628255484	-1.938573642205639	0.05255327562356731	0.21371665420250704	Not DE	11021.264651850444	1.5172309913114204	0.8176700438364085	1.8555540865759943	0.06351714316281735	1	11021.264651850444	-0.2006728218214429	0.7465039396467218	-0.26881682890569875	0.7880706422822509	1	Not DE	B7H3 down, Day14	Yes
mmu-miR-6958-3p	3	29.936350517731285	-10.105623305132404	2.4719112395411305	-4.0881821092444834	4.34766802389292e-5	3.158530242263028e-4	29.936350517731285	-1.4798458755650985	1.9554522490159996	-0.7567793467264515	0.4491820683140285	0.6545701515951643	B7H3 downregulated	26.316795132597857	1.5865801173546434	2.01654564261272	0.7867811587438232	0.4314099848195184	0.703790406607528	26.316795132597857	0.05133679426853094	2.0253829674675536	0.02534670977939551	0.9797784168682632	1	Not DE	7.201611695265196	0.37915859097758664	4.32703537978813	0.08762548897766392	0.9301743428236549	1	7.201611695265196	-1.161140972434827	3.970714530922477	-0.29242620273814307	0.7699607764521308	1	Not DE	B7H3 down, Day14	Yes
mmu-miR-185-5p	3	29613.57854172757	-2.4901824094853553	0.553307119850561	-4.5005428633521145	6.778013455390498e-6	6.377494478481058e-5	29613.57854172757	-0.11944158198128338	0.5220517341663994	-0.22879261606515883	0.8190301061134806	0.9183018660845916	B7H3 downregulated	28869.48296634034	0.5705125309975763	0.7610329205111925	0.7496555216223209	0.45346220222104944	0.7139213012166278	28869.48296634034	-0.6690496187679261	0.7610522926598747	-0.8791112321987762	0.37934096817514146	0.7167194398707318	Not DE	16280.318718544346	0.18054182002972105	1.2949418768804404	0.13942079042547648	0.8891176444192266	1	16280.318718544346	0.2581606137705435	1.182123026242939	0.2183872643028009	0.8271273876877663	1	Not DE	B7H3 down, Day14	Yes
mmu-miR-668-3p	4	1800.5518326193464	0.5937723605939412	0.8008069648811674	0.7414675279229767	0.45841001349223415	0.6926341079773173	1800.5518326193464	2.204358682617109	0.7762996596841867	2.8395718780990884	0.00451741165490794	0.01654976980115809	Not DE	2134.007212268109	-0.4352588511546594	0.18682798495190645	-2.3297304805096752	0.01982040049765788	0.0832857233032897	2134.007212268109	0.35885022860746346	0.18653978578316263	1.9237195277183268	0.05438974896364706	0.2190983283724273	B7H3 downregulated	1197.0124944338506	-0.33251426021461006	2.384431704177077	-0.13945220558513272	0.8890928212379163	1	1197.0124944338506	-0.5567204124738824	2.176757946846998	-0.2557566923232249	0.7981387163983692	1	Not DE	B7H3 down, Day21	Yes
mmu-miR-30c-5p	4	89028.0598849548	-2.1769600321349287	0.5541092319456138	-3.928756112745292	8.538638144226087e-5	5.276113718969552e-4	89028.0598849548	-0.5621216101809612	0.5225325812127676	-1.07576375214022	0.28203292726947304	0.4531020798755469	B7H3 downregulated	94600.6557297234	-0.8555481717588064	0.35573567386764443	-2.4050108960315377	0.01617198359481122	0.07156962952597308	94600.6557297234	-0.04288026904048102	0.35573186177677385	-0.1205409850731586	0.9040546149249766	1	B7H3 downregulated	66963.72582638323	0.39080626101648086	0.7834231681266287	0.498844400978084	0.6178890050862145	1	66963.72582638323	0.1906244366947417	0.7151686597325365	0.2665447291356876	0.789819716029784	1	Not DE	B7H3 down, multiple	Yes
mmu-miR-181a-5p	4	93900.86796251462	-1.05237643095525	0.3311845924669357	-3.1776128929074967	0.00148492866975775	0.00654000499233736	93900.86796251462	-0.6241881571011392	0.3124602293082902	-1.9976563368814573	0.04575393098406576	0.11789605568187692	B7H3 downregulated	90518.73122490078	-0.4606258293541859	0.2383961739723347	-1.9321863336935952	0.05333651136194259	0.1668269829065272	90518.73122490078	-0.36898902418820545	0.23839895303337155	-1.54777954975563	0.12167538177100495	0.3711099144015651	Not DE	51924.95801770705	0.7363325221852101	0.6648507462885506	1.1075155232895473	0.26807110454576694	1	51924.95801770705	0.04568373169547204	0.6069331819338762	0.07526978760645378	0.940000059268981	1	Not DE	B7H3 down, Day14	Yes
mmu-miR-296-3p	4	62.238818844390345	3.552782475394662	4.655589618788457	0.7631219171588447	0.44539069018672833	0.683044887132955	62.238818844390345	0	4.594997562174963	0	1	1	Not DE	109.53607701466112	-8.687493334840816	2.36055309403346	-3.6802787265405494	2.329791527806035e-4	0.00242298318891827	109.53607701466112	1.9120994546278076	2.0464069278812858	0.934369126969028	0.350113517402217	0.6921225552349383	B7H3 downregulated	188.56650468391317	-0.0028114145360426	2.970998724253368	-9.4628601254251e-4	0.999244973113171	1	188.56650468391317	2.0833443018243725	2.711347337869647	0.768379717613492	0.4422616265927634	1	Not DE	B7H3 down, Day21	Yes
mmu-miR-487b-3p	4	2669.514095871087	1.8314575684123724	0.8204964730170873	2.2321333834353134	0.02560614862994081	0.07310996919169309	2669.514095871087	2.3249899377363987	0.7919682797368848	2.935710933408632	0.00332784272875686	0.01279413778695454	Not DE	2415.207169109676	-1.2602372055948672	0.4056398237570029	-3.1067886627172183	0.00189131555821094	0.01355609215986826	2415.207169109676	0.14337546331564993	0.40531873122504614	0.3537351034389852	0.7235374125835226	0.9086778681563652	B7H3 downregulated	2163.891698642208	-0.3902153789107769	0.7448447714722423	-0.523888189668683	0.600356309719533	1	2163.891698642208	0.06074324793600227	0.6799442948356275	0.0893356241053344	0.928815183299952	1	Not DE	B7H3 down, Day21	Yes
mmu-miR-421-3p	4	532.841246300233	5.096227572510977	2.102723698085831	2.423631586570417	0.01536618525118969	0.05048889439676614	532.841246300233	5.463977048569838	2.0957714067638977	2.607143618304642	0.00913010568024846	0.03085346057463273	Not DE	375.57256131226666	-12.063730062859603	1.2136059658995255	-9.94040108719963	2.777067098434977e-23	2.888149782372377e-21	375.57256131226666	-0.3291498346329406	0.2943970879565829	-1.118047182183687	0.2635468427146516	0.6149426330008538	B7H3 downregulated	333.5124542344193	-0.26970067958924243	3.9815368929255017	-0.06773783261143546	0.9459943323915788	1	333.5124542344193	0.354362585514782	3.6346593526001967	0.0974954049713833	0.9223329831496612	1	Not DE	B7H3 down, Day21	Yes
mmu-miR-155-5p	5	605.6311358805725	1.2155076122628137	1.2660673783080276	0.9600655013220688	0.3370222498960857	0.5862487876343676	605.6311358805725	-3.058757909465575	1.2092415690982212	-2.529484585736339	0.01142301914574301	0.03700680582753109	Not DE	242.4166758551758	2.7198920479634547	1.0243236026099658	2.655305453309089	0.00792366237338179	0.03934056753990148	242.4166758551758	2.1252455116460394	1.0250460703767523	2.073317066485521	0.03814278143200557	0.16451482496430686	B7H3 upregulated	348.05344736029696	-1.596844906853662	1.9816437640806872	-0.8058183492906765	NA	NA	348.05344736029696	-0.10175290843924598	1.808258199178604	-0.05627122746379191	NA	NA	Not DE	B7H3 up, Day21	Yes
mmu-miR-23a-3p	5	3483.248488121756	2.240657484614066	0.7644909711654969	2.930914254223427	0.00337966052628708	0.01368989236531981	3483.248488121756	1.4394588908645014	0.7330180228493025	1.9637428357753115	0.04955992231095788	0.12533864223158378	B7H3 upregulated	3332.835228537652	-0.43829097029116376	0.7318179214341579	-0.5989071290195195	0.549234817199737	0.8016901191406688	3332.835228537652	0.7025603596967752	0.7317353260955214	0.96012907214085	0.3369902584106197	0.6819660679684104	Not DE	6076.696368900501	-1.2750280560489615	1.25517131488052	-1.0158199450011585	0.3097151364103008	1	6076.696368900501	0.35144651007757693	1.145745364068083	0.30674050369248806	0.7590408974740829	1	Not DE	B7H3 up, Day14	Yes
mmu-miR-210-3p	5	577.5005640616295	6.415795352427965	2.1689635753309564	2.9580005055866354	0.00309641616106275	0.01294864940080787	577.5005640616295	3.9757609538787264	2.1552784403983756	1.844662331955521	0.06508667357894156	0.1565274603861662	B7H3 upregulated	303.87232434518654	0.6617558712981165	0.6586461477935137	1.0047213872198608	0.3150310267599906	0.5722834372583235	303.87232434518654	0.35072394450643557	0.6593492012889933	0.5319244246004826	0.5947783400410813	0.8571137065745407	Not DE	619.6533612565619	0.5021946258073953	1.6113750285478703	0.31165595650316125	0.7553020034889507	1	619.6533612565619	1.0591853431569558	1.4710337595165413	0.7200278962360861	0.4715078199481108	1	Not DE	B7H3 up, Day14	Yes
mmu-miR-93-5p	5	1618.4456365450608	1.950025754757841	0.6618555354373363	2.946301194669795	0.00321599077358509	0.0133142018026423	1618.4456365450608	0.8221290076971219	0.646823637303551	1.271024990868262	0.20371975813172727	0.3640378033373339	B7H3 upregulated	1383.754258427976	0.25397303910088953	0.6906662947800953	0.3677217797080329	0.7130806988565817	0.8885917109588756	1383.754258427976	0.12552115443493023	0.6907755594968877	0.18171047413193225	0.8558099456547537	0.9693125909670552	Not DE	3836.6824652548985	-1.0780692448156586	1.668149004360985	-0.6462667555459968	0.5181066137558865	1	3836.6824652548985	0.13008429349647094	1.522760783117471	0.0854266112830644	0.931922237742078	1	Not DE	B7H3 up, Day14	Yes
mmu-miR-17-3p	5	655.788609935013	4.042544377502345	1.5951168169088346	2.534324968961435	0.01126641954973823	0.03952794655586125	655.788609935013	1.9410421594499927	1.579124518694778	1.2291887919353928	0.21900103018145153	0.3815484614716844	B7H3 upregulated	522.2293924389982	1.4000715953920866	1.003669065508525	1.3949534199130846	0.16302988646341274	0.362071185634816	522.2293924389982	0.6563557641993256	1.004111366628984	0.6536682941881754	0.5133255343383745	0.7941666781249489	Not DE	3280.721734547833	-1.2588057850229215	2.115130585992453	-0.59514329439488	NA	NA	3280.721734547833	0.39801644691540855	1.930776493540852	0.20614320106284595	NA	NA	Not DE	B7H3 up, Day14	Yes
mmu-miR-17-5p	5	684.6135447276415	2.4575801212228203	1.0735319957315248	2.2892472054809874	0.02206499326822738	0.06619497980468216	684.6135447276415	0.35608475574698306	1.0498534418286951	0.33917568068047105	0.7344773885714735	0.8905249186131684	B7H3 upregulated	522.2293924389982	1.4000715953920866	1.003669065508525	1.3949534199130846	0.16302988646341274	0.362071185634816	522.2293924389982	0.6563557641993256	1.004111366628984	0.6536682941881754	0.5133255343383745	0.7941666781249489	Not DE	3280.721734547833	-1.2588057850229215	2.115130585992453	-0.59514329439488	NA	NA	3280.721734547833	0.39801644691540855	1.930776493540852	0.20614320106284595	NA	NA	Not DE	B7H3 up, Day14	Yes
mmu-miR-376b-3p	5	6667.61923455078	1.8172493583795977	0.7237397243897822	2.5109155918058845	0.01204184862708113	0.04154437776342991	6667.61923455078	1.1966492120980206	0.6877950926892625	1.739833890671058	0.08188818966577617	0.19107244255347777	B7H3 upregulated	2954.258573407894	-0.6603059621476199	0.3456925418343809	-1.9100960600531796	0.05612084621040635	0.17293534832243734	2954.258573407894	-0.12546366725999036	0.34563973326428404	-0.36298971207704867	0.7166125695308352	0.9079927809782392	Not DE	3593.536809654669	0.5071505418661979	0.9898494997993924	0.5123511624433608	0.6084052642629589	1	3593.536809654669	0.2537872990079138	0.9036694383967708	0.2808408564288354	0.7788324652676029	1	Not DE	B7H3 up, Day14	Yes
mmu-miR-135b-5p	5	1646.6533253939233	1.2735274776828471	0.5982219778674537	2.128854379811868	0.03326631016453513	0.09181501605411696	1646.6533253939233	0.8975726307870849	0.5841266977047029	1.5366060724737498	0.12438980462552462	0.25264664980935575	B7H3 upregulated	1044.10055638546	-0.3305730408082699	0.2642964188788212	-1.2507662502980648	0.21101977153667267	0.4389211247962791	1044.10055638546	0.21839399387027483	0.26410092202320196	0.8269338561835401	0.40827455255611306	0.7233744146948559	Not DE	686.3602543693625	0.4397332405580154	0.7942482845021757	0.5536470762837522	0.5798204014906541	1	686.3602543693625	-0.2037242801977724	0.7256391902624798	-0.2807514849412706	0.7789010168920222	1	Not DE	B7H3 up, Day14	Yes
mmu-miR-22-3p	5	52755.79993066019	1.5054122109604835	0.5921701284880316	2.5421954579238952	0.01101585521596374	0.03897917999494862	52755.79993066019	0.7417526794877837	0.5589657040393744	1.327009285413213	0.18450561111426853	0.34116131866411914	B7H3 upregulated	28705.062108793543	-0.07050964998243732	0.4271571242915733	-0.16506724568711187	0.8688910534747813	0.9664670541323772	28705.062108793543	0.5137871851179066	0.4271522976951151	1.2028196685123025	0.22904611185208829	0.5673816542940305	Not DE	27238.52856775212	0.01263546888238763	0.5870763688721649	0.02152270054177396	0.9828286952421328	1	27238.52856775212	0.2507964367199797	0.5359300779328483	0.4679648466220333	0.639809728836627	1	Not DE	B7H3 up, Day14	Yes
mmu-miR-138-5p	5	10830.758476211611	2.257396658585481	1.0007566605863742	2.2556898669680625	0.02409006061818661	0.071237750685209	10830.758476211611	-0.07044314373013838	0.9457370942901706	-0.07448491145735375	0.940624546727284	0.9728887132377186	B7H3 upregulated	2917.980431376064	-0.121396506843968	0.35893084463629576	-0.3382169815106833	0.7351996797451315	0.8885917109588756	2917.980431376064	0.9770930913076176	0.35875628898357087	2.723556691022532	0.00645831304598622	0.04596166117726864	Not DE	2759.0603753154533	-0.3707834856863822	0.3916910832315064	-0.9466222274639656	0.3438313134158178	1	2759.0603753154533	-0.38073093029223504	0.3576787415953264	-1.0644494235080642	0.2871251545258758	1	Not DE	B7H3 up, Day14	Yes
mmu-miR-137-3p	5	3498.8932534051773	1.7234517231726518	0.5008501868033248	3.441052371713343	5.794563646527655e-4	0.00292554798739323	3498.8932534051773	-0.02340398984225264	0.4828385973419907	-0.04847166314186724	0.9613403474244312	0.9784281833667414	B7H3 upregulated	948.4089032650156	-0.7977873349752945	1.6991013759594875	-0.4695348648780781	0.6386873699705722	0.8300643488440006	948.4089032650156	1.0647705130422358	1.6988366081893025	0.6267645210313173	0.5308136031896545	0.8153144192877068	Not DE	1381.274950087799	-0.6683070912017209	0.8661365226647701	-0.7715955553353138	0.4403540075648643	1	1381.274950087799	0.1664222089031202	0.7905549755074464	0.21051313831311488	0.8332671985129283	1	Not DE	B7H3 up, Day14	Yes
mmu-miR-384-3p	5	7433.859595133287	-3.6036442478018142	0.2768897094127888	-13.014727977591544	1.0090096480528014e-38	4.177299942938597e-37	7433.859595133287	-3.5703083826216626	0.26214271636985564	-13.619712315730853	3.0576983260905436e-42	1.08965249438863e-40	Not DE	2406.1812884566157	-0.8287398603151098	0.3191205699537471	-2.596949047926388	0.00940558749494545	0.04497384365399206	2406.1812884566157	-0.67997070503043	0.3191841978529006	-2.130339501781356	0.03314359455148909	0.14897173551037732	B7H3 downregulated	2126.3661433761904	0.4045040040595532	0.6412970593447056	0.6307591749646976	0.528198000709012	1	2126.3661433761904	0.1490882834354402	0.5855840641742318	0.25459757626034235	0.7990339313769379	1	Not DE	B7H3 down, Day21	Yes
mmu-miR-30b-5p	5	9108.590697143934	-0.9185154180543584	0.5216115862705846	-1.7609183580862426	0.07825222225312184	0.18303062154120023	9108.590697143934	-2.6750469866569944	0.4927785874488982	-5.428496803210632	5.6830663643604243e-8	6.188227818970239e-7	Not DE	3946.3721851958167	-2.338844938857339	0.5339524725874689	-4.380249289835817	1.1854361260811329e-5	1.972565713799005e-4	3946.3721851958167	-0.5328051811935774	0.5336794084515987	-0.9983618868478406	0.31810390802296734	0.6691151168758969	B7H3 downregulated	8699.619374884833	1.7371169756556797	1.4507938497979809	1.1973561756534663	0.2311677573957923	1	8699.619374884833	0.3848432443082573	1.3244361085946776	0.2905713924672469	0.7713791419526614	1	Not DE	B7H3 down, Day21	Yes
mmu-miR-299a-3p	5	620.6401212657676	3.5988658556272752	1.620206129044355	2.2212395022539457	0.02633474398782651	0.07467523295178201	620.6401212657676	2.5729826948651406	1.601512714396874	1.606595234452522	0.10814318859816106	0.2279146770455867	B7H3 upregulated	436.309806514991	-0.2970041396567348	0.25923861161300793	-1.1456786387210842	0.25192814562501975	0.49348461052432013	436.309806514991	-0.18766077938061793	0.25971133247056416	-0.722574473726084	0.4699413555331484	0.7658967893612763	Not DE	313.93808059791377	-0.04243341157753947	0.5616660616885112	-0.07554918210648838	0.9397777676518312	1	313.93808059791377	-0.2107452176260627	0.5137474861961935	-0.4102116765308742	0.6816506761439152	1	Not DE	B7H3 up, Day14	Yes
mmu-miR-380-3p	5	2620.662649887073	2.2781577314377257	0.7049161841534767	3.2318136292664796	0.00123007254685813	0.0056583337155474	2620.662649887073	0.9589024714081176	0.6802911715862757	1.4095471343133663	0.15867344642942102	0.30490191666829924	B7H3 upregulated	1556.6668846671632	-0.2507122261512722	0.3440210336663601	-0.7287700507127101	0.4661423344557096	0.7235642206476686	1556.6668846671632	0.08071588861193124	0.3440183334033445	0.23462670670314495	0.8144984791449933	0.9528516454655128	Not DE	1131.3793977942548	-0.03120472717332073	0.534753994164156	-0.05835342515224238	0.9534671128598332	1	1131.3793977942548	-0.20826584945252968	0.4884640304856844	-0.4263688551344281	0.6698390921240829	1	Not DE	B7H3 up, Day14	Yes
mmu-miR-7689-3p	5	588.52391074691	6.237793859803367	2.3181781276566427	2.6908173213198734	0.00712772130382663	0.02707226256682775	588.52391074691	4.567279942076261	2.289075813550208	1.9952506225613849	0.04601555234522237	0.11789605568187692	B7H3 upregulated	300.3171773114066	-0.561054718156718	0.4912682944100602	-1.1420535877049849	0.25343174577938077	0.49348461052432013	300.3171773114066	-0.02392021043170061	0.4909066257146601	-0.04872659927308509	0.961137177894192	1	Not DE	188.9204615148378	0.370518448804753	0.7595558926746173	0.4878093269740159	0.6256849043259882	1	188.9204615148378	0.666531355482077	0.6940234759860885	0.9603873334904848	0.3368603106154243	1	Not DE	B7H3 up, Day14	Yes
mmu-miR-374b-5p	5	1199.6691979451616	1.89287251258198	0.8231439762010562	2.299564313545603	0.0214729158273397	0.06488895731765429	1199.6691979451616	0.8590131058562518	0.8005802330740899	1.0729881533019991	0.2832764314851945	0.4532422903763112	B7H3 upregulated	1019.4092569014716	-0.5157520294980878	0.6809447094995289	-0.7574066180456089	0.4488062924267053	0.7126084643111046	1019.4092569014716	-0.2415648911116866	0.6809636637530853	-0.35473976655423584	0.7227845564995491	0.9086778681563652	Not DE	2933.28784231552	-0.967990446664156	1.7864666222724916	-0.5418463656672268	NA	NA	2933.28784231552	-0.04999816572312494	1.630781301610171	-0.03065902563008213	NA	NA	Not DE	B7H3 up, Day14	Yes
mmu-miR-344-3p	5	8806.150735879542	1.8055371101629576	0.3581277757257319	5.041600324085747	4.616547174682921e-7	5.309029250885359e-6	8806.150735879542	0.6596073440285476	0.3447326941397208	1.9133878371315935	0.05569842030892846	0.13818848582974655	B7H3 upregulated	6010.364911554035	-0.872388204390678	0.4647283678144116	-1.877200241709937	0.06049065442260981	0.18367965138544293	6010.364911554035	0.14362996667287406	0.4646625747151365	0.30910595018530823	0.7572409330946677	0.9345140995127836	Not DE	5548.2443583342865	0.14456384608423692	0.633123378942242	0.22833439877983883	0.8193862844299147	1	5548.2443583342865	-0.2777133122377381	0.5780329490362388	-0.4804454706271897	0.6309106683091827	1	Not DE	B7H3 up, Day14	Yes
mmu-let-7b-3p	5	67413.66142805405	-0.1773646846173063	0.5261163805322885	-0.3371206280212391	0.7360259677893115	0.9007503878687358	67413.66142805405	-0.32547465248135293	0.49628277150768263	-0.6558250077724378	0.5119367239813442	0.7000847921888083	Not DE	59935.065842748714	-0.9298107394649422	0.2422675787011473	-3.837949528574452	1.2406597375814077e-4	0.00143365125231629	59935.065842748714	-0.4525331407232683	0.2422647140129073	-1.8679284045432976	0.06177205104888887	0.23762761980068065	B7H3 downregulated	44904.62722441526	0.628289946986649	0.7398460678170512	0.8492171200428846	0.3957604886451347	1	44904.62722441526	0.09682674764763956	0.6753933795869219	0.1433634835254972	0.8860031209469373	1	Not DE	B7H3 down, Day21	Yes
mmu-miR-133b-3p	5	80.49893372640221	0.8636240143219117	1.6527211044579708	0.522546733379524	0.6012897168032658	0.816176861496892	80.49893372640221	-1.6559769825573434	1.6335403030840936	-1.0137350020877292	0.31070921746425856	0.4911210211531829	Not DE	69.08919529520357	-1.3790874561363022	0.6126403457395203	-2.251055559312864	0.02438201865950043	0.09944038982698214	69.08919529520357	-0.9447233398128024	0.6118500334079608	-1.5440439457864552	0.12257768684220512	0.3712104417136282	B7H3 downregulated	134.9568148491328	4.429652664932832	1.688437768076304	2.623521428319914	0.00870259705631367	0.5885131259332119	134.9568148491328	0.23476260788753167	1.5552264365399773	0.1509507569906185	0.8800145608947177	1	Not DE	B7H3 down, Day21	Yes
mmu-miR-9-5p	5	1198145.4213883765	-0.06543411546927304	0.2606642032281057	-0.2510283907760516	0.8017921591499702	0.942517684258085	1198145.4213883765	-0.633308826038344	0.24578400665555852	-2.5766885105989115	0.00997517965271917	0.03285941532660434	Not DE	780761.3177098912	-0.6775982900101845	0.2724389252162351	-2.487156669966944	0.01287686773816993	0.06002003493890189	780761.3177098912	-0.22962776574154267	0.2724387914161841	-0.8428600220544868	0.3993067344317115	0.7213962401360857	B7H3 downregulated	654681.2124321903	0.6618176869117698	0.6890715763898114	0.9604483911223992	0.3368295933276479	1	654681.2124321903	0.01398352140219036	0.6290344616790147	0.0222301356349629	0.982264378766061	1	Not DE	B7H3 down, Day21	Yes
mmu-miR-107-3p	5	4730.021614673962	1.768476810314062	0.4707885360257519	3.756414345266315	1.7236522815045708e-4	9.267429149907692e-4	4730.021614673962	1.518181736953664	0.45668543318731863	3.3243489426800954	8.86252304963384e-4	0.00439760637399552	Not DE	3812.7421243796703	-1.4902471798941126	0.573282142310755	-2.599500437755315	0.0093359559413664	0.04497384365399206	3812.7421243796703	-0.28256849015252034	0.5731586371828902	-0.49300223676530774	0.6220110068833791	0.8628999252822805	B7H3 downregulated	4404.72534146315	-0.2030717138558908	0.7373775689623172	-0.2753971946036624	0.7830110991720524	1	4404.72534146315	0.10215432506024968	0.6731454156189991	0.15175669727515328	0.8793788370283717	1	Not DE	B7H3 down, Day21	Yes
mmu-miR-362-5p	5	284.5730350888607	5.2037491686019495	2.101309408375542	2.4764316705862033	0.01327030235988928	0.04503200964749314	284.5730350888607	3.489852096422022	2.0948687993890407	1.6659048516259451	0.09573236715405006	0.21201744590049507	B7H3 upregulated	150.57783743797023	-0.6664733148858724	0.6656090868146223	-1.0012984018523334	0.3166825653146568	0.572782379003901	150.57783743797023	-0.04599067838142491	0.6648533529268398	-0.06917416927953089	0.9448509837729928	1	Not DE	243.48721546385104	-0.14074960714384915	2.1856007159421185	-0.06439859125099986	0.9486528517192008	1	243.48721546385104	0.23971494961144196	1.9952418021670075	0.1201433076187009	0.9043696263114012	1	Not DE	B7H3 up, Day14	Yes
mmu-let-7j	5	26275.836391900142	1.525915444540356	0.373299257998004	4.0876466048280085	4.3577129361483026e-5	3.158530242263028e-4	26275.836391900142	0.933015607371302	0.3541936074438363	2.6341966307769913	0.00843366315785564	0.02899996454280186	Not DE	23264.783764378808	-0.7335124344208096	0.3147209339919473	-2.3306757040813113	0.01977046625116373	0.0832857233032897	23264.783764378808	-0.5165840296825241	0.3147249259305812	-1.6413826396339095	0.1007180112681338	0.34358421188810295	B7H3 downregulated	21910.46401717962	0.29191499115505803	0.6640032893375405	0.4396288329328825	0.6602059543520056	1	21910.46401717962	-0.07222967450021593	0.6061663624344934	-0.11915817006098152	0.9051500459254596	1	Not DE	B7H3 down, Day21	Yes
mmu-miR-376c-3p	5	294.6013205957189	4.591685960250462	2.0726639015971227	2.215354817880636	0.02673571997589232	0.07529651748312531	294.6013205957189	4.386451143749259	2.069022449373424	2.1200597147109916	0.03400100974023211	0.09191997115979993	Not DE	207.6910884893963	-1.483984155056408	0.5973744260793724	-2.4841775781998954	0.01298510371274319	0.06002003493890189	207.6910884893963	-0.3697133794608331	0.5954265244242839	-0.6209219178106113	0.5346509993442192	0.8182651495339842	B7H3 downregulated	253.5555225530109	-0.00414566077188845	0.7766791460577845	-0.00533767488535094	0.9957411718412874	1	253.5555225530109	0.4228210424160233	0.7091649172772854	0.5962238572649232	0.5510256899107402	1	Not DE	B7H3 down, Day21	Yes
mmu-miR-410-3p	5	5635.975278614526	1.828132908713376	0.4480588473567224	4.0801178673253755	4.50128706022992e-5	3.158530242263028e-4	5635.975278614526	1.330019661695662	0.43324165015522137	3.069925666701583	0.00214112053116209	0.00883493945490041	Not DE	3649.5273557144824	-0.9502693343543478	0.28599971822466175	-3.3226233237330725	8.917524305720115e-4	0.00737353177529032	3649.5273557144824	-0.1852390178086049	0.2858853346984003	-0.6479486539735452	0.5170181606058795	0.7969918937859586	B7H3 downregulated	3821.281000916311	-0.28172109932771633	0.7719140877435616	-0.3649643189583906	0.7151380411400233	1	3821.281000916311	0.2476151206725175	0.7046523775344882	0.3514003905569713	0.7252879894317537	1	Not DE	B7H3 down, Day21	Yes
mmu-miR-500-3p	5	64.35451629031299	2.906478097121798	2.136272941643821	1.3605368679553274	0.17366009427023446	0.3524278383719464	64.35451629031299	1.6173546877823903	2.126472741898404	0.7605809639198574	0.44690739337975666	0.6536854410629277	Not DE	48.829139908570824	-1.443949499081456	0.5392569497599524	-2.6776650717700035	0.00741373109965602	0.03761112362752323	48.829139908570824	-1.1779814925460963	0.5400179741153662	-2.18137460049513	0.02915572071040411	0.13680761256420393	B7H3 downregulated	69.6581220235091	0.21489961188785112	1.2880640416494948	0.16683922921460542	0.8674965508117365	1	69.6581220235091	-0.04260496410326322	1.178212950903658	-0.03616066524356768	0.971154250050954	1	Not DE	B7H3 down, Day21	Yes
mmu-miR-30e-5p	5	64052.32213112671	-0.16643151061018516	0.2614928215221379	-0.6364668431102425	0.524472185515668	0.7567875310902554	64052.32213112671	-0.47660509897631514	0.24705604747423152	-1.9291375533967696	0.05371378804307984	0.13411340708845412	Not DE	39867.10467880818	-1.1837665061623177	0.35394152749061836	-3.3445256185534618	8.242341701677928e-4	0.00699757989366942	39867.10467880818	-0.8055081386593425	0.3539404500697382	-2.2758295597483427	0.02285621279412943	0.11618574837015797	B7H3 downregulated	46223.63250807972	0.1968835262482279	0.7253109805286863	0.2714470503462082	0.7860472189654633	1	46223.63250807972	0.37658021040744344	0.6621188414768304	0.5687501802055592	0.5695256884479069	1	Not DE	B7H3 down, Day21	Yes
