GO.ID	Term	Annotated	Significant	Expected	classicFisher	fdr	Genes	gene_ratio	miRNA	class
GO:0043368	positive T cell selection	48	9	1.62	2.8e-5	0.00137610191082802	Batf, Bcl11b, Bcl2, Braf, Brd2, Brd4, Cd1d1, Cd3d, Cd3e, Cd3g, Cd69, Cd74, Ctsl, Cyld, Dock2, Ep300, Foxn1, Foxp3, H2-DMa, Il23a, Il4, Il6, Il6ra, Irf4, Itpkb, Lgals1, Loxl3, Ly9, Mtor, Nfatc3, Opa1, Otud5, Ptpn2, Ptprc, Shh, Skint1, Slamf6, Spn, Srf, Stat3, Stat6, Stk11, Tbx21, Tgfb1, Themis, Tnfsf18, Tox, Zap70	0.1875	mmu-miR-106b-5p	T cell
responses
GO:0045058	T cell selection	65	10	2.2	6.1e-5	0.00272855652173913	Aire, Atg5, Batf, Bcl11b, Bcl2, Braf, Brd2, Brd4, Btnl1, Btnl6, Card11, Ccr7, Cd1d1, Cd28, Cd3d, Cd3e, Cd3g, Cd4, Cd69, Cd74, Ctsl, Cyld, Dock2, Ep300, Fas, Foxn1, Foxp3, Gata3, Gli3, H2-DMa, Il15, Il23a, Il4, Il6, Il6ra, Irf4, Itpkb, Jag2, Lgals1, Loxl3, Ly9, Mink1, Mtor, Nfatc3, Opa1, Otud5, Ptpn2, Ptprc, Rhoa, Shh, Skint1, Slamf6, Spn, Srf, Stat3, Stat6, Stk11, Syk, Tbx21, Tcra-V3.1, Tgfb1, Themis, Tnfsf18, Tox, Zap70	0.15384615384615385	mmu-miR-106b-5p	T cell
responses
GO:0042110	T cell activation	653	11	2.42	3.2e-5	0.01029666666666666	Abl1, Abl2, Actb, Actl6a, Actl6b, Ada, Adam17, Adam8, Adk, Adora2a, Adrm1, Ager, Aif1, Aire, Alkbh5, Ambra1, Anxa1, Ap3b1, Ap3d1, Apbb1ip, Apc, Arg1, Arg2, Arid1a, Arid2, Armc5, Ascl2, Atf2, Atg5, Atp7a, Azi2, B2m, Bad, Bag6, Batf, Bax, Bcl10, Bcl11a, Bcl11b, Bcl2, Bcl2a1d, Bcl3, Bcl6, Bid, Blm, Bmi1, Bmp4, Braf, Brd2, Brd4, Brd7, Btla, Btn2a2, Btnl1, Btnl2, Btnl6, Card11, Carmil2, Casp3, Cav1, Cbfb, Cblb, Ccdc88b, Ccl19, Ccl19-ps1, Ccl19-ps3, Ccl19-ps4, Ccl19-ps5, Ccl19-ps6, Ccl2, Ccl21a, Ccl21b, Ccl21d, Ccl21e, Ccl21f, Ccl5, Ccnd3, Ccr2, Ccr6, Ccr7, Ccr9, Cd151, Cd160, Cd1d1, Cd1d2, Cd209a, Cd209c, Cd209d, Cd209e, Cd244a, Cd24a, Cd27, Cd274, Cd276, Cd28, Cd300a, Cd37, Cd3d, Cd3e, Cd3g, Cd4, Cd40lg, Cd44, Cd46, Cd47, Cd48, Cd5, Cd55, Cd55b, Cd59a, Cd59b, Cd6, Cd69, Cd70, Cd74, Cd80, Cd81, Cd83, Cd84, Cd86, Cd8a, Cd8b1, Cdh26, Cdk6, Cdkn2a, Ceacam1, Ceacam11, Ceacam12, Ceacam13, Ceacam14, Ceacam15, Ceacam23, Ceacam3, Ceacam5, Cebpb, Cgas, Chd7, Chrna7, Clec2i, Clec4a2, Clec4a3, Clec4a4, Clec4d, Clec4e, Clec4f, Clec4g, Clptm1, Coro1a, Cracr2a, Crip3, Crtam, Csk, Ctla2a, Ctla4, Ctnnb1, Ctps1, Ctsg, Ctsl, Cul4a, Cxadr, Cxcl12, Cxcr4, Cyld, Cyp26b1, Cyrib, Dapl1, Dcaf12, Ddost, Dhps, Dicer1, Dlg1, Dlg5, Dll4, Dnaja3, Dock2, Dock8, Dpp4, Drosha, Dtx1, Dusp10, Dusp22, Dusp3, Duxbl1, Ebi3, Efnb1, Efnb2, Efnb3, Egr1, Egr3, Eif2ak4, Elf4, Enpp1, Entpd7, Eomes, Ep300, Ephb4, Ephb6, Epo, Erbb2, F2rl1, Fadd, Fanca, Fancd2, Fas, Fbxo38, Fcer1g, Fcho1, Fgl1, Fgl2, Fkbp1a, Fkbp1b, Flot2, Flt3, Fosl2, Foxj1, Foxn1, Foxo3, Foxp1, Foxp3, Fut7, Fyn, Fzd5, Fzd7, Fzd8, Gadd45g, Gata3, Gba1, Gimap1, Gimap3, Gimap5, Gja1, Gli3, Glmn, Gm13271, Gm13272, Gm13275, Gm13276, Gm13277, Gm13283, Gnrh1, Gpam, Gpnmb, Gpr18, Gpr183, Gpr89, Grb2, Gsn, H2-Aa, H2-Ab1, H2-DMa, H2-DMb1, H2-DMb2, H2-Ea, H2-Eb1, H2-Eb2, H2-M3, H2-Oa, H2-Ob, H2-T23, Havcr2, Hes1, Hfe, Hlx, Hmga1, Hmgb1, Hs1bp3, Hsh2d, Hsp90aa1, Hspb1, Hspd1, Hsph1, Icam1, Icos, Icosl, Ido1, Ifna1, Ifna11, Ifna12, Ifna13, Ifna14, Ifna15, Ifna16, Ifna2, Ifna4, Ifna5, Ifna6, Ifna7, Ifna9, Ifnab, Ifnar1, Ifnar2, Ifnb1, Ifne, Ifng, Ifnk, Ifnz, Igf1, Igf2, Igfbp2, Igtp, Ihh, Ikzf1, Ikzf3, Il12a, Il12b, Il12rb1, Il15, Il18, Il18r1, Il1a, Il1b, Il1rl2, Il2, Il20rb, Il21, Il23a, Il27, Il2ra, Il2rg, Il3, Il36b, Il4, Il4i1, Il4i1b, Il4ra, Il6, Il6ra, Il6st, Il7, Il7r, Ildr2, Ins1, Ins2, Irf1, Irf4, Irgm1, Israa, Itch, Itgad, Itgal, Itgam, Itgav, Itgb2, Itk, Itpkb, Jag2, Jak2, Jak3, Jaml, Jmjd6, Kat2a, Kat5, Kat7, Kcnk18, Kdelr1, Kit, Kitl, Klhl22, Klhl25, Kmt2a, Lag3, Laptm5, Lat, Lax1, Lck, Lcp1, Lef1, Lep, Lepr, Lfng, Lgals1, Lgals3, Lgals8, Lgals9, Lig4, Lilrb4a, Lilrb4b, Lipa, Lmbr1l, Lmo1, Loxl3, Lrrc32, Ly9, Mad1l1, Mafb, Malt1, Mapk8ip1, Marchf7, Mdk, Men1, Mettl3, Mill1, Mink1, Mir301, Mir326, Mir873a, Mpzl2, Mr1, Msn, Mtor, Muc19, Myb, Myc, Myh9, Ncaph2, Nck1, Nck2, Nckap1l, Ncor1, Ncstn, Ndfip1, Nedd4, Nfatc3, Nfkbid, Nfkbiz, Nhej1, Nkap, Nkg7, Nkx2-3, Nlrc3, Nlrp3, Nrarp, Opa1, Otud5, P2rx7, Pag1, Patz1, Pawr, Pax1, Pbrm1, Pck1, Pdcd1, Pdcd1lg2, Pde5a, Peli1, Pf4, Phf10, Pik3r6, Pknox1, Pla2g2d, Pla2g2f, Pla2g5, Plxna1, Pnp, Ppp3ca, Ppp3cb, Prdm1, Prdx2, Prelid1, Prex1, Prkaa1, Prkar1a, Prkcq, Prkcz, Prkdc, Prnp, Prr7, Psap, Psen1, Psen2, Psg16, Psg17, Psg19, Psg21, Psg23, Psg25, Psg26, Psg27, Psg28, Psmb10, Psmb11, Pten, Ptger4, Ptpn2, Ptpn22, Ptpn6, Ptprc, Pycard, Rab27a, Rab29, Rabl3, Rac2, Rag1, Rag2, Rara, Rasal3, Rasgrp1, Rbx1, Rbx1-ps, Rc3h1, Rc3h2, Relb, Rhoa, Rhoh, Ripk2, Ripk3, Ripor2, Rora, Rorc, Rpl22, Rps3, Rps6, Rsad2, Runx1, Runx2, Runx3, Sart1, Sash3, Satb1, Scart2, Scgb1a1, Scrib, Sdc4, Selenok, Sema4a, Sema6d, Sftpd, Sh2b3, Sh2d2a, Sh3rf1, Shb, Shh, Sirpa, Sit1, Skint1, Sla2, Slamf1, Slamf6, Slamf7, Slamf9, Slc11a1, Slc46a2, Slc4a1, Slc4a2, Slc7a1, Slfn1, Slfn2, Smad3, Smad7, Smarca2, Smarca4, Smarcb1, Smarcc1, Smarcc2, Smarcd1, Smarcd2, Smarcd3, Smarce1, Socs1, Socs5, Socs6, Sos1, Sos2, Sox12, Sox13, Sox4, Sp3, Spi1, Spn, Spta1, Srf, Stat3, Stat4, Stat5a, Stat5b, Stat6, Stk11, Stoml2, Stx11, Syk, Tarm1, Tbx21, Tcf3, Tcf7, Tcirg1, Tcra, Tcra-V3.1, Tcrb, Tespa1, Tfrc, Tgfb1, Tgfbr2, Themis, Thy1, Tigit, Tmem131l, Tmem98, Tnfaip8l2, Tnfrsf13c, Tnfrsf14, Tnfrsf1b, Tnfrsf21, Tnfrsf4, Tnfrsf9, Tnfsf11, Tnfsf13b, Tnfsf14, Tnfsf18, Tnfsf4, Tnfsf8, Tnfsf9, Tox, Traf2, Traf3ip2, Traf6, Traj18, Trem2, Treml2, Trex1, Trp53, Tsc1, Tsc2, Tspan32, Twsg1, Txk, Tyk2, Tyrobp, Ufl1, Usp44, Vav1, Vcam1, Vnn1, Vsig4, Vsir, Vtcn1, Was, Washc1, Wdfy4, Wnt1, Wnt10b, Wnt4, Wwp1, Xbp1, Xcl1, Xrcc4, Ywhag, Zap70, Zbtb1, Zbtb32, Zbtb7b, Zc3h12a, Zc3h12d, Zc3h8, Zeb1, Zfp35, Zfp36l1, Zfp36l2, Zfp608, Zfp609, Zfp683, Zmiz1, Znhit1, Zp3	0.016845329249617153	mmu-miR-32-5p	T cell
responses
GO:0046629	gamma-delta T cell activation	24	7	1.94	0.00224	0.0376593886462882	Alkbh5, Ccr9, Cxadr, Egr3, Gimap3, Gimap5, Gpr18, Itk, Jag2, Jaml, Lck, Lef1, Mill1, Nckap1l, Ptprc, Rorc, Scart2, Skint1, Sox13, Sox4, Stat5a, Stat5b, Syk, Tcf7	0.2916666666666667	mmu-miR-330-5p	T cell
responses
GO:0046631	alpha-beta T cell activation	206	29	16.62	0.00236	0.03916379310344828	Abl1, Abl2, Ada, Adora2a, Ager, Anxa1, Ap3b1, Ap3d1, Arg2, Armc5, Ascl2, Atf2, Atp7a, Bag6, Batf, Bcl11b, Bcl2, Bcl3, Bcl6, Blm, Braf, Brd2, Brd4, Btla, Card11, Cbfb, Cblb, Ccl19, Ccr2, Ccr7, Cd160, Cd1d1, Cd1d2, Cd244a, Cd24a, Cd274, Cd28, Cd300a, Cd3e, Cd44, Cd55, Cd55b, Cd69, Cd80, Cd81, Cd83, Cdh26, Cebpb, Clec4a2, Clec4a3, Clec4a4, Clec4f, Clec4g, Cracr2a, Crtam, Ctsl, Dapl1, Dock2, Elf4, Entpd7, Eomes, Ep300, Fosl2, Foxp1, Foxp3, Fut7, Gadd45g, Gata3, Gimap1, Gimap3, Gimap5, Gli3, Gpr18, Gpr183, H2-Ea, H2-M3, H2-T23, Hfe, Hlx, Hmgb1, Hsph1, Ifng, Igtp, Ihh, Il12a, Il12b, Il15, Il18, Il18r1, Il2, Il21, Il23a, Il27, Il2ra, Il2rg, Il4, Il4ra, Il6, Il6ra, Ins1, Ins2, Irf1, Irf4, Irgm1, Itch, Itk, Itpkb, Jak2, Jak3, Kcnk18, Klhl25, Kmt2a, Lef1, Lgals1, Lgals9, Lilrb4a, Lilrb4b, Loxl3, Ly9, Malt1, Mapk8ip1, Men1, Mir301, Mir326, Mir873a, Mtor, Myb, Myc, Nckap1l, Ncor1, Ndfip1, Nfkbid, Nfkbiz, Nkap, Nkg7, Nkx2-3, Nlrp3, Opa1, Otud5, Pax1, Pf4, Pla2g2d, Pnp, Prdm1, Prkcq, Prkcz, Prr7, Psap, Psmb11, Ptger4, Ptpn22, Ptprc, Rara, Rasal3, Rc3h1, Rc3h2, Relb, Rhoa, Ripk2, Rora, Rorc, Rpl22, Rsad2, Runx1, Runx3, Sash3, Satb1, Sema4a, Sh3rf1, Shb, Shh, Slamf6, Slc4a2, Smad7, Socs1, Socs5, Spn, Stat3, Stat4, Stat6, Stoml2, Syk, Tarm1, Tbx21, Tcf7, Tcirg1, Tgfb1, Tgfbr2, Tmem98, Tnfrsf14, Tnfsf18, Tnfsf4, Tnfsf8, Tox, Traj18, Twsg1, Txk, Tyk2, Vsir, Wdfy4, Xcl1, Zap70, Zbtb7b, Zc3h12a, Zfp35, Zfp683	0.1407766990291262	mmu-miR-330-5p	T cell
responses
GO:0042110	T cell activation	653	43	27.29	0.00239	0.0459219302615193	Abl1, Abl2, Actb, Actl6a, Actl6b, Ada, Adam17, Adam8, Adk, Adora2a, Adrm1, Ager, Aif1, Aire, Alkbh5, Ambra1, Anxa1, Ap3b1, Ap3d1, Apbb1ip, Apc, Arg1, Arg2, Arid1a, Arid2, Armc5, Ascl2, Atf2, Atg5, Atp7a, Azi2, B2m, Bad, Bag6, Batf, Bax, Bcl10, Bcl11a, Bcl11b, Bcl2, Bcl2a1d, Bcl3, Bcl6, Bid, Blm, Bmi1, Bmp4, Braf, Brd2, Brd4, Brd7, Btla, Btn2a2, Btnl1, Btnl2, Btnl6, Card11, Carmil2, Casp3, Cav1, Cbfb, Cblb, Ccdc88b, Ccl19, Ccl19-ps1, Ccl19-ps3, Ccl19-ps4, Ccl19-ps5, Ccl19-ps6, Ccl2, Ccl21a, Ccl21b, Ccl21d, Ccl21e, Ccl21f, Ccl5, Ccnd3, Ccr2, Ccr6, Ccr7, Ccr9, Cd151, Cd160, Cd1d1, Cd1d2, Cd209a, Cd209c, Cd209d, Cd209e, Cd244a, Cd24a, Cd27, Cd274, Cd276, Cd28, Cd300a, Cd37, Cd3d, Cd3e, Cd3g, Cd4, Cd40lg, Cd44, Cd46, Cd47, Cd48, Cd5, Cd55, Cd55b, Cd59a, Cd59b, Cd6, Cd69, Cd70, Cd74, Cd80, Cd81, Cd83, Cd84, Cd86, Cd8a, Cd8b1, Cdh26, Cdk6, Cdkn2a, Ceacam1, Ceacam11, Ceacam12, Ceacam13, Ceacam14, Ceacam15, Ceacam23, Ceacam3, Ceacam5, Cebpb, Cgas, Chd7, Chrna7, Clec2i, Clec4a2, Clec4a3, Clec4a4, Clec4d, Clec4e, Clec4f, Clec4g, Clptm1, Coro1a, Cracr2a, Crip3, Crtam, Csk, Ctla2a, Ctla4, Ctnnb1, Ctps1, Ctsg, Ctsl, Cul4a, Cxadr, Cxcl12, Cxcr4, Cyld, Cyp26b1, Cyrib, Dapl1, Dcaf12, Ddost, Dhps, Dicer1, Dlg1, Dlg5, Dll4, Dnaja3, Dock2, Dock8, Dpp4, Drosha, Dtx1, Dusp10, Dusp22, Dusp3, Duxbl1, Ebi3, Efnb1, Efnb2, Efnb3, Egr1, Egr3, Eif2ak4, Elf4, Enpp1, Entpd7, Eomes, Ep300, Ephb4, Ephb6, Epo, Erbb2, F2rl1, Fadd, Fanca, Fancd2, Fas, Fbxo38, Fcer1g, Fcho1, Fgl1, Fgl2, Fkbp1a, Fkbp1b, Flot2, Flt3, Fosl2, Foxj1, Foxn1, Foxo3, Foxp1, Foxp3, Fut7, Fyn, Fzd5, Fzd7, Fzd8, Gadd45g, Gata3, Gba1, Gimap1, Gimap3, Gimap5, Gja1, Gli3, Glmn, Gm13271, Gm13272, Gm13275, Gm13276, Gm13277, Gm13283, Gnrh1, Gpam, Gpnmb, Gpr18, Gpr183, Gpr89, Grb2, Gsn, H2-Aa, H2-Ab1, H2-DMa, H2-DMb1, H2-DMb2, H2-Ea, H2-Eb1, H2-Eb2, H2-M3, H2-Oa, H2-Ob, H2-T23, Havcr2, Hes1, Hfe, Hlx, Hmga1, Hmgb1, Hs1bp3, Hsh2d, Hsp90aa1, Hspb1, Hspd1, Hsph1, Icam1, Icos, Icosl, Ido1, Ifna1, Ifna11, Ifna12, Ifna13, Ifna14, Ifna15, Ifna16, Ifna2, Ifna4, Ifna5, Ifna6, Ifna7, Ifna9, Ifnab, Ifnar1, Ifnar2, Ifnb1, Ifne, Ifng, Ifnk, Ifnz, Igf1, Igf2, Igfbp2, Igtp, Ihh, Ikzf1, Ikzf3, Il12a, Il12b, Il12rb1, Il15, Il18, Il18r1, Il1a, Il1b, Il1rl2, Il2, Il20rb, Il21, Il23a, Il27, Il2ra, Il2rg, Il3, Il36b, Il4, Il4i1, Il4i1b, Il4ra, Il6, Il6ra, Il6st, Il7, Il7r, Ildr2, Ins1, Ins2, Irf1, Irf4, Irgm1, Israa, Itch, Itgad, Itgal, Itgam, Itgav, Itgb2, Itk, Itpkb, Jag2, Jak2, Jak3, Jaml, Jmjd6, Kat2a, Kat5, Kat7, Kcnk18, Kdelr1, Kit, Kitl, Klhl22, Klhl25, Kmt2a, Lag3, Laptm5, Lat, Lax1, Lck, Lcp1, Lef1, Lep, Lepr, Lfng, Lgals1, Lgals3, Lgals8, Lgals9, Lig4, Lilrb4a, Lilrb4b, Lipa, Lmbr1l, Lmo1, Loxl3, Lrrc32, Ly9, Mad1l1, Mafb, Malt1, Mapk8ip1, Marchf7, Mdk, Men1, Mettl3, Mill1, Mink1, Mir301, Mir326, Mir873a, Mpzl2, Mr1, Msn, Mtor, Muc19, Myb, Myc, Myh9, Ncaph2, Nck1, Nck2, Nckap1l, Ncor1, Ncstn, Ndfip1, Nedd4, Nfatc3, Nfkbid, Nfkbiz, Nhej1, Nkap, Nkg7, Nkx2-3, Nlrc3, Nlrp3, Nrarp, Opa1, Otud5, P2rx7, Pag1, Patz1, Pawr, Pax1, Pbrm1, Pck1, Pdcd1, Pdcd1lg2, Pde5a, Peli1, Pf4, Phf10, Pik3r6, Pknox1, Pla2g2d, Pla2g2f, Pla2g5, Plxna1, Pnp, Ppp3ca, Ppp3cb, Prdm1, Prdx2, Prelid1, Prex1, Prkaa1, Prkar1a, Prkcq, Prkcz, Prkdc, Prnp, Prr7, Psap, Psen1, Psen2, Psg16, Psg17, Psg19, Psg21, Psg23, Psg25, Psg26, Psg27, Psg28, Psmb10, Psmb11, Pten, Ptger4, Ptpn2, Ptpn22, Ptpn6, Ptprc, Pycard, Rab27a, Rab29, Rabl3, Rac2, Rag1, Rag2, Rara, Rasal3, Rasgrp1, Rbx1, Rbx1-ps, Rc3h1, Rc3h2, Relb, Rhoa, Rhoh, Ripk2, Ripk3, Ripor2, Rora, Rorc, Rpl22, Rps3, Rps6, Rsad2, Runx1, Runx2, Runx3, Sart1, Sash3, Satb1, Scart2, Scgb1a1, Scrib, Sdc4, Selenok, Sema4a, Sema6d, Sftpd, Sh2b3, Sh2d2a, Sh3rf1, Shb, Shh, Sirpa, Sit1, Skint1, Sla2, Slamf1, Slamf6, Slamf7, Slamf9, Slc11a1, Slc46a2, Slc4a1, Slc4a2, Slc7a1, Slfn1, Slfn2, Smad3, Smad7, Smarca2, Smarca4, Smarcb1, Smarcc1, Smarcc2, Smarcd1, Smarcd2, Smarcd3, Smarce1, Socs1, Socs5, Socs6, Sos1, Sos2, Sox12, Sox13, Sox4, Sp3, Spi1, Spn, Spta1, Srf, Stat3, Stat4, Stat5a, Stat5b, Stat6, Stk11, Stoml2, Stx11, Syk, Tarm1, Tbx21, Tcf3, Tcf7, Tcirg1, Tcra, Tcra-V3.1, Tcrb, Tespa1, Tfrc, Tgfb1, Tgfbr2, Themis, Thy1, Tigit, Tmem131l, Tmem98, Tnfaip8l2, Tnfrsf13c, Tnfrsf14, Tnfrsf1b, Tnfrsf21, Tnfrsf4, Tnfrsf9, Tnfsf11, Tnfsf13b, Tnfsf14, Tnfsf18, Tnfsf4, Tnfsf8, Tnfsf9, Tox, Traf2, Traf3ip2, Traf6, Traj18, Trem2, Treml2, Trex1, Trp53, Tsc1, Tsc2, Tspan32, Twsg1, Txk, Tyk2, Tyrobp, Ufl1, Usp44, Vav1, Vcam1, Vnn1, Vsig4, Vsir, Vtcn1, Was, Washc1, Wdfy4, Wnt1, Wnt10b, Wnt4, Wwp1, Xbp1, Xcl1, Xrcc4, Ywhag, Zap70, Zbtb1, Zbtb32, Zbtb7b, Zc3h12a, Zc3h12d, Zc3h8, Zeb1, Zfp35, Zfp36l1, Zfp36l2, Zfp608, Zfp609, Zfp683, Zmiz1, Znhit1, Zp3	0.06584992343032159	mmu-miR-490-3p	T cell
responses
GO:0042110	T cell activation	653	67	40.13	2.9e-5	8.106842105263159e-4	Abl1, Abl2, Actb, Actl6a, Actl6b, Ada, Adam17, Adam8, Adk, Adora2a, Adrm1, Ager, Aif1, Aire, Alkbh5, Ambra1, Anxa1, Ap3b1, Ap3d1, Apbb1ip, Apc, Arg1, Arg2, Arid1a, Arid2, Armc5, Ascl2, Atf2, Atg5, Atp7a, Azi2, B2m, Bad, Bag6, Batf, Bax, Bcl10, Bcl11a, Bcl11b, Bcl2, Bcl2a1d, Bcl3, Bcl6, Bid, Blm, Bmi1, Bmp4, Braf, Brd2, Brd4, Brd7, Btla, Btn2a2, Btnl1, Btnl2, Btnl6, Card11, Carmil2, Casp3, Cav1, Cbfb, Cblb, Ccdc88b, Ccl19, Ccl19-ps1, Ccl19-ps3, Ccl19-ps4, Ccl19-ps5, Ccl19-ps6, Ccl2, Ccl21a, Ccl21b, Ccl21d, Ccl21e, Ccl21f, Ccl5, Ccnd3, Ccr2, Ccr6, Ccr7, Ccr9, Cd151, Cd160, Cd1d1, Cd1d2, Cd209a, Cd209c, Cd209d, Cd209e, Cd244a, Cd24a, Cd27, Cd274, Cd276, Cd28, Cd300a, Cd37, Cd3d, Cd3e, Cd3g, Cd4, Cd40lg, Cd44, Cd46, Cd47, Cd48, Cd5, Cd55, Cd55b, Cd59a, Cd59b, Cd6, Cd69, Cd70, Cd74, Cd80, Cd81, Cd83, Cd84, Cd86, Cd8a, Cd8b1, Cdh26, Cdk6, Cdkn2a, Ceacam1, Ceacam11, Ceacam12, Ceacam13, Ceacam14, Ceacam15, Ceacam23, Ceacam3, Ceacam5, Cebpb, Cgas, Chd7, Chrna7, Clec2i, Clec4a2, Clec4a3, Clec4a4, Clec4d, Clec4e, Clec4f, Clec4g, Clptm1, Coro1a, Cracr2a, Crip3, Crtam, Csk, Ctla2a, Ctla4, Ctnnb1, Ctps1, Ctsg, Ctsl, Cul4a, Cxadr, Cxcl12, Cxcr4, Cyld, Cyp26b1, Cyrib, Dapl1, Dcaf12, Ddost, Dhps, Dicer1, Dlg1, Dlg5, Dll4, Dnaja3, Dock2, Dock8, Dpp4, Drosha, Dtx1, Dusp10, Dusp22, Dusp3, Duxbl1, Ebi3, Efnb1, Efnb2, Efnb3, Egr1, Egr3, Eif2ak4, Elf4, Enpp1, Entpd7, Eomes, Ep300, Ephb4, Ephb6, Epo, Erbb2, F2rl1, Fadd, Fanca, Fancd2, Fas, Fbxo38, Fcer1g, Fcho1, Fgl1, Fgl2, Fkbp1a, Fkbp1b, Flot2, Flt3, Fosl2, Foxj1, Foxn1, Foxo3, Foxp1, Foxp3, Fut7, Fyn, Fzd5, Fzd7, Fzd8, Gadd45g, Gata3, Gba1, Gimap1, Gimap3, Gimap5, Gja1, Gli3, Glmn, Gm13271, Gm13272, Gm13275, Gm13276, Gm13277, Gm13283, Gnrh1, Gpam, Gpnmb, Gpr18, Gpr183, Gpr89, Grb2, Gsn, H2-Aa, H2-Ab1, H2-DMa, H2-DMb1, H2-DMb2, H2-Ea, H2-Eb1, H2-Eb2, H2-M3, H2-Oa, H2-Ob, H2-T23, Havcr2, Hes1, Hfe, Hlx, Hmga1, Hmgb1, Hs1bp3, Hsh2d, Hsp90aa1, Hspb1, Hspd1, Hsph1, Icam1, Icos, Icosl, Ido1, Ifna1, Ifna11, Ifna12, Ifna13, Ifna14, Ifna15, Ifna16, Ifna2, Ifna4, Ifna5, Ifna6, Ifna7, Ifna9, Ifnab, Ifnar1, Ifnar2, Ifnb1, Ifne, Ifng, Ifnk, Ifnz, Igf1, Igf2, Igfbp2, Igtp, Ihh, Ikzf1, Ikzf3, Il12a, Il12b, Il12rb1, Il15, Il18, Il18r1, Il1a, Il1b, Il1rl2, Il2, Il20rb, Il21, Il23a, Il27, Il2ra, Il2rg, Il3, Il36b, Il4, Il4i1, Il4i1b, Il4ra, Il6, Il6ra, Il6st, Il7, Il7r, Ildr2, Ins1, Ins2, Irf1, Irf4, Irgm1, Israa, Itch, Itgad, Itgal, Itgam, Itgav, Itgb2, Itk, Itpkb, Jag2, Jak2, Jak3, Jaml, Jmjd6, Kat2a, Kat5, Kat7, Kcnk18, Kdelr1, Kit, Kitl, Klhl22, Klhl25, Kmt2a, Lag3, Laptm5, Lat, Lax1, Lck, Lcp1, Lef1, Lep, Lepr, Lfng, Lgals1, Lgals3, Lgals8, Lgals9, Lig4, Lilrb4a, Lilrb4b, Lipa, Lmbr1l, Lmo1, Loxl3, Lrrc32, Ly9, Mad1l1, Mafb, Malt1, Mapk8ip1, Marchf7, Mdk, Men1, Mettl3, Mill1, Mink1, Mir301, Mir326, Mir873a, Mpzl2, Mr1, Msn, Mtor, Muc19, Myb, Myc, Myh9, Ncaph2, Nck1, Nck2, Nckap1l, Ncor1, Ncstn, Ndfip1, Nedd4, Nfatc3, Nfkbid, Nfkbiz, Nhej1, Nkap, Nkg7, Nkx2-3, Nlrc3, Nlrp3, Nrarp, Opa1, Otud5, P2rx7, Pag1, Patz1, Pawr, Pax1, Pbrm1, Pck1, Pdcd1, Pdcd1lg2, Pde5a, Peli1, Pf4, Phf10, Pik3r6, Pknox1, Pla2g2d, Pla2g2f, Pla2g5, Plxna1, Pnp, Ppp3ca, Ppp3cb, Prdm1, Prdx2, Prelid1, Prex1, Prkaa1, Prkar1a, Prkcq, Prkcz, Prkdc, Prnp, Prr7, Psap, Psen1, Psen2, Psg16, Psg17, Psg19, Psg21, Psg23, Psg25, Psg26, Psg27, Psg28, Psmb10, Psmb11, Pten, Ptger4, Ptpn2, Ptpn22, Ptpn6, Ptprc, Pycard, Rab27a, Rab29, Rabl3, Rac2, Rag1, Rag2, Rara, Rasal3, Rasgrp1, Rbx1, Rbx1-ps, Rc3h1, Rc3h2, Relb, Rhoa, Rhoh, Ripk2, Ripk3, Ripor2, Rora, Rorc, Rpl22, Rps3, Rps6, Rsad2, Runx1, Runx2, Runx3, Sart1, Sash3, Satb1, Scart2, Scgb1a1, Scrib, Sdc4, Selenok, Sema4a, Sema6d, Sftpd, Sh2b3, Sh2d2a, Sh3rf1, Shb, Shh, Sirpa, Sit1, Skint1, Sla2, Slamf1, Slamf6, Slamf7, Slamf9, Slc11a1, Slc46a2, Slc4a1, Slc4a2, Slc7a1, Slfn1, Slfn2, Smad3, Smad7, Smarca2, Smarca4, Smarcb1, Smarcc1, Smarcc2, Smarcd1, Smarcd2, Smarcd3, Smarce1, Socs1, Socs5, Socs6, Sos1, Sos2, Sox12, Sox13, Sox4, Sp3, Spi1, Spn, Spta1, Srf, Stat3, Stat4, Stat5a, Stat5b, Stat6, Stk11, Stoml2, Stx11, Syk, Tarm1, Tbx21, Tcf3, Tcf7, Tcirg1, Tcra, Tcra-V3.1, Tcrb, Tespa1, Tfrc, Tgfb1, Tgfbr2, Themis, Thy1, Tigit, Tmem131l, Tmem98, Tnfaip8l2, Tnfrsf13c, Tnfrsf14, Tnfrsf1b, Tnfrsf21, Tnfrsf4, Tnfrsf9, Tnfsf11, Tnfsf13b, Tnfsf14, Tnfsf18, Tnfsf4, Tnfsf8, Tnfsf9, Tox, Traf2, Traf3ip2, Traf6, Traj18, Trem2, Treml2, Trex1, Trp53, Tsc1, Tsc2, Tspan32, Twsg1, Txk, Tyk2, Tyrobp, Ufl1, Usp44, Vav1, Vcam1, Vnn1, Vsig4, Vsir, Vtcn1, Was, Washc1, Wdfy4, Wnt1, Wnt10b, Wnt4, Wwp1, Xbp1, Xcl1, Xrcc4, Ywhag, Zap70, Zbtb1, Zbtb32, Zbtb7b, Zc3h12a, Zc3h12d, Zc3h8, Zeb1, Zfp35, Zfp36l1, Zfp36l2, Zfp608, Zfp609, Zfp683, Zmiz1, Znhit1, Zp3	0.10260336906584992	mmu-miR-672-5p	T cell
responses
GO:0050863	regulation of T cell activation	391	40	24.03	0.00115	0.01695066985645933	Abl1, Abl2, Actb, Actl6a, Actl6b, Ada, Adam8, Adk, Adora2a, Adrm1, Ager, Aif1, Ambra1, Anxa1, Ap3b1, Ap3d1, Arg1, Arg2, Arid1a, Arid2, Ascl2, B2m, Bad, Bcl10, Bcl6, Bid, Blm, Bmi1, Bmp4, Braf, Brd2, Brd4, Brd7, Btla, Btn2a2, Btnl2, Card11, Carmil2, Casp3, Cav1, Cbfb, Cblb, Ccdc88b, Ccl19, Ccl2, Ccl21a, Ccl5, Ccr2, Ccr7, Cd160, Cd1d1, Cd1d2, Cd209a, Cd209c, Cd209d, Cd209e, Cd244a, Cd24a, Cd27, Cd274, Cd276, Cd28, Cd300a, Cd37, Cd3e, Cd4, Cd40lg, Cd44, Cd46, Cd47, Cd5, Cd55, Cd55b, Cd59a, Cd59b, Cd6, Cd69, Cd74, Cd80, Cd81, Cd83, Cd86, Cdkn2a, Ceacam1, Cebpb, Cgas, Clec2i, Clec4g, Clptm1, Coro1a, Crtam, Csk, Ctla2a, Ctla4, Ctnnb1, Ctsg, Cyld, Cyp26b1, Cyrib, Dapl1, Dhps, Dicer1, Dlg1, Dlg5, Dnaja3, Dock8, Dpp4, Drosha, Dtx1, Dusp10, Dusp22, Dusp3, Duxbl1, Efnb1, Efnb2, Efnb3, Egr3, Ep300, Ephb4, Ephb6, Epo, Erbb2, Fadd, Fanca, Fancd2, Fas, Fbxo38, Fcho1, Fgl1, Fgl2, Flot2, Foxj1, Foxn1, Foxo3, Foxp3, Gata3, Gimap3, Gimap5, Gli3, Glmn, Gnrh1, Gpam, Gpnmb, H2-Aa, H2-Ab1, H2-DMa, H2-DMb1, H2-DMb2, H2-Ea, H2-Eb1, H2-Eb2, H2-M3, H2-Oa, H2-Ob, H2-T23, Havcr2, Hes1, Hfe, Hlx, Hmgb1, Hsp90aa1, Hspb1, Hspd1, Hsph1, Icos, Icosl, Ido1, Ifnb1, Ifng, Igf1, Igf2, Igfbp2, Ihh, Il12a, Il12b, Il12rb1, Il15, Il18, Il1a, Il1b, Il1rl2, Il2, Il20rb, Il21, Il23a, Il27, Il2ra, Il2rg, Il3, Il36b, Il4, Il4i1, Il4i1b, Il4ra, Il6, Il6st, Il7, Il7r, Ildr2, Irf1, Irgm1, Itch, Itgal, Itpkb, Jak2, Jak3, Kat2a, Kat5, Kcnk18, Kitl, Klhl22, Klhl25, Lag3, Laptm5, Lat, Lax1, Lck, Lef1, Lep, Lgals1, Lgals3, Lgals8, Lgals9, Lilrb4a, Lilrb4b, Lmo1, Loxl3, Lrrc32, Mad1l1, Malt1, Mapk8ip1, Marchf7, Mdk, Mettl3, Mir301, Mir326, Nck1, Nck2, Nckap1l, Ndfip1, Nfkbid, Nfkbiz, Nkap, Nlrp3, Nrarp, Opa1, Pag1, Pawr, Pbrm1, Pck1, Pdcd1, Pdcd1lg2, Pde5a, Peli1, Pf4, Phf10, Pik3r6, Pla2g2d, Pla2g2f, Pla2g5, Pnp, Ppp3ca, Prdm1, Prdx2, Prelid1, Prkaa1, Prkar1a, Prkcq, Prkcz, Prnp, Pten, Ptpn2, Ptpn22, Ptpn6, Ptprc, Pycard, Rac2, Rag1, Rag2, Rara, Rasal3, Rasgrp1, Rc3h1, Rc3h2, Rhoa, Rhoh, Ripk2, Ripk3, Ripor2, Rorc, Rps3, Runx1, Runx3, Sart1, Sash3, Scgb1a1, Scrib, Sdc4, Selenok, Sftpd, Sh2b3, Sh3rf1, Shb, Shh, Sirpa, Sit1, Skint1, Slamf1, Slc46a2, Slc4a1, Slc4a2, Slc7a1, Slfn1, Smad7, Smarca2, Smarca4, Smarcb1, Smarcc1, Smarcc2, Smarcd1, Smarcd2, Smarcd3, Smarce1, Socs1, Socs5, Socs6, Sos1, Sos2, Sox12, Sox13, Sox4, Spn, Spta1, Stat5a, Stat5b, Syk, Tarm1, Tbx21, Tcf7, Tcrb, Tespa1, Tfrc, Tgfb1, Tgfbr2, Thy1, Tigit, Tmem131l, Tnfaip8l2, Tnfrsf13c, Tnfrsf14, Tnfrsf1b, Tnfrsf21, Tnfrsf9, Tnfsf11, Tnfsf13b, Tnfsf14, Tnfsf18, Tnfsf4, Tnfsf9, Tox, Traf6, Trex1, Tsc2, Tspan32, Twsg1, Tyk2, Ufl1, Vav1, Vcam1, Vnn1, Vsig4, Vsir, Vtcn1, Wnt10b, Xbp1, Xcl1, Ywhag, Zap70, Zbtb1, Zbtb7b, Zc3h12a, Zc3h12d, Zc3h8, Zeb1, Zfp35, Zfp608, Zfp609, Zfp683, Zmiz1, Znhit1, Zp3	0.10230179028132992	mmu-miR-672-5p	T cell
responses
GO:0042110	T cell activation	653	155	94.58	1.5e-10	6.933081570996978e-9	Abl1, Abl2, Actb, Actl6a, Actl6b, Ada, Adam17, Adam8, Adk, Adora2a, Adrm1, Ager, Aif1, Aire, Alkbh5, Ambra1, Anxa1, Ap3b1, Ap3d1, Apbb1ip, Apc, Arg1, Arg2, Arid1a, Arid2, Armc5, Ascl2, Atf2, Atg5, Atp7a, Azi2, B2m, Bad, Bag6, Batf, Bax, Bcl10, Bcl11a, Bcl11b, Bcl2, Bcl2a1d, Bcl3, Bcl6, Bid, Blm, Bmi1, Bmp4, Braf, Brd2, Brd4, Brd7, Btla, Btn2a2, Btnl1, Btnl2, Btnl6, Card11, Carmil2, Casp3, Cav1, Cbfb, Cblb, Ccdc88b, Ccl19, Ccl19-ps1, Ccl19-ps3, Ccl19-ps4, Ccl19-ps5, Ccl19-ps6, Ccl2, Ccl21a, Ccl21b, Ccl21d, Ccl21e, Ccl21f, Ccl5, Ccnd3, Ccr2, Ccr6, Ccr7, Ccr9, Cd151, Cd160, Cd1d1, Cd1d2, Cd209a, Cd209c, Cd209d, Cd209e, Cd244a, Cd24a, Cd27, Cd274, Cd276, Cd28, Cd300a, Cd37, Cd3d, Cd3e, Cd3g, Cd4, Cd40lg, Cd44, Cd46, Cd47, Cd48, Cd5, Cd55, Cd55b, Cd59a, Cd59b, Cd6, Cd69, Cd70, Cd74, Cd80, Cd81, Cd83, Cd84, Cd86, Cd8a, Cd8b1, Cdh26, Cdk6, Cdkn2a, Ceacam1, Ceacam11, Ceacam12, Ceacam13, Ceacam14, Ceacam15, Ceacam23, Ceacam3, Ceacam5, Cebpb, Cgas, Chd7, Chrna7, Clec2i, Clec4a2, Clec4a3, Clec4a4, Clec4d, Clec4e, Clec4f, Clec4g, Clptm1, Coro1a, Cracr2a, Crip3, Crtam, Csk, Ctla2a, Ctla4, Ctnnb1, Ctps1, Ctsg, Ctsl, Cul4a, Cxadr, Cxcl12, Cxcr4, Cyld, Cyp26b1, Cyrib, Dapl1, Dcaf12, Ddost, Dhps, Dicer1, Dlg1, Dlg5, Dll4, Dnaja3, Dock2, Dock8, Dpp4, Drosha, Dtx1, Dusp10, Dusp22, Dusp3, Duxbl1, Ebi3, Efnb1, Efnb2, Efnb3, Egr1, Egr3, Eif2ak4, Elf4, Enpp1, Entpd7, Eomes, Ep300, Ephb4, Ephb6, Epo, Erbb2, F2rl1, Fadd, Fanca, Fancd2, Fas, Fbxo38, Fcer1g, Fcho1, Fgl1, Fgl2, Fkbp1a, Fkbp1b, Flot2, Flt3, Fosl2, Foxj1, Foxn1, Foxo3, Foxp1, Foxp3, Fut7, Fyn, Fzd5, Fzd7, Fzd8, Gadd45g, Gata3, Gba1, Gimap1, Gimap3, Gimap5, Gja1, Gli3, Glmn, Gm13271, Gm13272, Gm13275, Gm13276, Gm13277, Gm13283, Gnrh1, Gpam, Gpnmb, Gpr18, Gpr183, Gpr89, Grb2, Gsn, H2-Aa, H2-Ab1, H2-DMa, H2-DMb1, H2-DMb2, H2-Ea, H2-Eb1, H2-Eb2, H2-M3, H2-Oa, H2-Ob, H2-T23, Havcr2, Hes1, Hfe, Hlx, Hmga1, Hmgb1, Hs1bp3, Hsh2d, Hsp90aa1, Hspb1, Hspd1, Hsph1, Icam1, Icos, Icosl, Ido1, Ifna1, Ifna11, Ifna12, Ifna13, Ifna14, Ifna15, Ifna16, Ifna2, Ifna4, Ifna5, Ifna6, Ifna7, Ifna9, Ifnab, Ifnar1, Ifnar2, Ifnb1, Ifne, Ifng, Ifnk, Ifnz, Igf1, Igf2, Igfbp2, Igtp, Ihh, Ikzf1, Ikzf3, Il12a, Il12b, Il12rb1, Il15, Il18, Il18r1, Il1a, Il1b, Il1rl2, Il2, Il20rb, Il21, Il23a, Il27, Il2ra, Il2rg, Il3, Il36b, Il4, Il4i1, Il4i1b, Il4ra, Il6, Il6ra, Il6st, Il7, Il7r, Ildr2, Ins1, Ins2, Irf1, Irf4, Irgm1, Israa, Itch, Itgad, Itgal, Itgam, Itgav, Itgb2, Itk, Itpkb, Jag2, Jak2, Jak3, Jaml, Jmjd6, Kat2a, Kat5, Kat7, Kcnk18, Kdelr1, Kit, Kitl, Klhl22, Klhl25, Kmt2a, Lag3, Laptm5, Lat, Lax1, Lck, Lcp1, Lef1, Lep, Lepr, Lfng, Lgals1, Lgals3, Lgals8, Lgals9, Lig4, Lilrb4a, Lilrb4b, Lipa, Lmbr1l, Lmo1, Loxl3, Lrrc32, Ly9, Mad1l1, Mafb, Malt1, Mapk8ip1, Marchf7, Mdk, Men1, Mettl3, Mill1, Mink1, Mir301, Mir326, Mir873a, Mpzl2, Mr1, Msn, Mtor, Muc19, Myb, Myc, Myh9, Ncaph2, Nck1, Nck2, Nckap1l, Ncor1, Ncstn, Ndfip1, Nedd4, Nfatc3, Nfkbid, Nfkbiz, Nhej1, Nkap, Nkg7, Nkx2-3, Nlrc3, Nlrp3, Nrarp, Opa1, Otud5, P2rx7, Pag1, Patz1, Pawr, Pax1, Pbrm1, Pck1, Pdcd1, Pdcd1lg2, Pde5a, Peli1, Pf4, Phf10, Pik3r6, Pknox1, Pla2g2d, Pla2g2f, Pla2g5, Plxna1, Pnp, Ppp3ca, Ppp3cb, Prdm1, Prdx2, Prelid1, Prex1, Prkaa1, Prkar1a, Prkcq, Prkcz, Prkdc, Prnp, Prr7, Psap, Psen1, Psen2, Psg16, Psg17, Psg19, Psg21, Psg23, Psg25, Psg26, Psg27, Psg28, Psmb10, Psmb11, Pten, Ptger4, Ptpn2, Ptpn22, Ptpn6, Ptprc, Pycard, Rab27a, Rab29, Rabl3, Rac2, Rag1, Rag2, Rara, Rasal3, Rasgrp1, Rbx1, Rbx1-ps, Rc3h1, Rc3h2, Relb, Rhoa, Rhoh, Ripk2, Ripk3, Ripor2, Rora, Rorc, Rpl22, Rps3, Rps6, Rsad2, Runx1, Runx2, Runx3, Sart1, Sash3, Satb1, Scart2, Scgb1a1, Scrib, Sdc4, Selenok, Sema4a, Sema6d, Sftpd, Sh2b3, Sh2d2a, Sh3rf1, Shb, Shh, Sirpa, Sit1, Skint1, Sla2, Slamf1, Slamf6, Slamf7, Slamf9, Slc11a1, Slc46a2, Slc4a1, Slc4a2, Slc7a1, Slfn1, Slfn2, Smad3, Smad7, Smarca2, Smarca4, Smarcb1, Smarcc1, Smarcc2, Smarcd1, Smarcd2, Smarcd3, Smarce1, Socs1, Socs5, Socs6, Sos1, Sos2, Sox12, Sox13, Sox4, Sp3, Spi1, Spn, Spta1, Srf, Stat3, Stat4, Stat5a, Stat5b, Stat6, Stk11, Stoml2, Stx11, Syk, Tarm1, Tbx21, Tcf3, Tcf7, Tcirg1, Tcra, Tcra-V3.1, Tcrb, Tespa1, Tfrc, Tgfb1, Tgfbr2, Themis, Thy1, Tigit, Tmem131l, Tmem98, Tnfaip8l2, Tnfrsf13c, Tnfrsf14, Tnfrsf1b, Tnfrsf21, Tnfrsf4, Tnfrsf9, Tnfsf11, Tnfsf13b, Tnfsf14, Tnfsf18, Tnfsf4, Tnfsf8, Tnfsf9, Tox, Traf2, Traf3ip2, Traf6, Traj18, Trem2, Treml2, Trex1, Trp53, Tsc1, Tsc2, Tspan32, Twsg1, Txk, Tyk2, Tyrobp, Ufl1, Usp44, Vav1, Vcam1, Vnn1, Vsig4, Vsir, Vtcn1, Was, Washc1, Wdfy4, Wnt1, Wnt10b, Wnt4, Wwp1, Xbp1, Xcl1, Xrcc4, Ywhag, Zap70, Zbtb1, Zbtb32, Zbtb7b, Zc3h12a, Zc3h12d, Zc3h8, Zeb1, Zfp35, Zfp36l1, Zfp36l2, Zfp608, Zfp609, Zfp683, Zmiz1, Znhit1, Zp3	0.23736600306278713	mmu-miR-760-3p	T cell
responses
GO:0050863	regulation of T cell activation	391	100	56.63	5e-9	1.825656324582339e-7	Abl1, Abl2, Actb, Actl6a, Actl6b, Ada, Adam8, Adk, Adora2a, Adrm1, Ager, Aif1, Ambra1, Anxa1, Ap3b1, Ap3d1, Arg1, Arg2, Arid1a, Arid2, Ascl2, B2m, Bad, Bcl10, Bcl6, Bid, Blm, Bmi1, Bmp4, Braf, Brd2, Brd4, Brd7, Btla, Btn2a2, Btnl2, Card11, Carmil2, Casp3, Cav1, Cbfb, Cblb, Ccdc88b, Ccl19, Ccl2, Ccl21a, Ccl5, Ccr2, Ccr7, Cd160, Cd1d1, Cd1d2, Cd209a, Cd209c, Cd209d, Cd209e, Cd244a, Cd24a, Cd27, Cd274, Cd276, Cd28, Cd300a, Cd37, Cd3e, Cd4, Cd40lg, Cd44, Cd46, Cd47, Cd5, Cd55, Cd55b, Cd59a, Cd59b, Cd6, Cd69, Cd74, Cd80, Cd81, Cd83, Cd86, Cdkn2a, Ceacam1, Cebpb, Cgas, Clec2i, Clec4g, Clptm1, Coro1a, Crtam, Csk, Ctla2a, Ctla4, Ctnnb1, Ctsg, Cyld, Cyp26b1, Cyrib, Dapl1, Dhps, Dicer1, Dlg1, Dlg5, Dnaja3, Dock8, Dpp4, Drosha, Dtx1, Dusp10, Dusp22, Dusp3, Duxbl1, Efnb1, Efnb2, Efnb3, Egr3, Ep300, Ephb4, Ephb6, Epo, Erbb2, Fadd, Fanca, Fancd2, Fas, Fbxo38, Fcho1, Fgl1, Fgl2, Flot2, Foxj1, Foxn1, Foxo3, Foxp3, Gata3, Gimap3, Gimap5, Gli3, Glmn, Gnrh1, Gpam, Gpnmb, H2-Aa, H2-Ab1, H2-DMa, H2-DMb1, H2-DMb2, H2-Ea, H2-Eb1, H2-Eb2, H2-M3, H2-Oa, H2-Ob, H2-T23, Havcr2, Hes1, Hfe, Hlx, Hmgb1, Hsp90aa1, Hspb1, Hspd1, Hsph1, Icos, Icosl, Ido1, Ifnb1, Ifng, Igf1, Igf2, Igfbp2, Ihh, Il12a, Il12b, Il12rb1, Il15, Il18, Il1a, Il1b, Il1rl2, Il2, Il20rb, Il21, Il23a, Il27, Il2ra, Il2rg, Il3, Il36b, Il4, Il4i1, Il4i1b, Il4ra, Il6, Il6st, Il7, Il7r, Ildr2, Irf1, Irgm1, Itch, Itgal, Itpkb, Jak2, Jak3, Kat2a, Kat5, Kcnk18, Kitl, Klhl22, Klhl25, Lag3, Laptm5, Lat, Lax1, Lck, Lef1, Lep, Lgals1, Lgals3, Lgals8, Lgals9, Lilrb4a, Lilrb4b, Lmo1, Loxl3, Lrrc32, Mad1l1, Malt1, Mapk8ip1, Marchf7, Mdk, Mettl3, Mir301, Mir326, Nck1, Nck2, Nckap1l, Ndfip1, Nfkbid, Nfkbiz, Nkap, Nlrp3, Nrarp, Opa1, Pag1, Pawr, Pbrm1, Pck1, Pdcd1, Pdcd1lg2, Pde5a, Peli1, Pf4, Phf10, Pik3r6, Pla2g2d, Pla2g2f, Pla2g5, Pnp, Ppp3ca, Prdm1, Prdx2, Prelid1, Prkaa1, Prkar1a, Prkcq, Prkcz, Prnp, Pten, Ptpn2, Ptpn22, Ptpn6, Ptprc, Pycard, Rac2, Rag1, Rag2, Rara, Rasal3, Rasgrp1, Rc3h1, Rc3h2, Rhoa, Rhoh, Ripk2, Ripk3, Ripor2, Rorc, Rps3, Runx1, Runx3, Sart1, Sash3, Scgb1a1, Scrib, Sdc4, Selenok, Sftpd, Sh2b3, Sh3rf1, Shb, Shh, Sirpa, Sit1, Skint1, Slamf1, Slc46a2, Slc4a1, Slc4a2, Slc7a1, Slfn1, Smad7, Smarca2, Smarca4, Smarcb1, Smarcc1, Smarcc2, Smarcd1, Smarcd2, Smarcd3, Smarce1, Socs1, Socs5, Socs6, Sos1, Sos2, Sox12, Sox13, Sox4, Spn, Spta1, Stat5a, Stat5b, Syk, Tarm1, Tbx21, Tcf7, Tcrb, Tespa1, Tfrc, Tgfb1, Tgfbr2, Thy1, Tigit, Tmem131l, Tnfaip8l2, Tnfrsf13c, Tnfrsf14, Tnfrsf1b, Tnfrsf21, Tnfrsf9, Tnfsf11, Tnfsf13b, Tnfsf14, Tnfsf18, Tnfsf4, Tnfsf9, Tox, Traf6, Trex1, Tsc2, Tspan32, Twsg1, Tyk2, Ufl1, Vav1, Vcam1, Vnn1, Vsig4, Vsir, Vtcn1, Wnt10b, Xbp1, Xcl1, Ywhag, Zap70, Zbtb1, Zbtb7b, Zc3h12a, Zc3h12d, Zc3h8, Zeb1, Zfp35, Zfp608, Zfp609, Zfp683, Zmiz1, Znhit1, Zp3	0.2557544757033248	mmu-miR-760-3p	T cell
responses
GO:0046631	alpha-beta T cell activation	206	47	29.84	8.9e-4	0.00896976943346508	Abl1, Abl2, Ada, Adora2a, Ager, Anxa1, Ap3b1, Ap3d1, Arg2, Armc5, Ascl2, Atf2, Atp7a, Bag6, Batf, Bcl11b, Bcl2, Bcl3, Bcl6, Blm, Braf, Brd2, Brd4, Btla, Card11, Cbfb, Cblb, Ccl19, Ccr2, Ccr7, Cd160, Cd1d1, Cd1d2, Cd244a, Cd24a, Cd274, Cd28, Cd300a, Cd3e, Cd44, Cd55, Cd55b, Cd69, Cd80, Cd81, Cd83, Cdh26, Cebpb, Clec4a2, Clec4a3, Clec4a4, Clec4f, Clec4g, Cracr2a, Crtam, Ctsl, Dapl1, Dock2, Elf4, Entpd7, Eomes, Ep300, Fosl2, Foxp1, Foxp3, Fut7, Gadd45g, Gata3, Gimap1, Gimap3, Gimap5, Gli3, Gpr18, Gpr183, H2-Ea, H2-M3, H2-T23, Hfe, Hlx, Hmgb1, Hsph1, Ifng, Igtp, Ihh, Il12a, Il12b, Il15, Il18, Il18r1, Il2, Il21, Il23a, Il27, Il2ra, Il2rg, Il4, Il4ra, Il6, Il6ra, Ins1, Ins2, Irf1, Irf4, Irgm1, Itch, Itk, Itpkb, Jak2, Jak3, Kcnk18, Klhl25, Kmt2a, Lef1, Lgals1, Lgals9, Lilrb4a, Lilrb4b, Loxl3, Ly9, Malt1, Mapk8ip1, Men1, Mir301, Mir326, Mir873a, Mtor, Myb, Myc, Nckap1l, Ncor1, Ndfip1, Nfkbid, Nfkbiz, Nkap, Nkg7, Nkx2-3, Nlrp3, Opa1, Otud5, Pax1, Pf4, Pla2g2d, Pnp, Prdm1, Prkcq, Prkcz, Prr7, Psap, Psmb11, Ptger4, Ptpn22, Ptprc, Rara, Rasal3, Rc3h1, Rc3h2, Relb, Rhoa, Ripk2, Rora, Rorc, Rpl22, Rsad2, Runx1, Runx3, Sash3, Satb1, Sema4a, Sh3rf1, Shb, Shh, Slamf6, Slc4a2, Smad7, Socs1, Socs5, Spn, Stat3, Stat4, Stat6, Stoml2, Syk, Tarm1, Tbx21, Tcf7, Tcirg1, Tgfb1, Tgfbr2, Tmem98, Tnfrsf14, Tnfsf18, Tnfsf4, Tnfsf8, Tox, Traj18, Twsg1, Txk, Tyk2, Vsir, Wdfy4, Xcl1, Zap70, Zbtb7b, Zc3h12a, Zfp35, Zfp683	0.22815533980582525	mmu-miR-760-3p	T cell
responses
GO:0042098	T cell proliferation	246	51	35.63	0.00475	0.0349544252044252	Abl1, Adk, Ager, Aif1, Alkbh5, Anxa1, Arg1, Arg2, Armc5, Bax, Bcl6, Bid, Blm, Bmi1, Bmp4, Btla, Btn2a2, Btnl2, Card11, Carmil2, Casp3, Cblb, Ccdc88b, Ccl19, Ccl5, Ccnd3, Ccr2, Ccr7, Cd151, Cd1d1, Cd1d2, Cd209a, Cd209c, Cd209d, Cd209e, Cd244a, Cd24a, Cd274, Cd276, Cd28, Cd37, Cd3e, Cd4, Cd40lg, Cd44, Cd46, Cd55, Cd55b, Cd59a, Cd59b, Cd6, Cd70, Cd80, Cd81, Cd86, Cdkn2a, Ceacam1, Cebpb, Clec2i, Clec4g, Coro1a, Crip3, Crtam, Ctla4, Ctnnb1, Ctps1, Cxcl12, Cxcr4, Dhps, Dlg1, Dlg5, Dnaja3, Dock2, Dock8, Ebi3, Efnb1, Elf4, Ephb6, Epo, Erbb2, Fadd, Fkbp1a, Fkbp1b, Foxj1, Foxp3, Fyn, Gja1, Glmn, Gnrh1, Gpam, Gpnmb, H2-Aa, H2-DMb1, H2-DMb2, H2-M3, H2-T23, Havcr2, Hes1, Hmgb1, Icosl, Ido1, Ifnar2, Ifng, Igf1, Igf2, Igfbp2, Ihh, Il12a, Il12b, Il12rb1, Il15, Il18, Il1a, Il1b, Il2, Il20rb, Il21, Il23a, Il27, Il2ra, Il3, Il4, Il4i1, Il4i1b, Il6, Il6st, Irf1, Irgm1, Itch, Itgad, Itgal, Itgam, Itgb2, Jak2, Jak3, Kitl, Laptm5, Lep, Lgals3, Lgals9, Lilrb4a, Lilrb4b, Lipa, Lmbr1l, Lmo1, Lrrc32, Mad1l1, Malt1, Mapk8ip1, Marchf7, Msn, Muc19, Myc, Nck1, Nck2, Nckap1l, Ncstn, Ndfip1, P2rx7, Pawr, Pdcd1lg2, Pde5a, Peli1, Pla2g2d, Pla2g2f, Pla2g5, Pnp, Ppp3ca, Prdx2, Prkar1a, Prkcq, Prnp, Psmb10, Pten, Ptpn22, Ptpn6, Ptprc, Pycard, Rac2, Rasal3, Rasgrp1, Rc3h1, Rc3h2, Ripk2, Ripk3, Ripor2, Rps3, Rps6, Sash3, Satb1, Scgb1a1, Scrib, Sdc4, Selenok, Sftpd, Sh2d2a, Sh3rf1, Shh, Slamf1, Slc11a1, Slc4a1, Slc4a2, Slc7a1, Slfn1, Slfn2, Sos1, Sos2, Spn, Spta1, Stat5a, Stat5b, Syk, Tarm1, Tfrc, Tgfb1, Tgfbr2, Tmem131l, Tnfrsf13c, Tnfrsf14, Tnfrsf1b, Tnfrsf21, Tnfrsf4, Tnfrsf9, Tnfsf13b, Tnfsf18, Tnfsf4, Tnfsf9, Traf6, Trp53, Tsc2, Tspan32, Twsg1, Tyk2, Vcam1, Vsig4, Vsir, Vtcn1, Washc1, Wnt4, Xcl1, Zap70, Zbtb32, Zbtb7b, Zc3h12d, Znhit1, Zp3	0.2073170731707317	mmu-miR-760-3p	T cell
responses
GO:2001185	regulation of CD8-positive, alpha-beta T cell activation	21	8	3.04	0.0067	0.04584226296958856	Cbfb, Cd244a, Cd274, Crtam, Dapl1, H2-T23, Hfe, Irf1, Lilrb4a, Lilrb4b, Mapk8ip1, Nckap1l, Ptpn22, Runx1, Runx3, Sh3rf1, Slc4a2, Socs1, Vsir, Xcl1, Zbtb7b	0.38095238095238093	mmu-miR-760-3p	T cell
responses
GO:0042110	T cell activation	653	66	42.51	2.7e-4	0.00576474341192787	Abl1, Abl2, Actb, Actl6a, Actl6b, Ada, Adam17, Adam8, Adk, Adora2a, Adrm1, Ager, Aif1, Aire, Alkbh5, Ambra1, Anxa1, Ap3b1, Ap3d1, Apbb1ip, Apc, Arg1, Arg2, Arid1a, Arid2, Armc5, Ascl2, Atf2, Atg5, Atp7a, Azi2, B2m, Bad, Bag6, Batf, Bax, Bcl10, Bcl11a, Bcl11b, Bcl2, Bcl2a1d, Bcl3, Bcl6, Bid, Blm, Bmi1, Bmp4, Braf, Brd2, Brd4, Brd7, Btla, Btn2a2, Btnl1, Btnl2, Btnl6, Card11, Carmil2, Casp3, Cav1, Cbfb, Cblb, Ccdc88b, Ccl19, Ccl19-ps1, Ccl19-ps3, Ccl19-ps4, Ccl19-ps5, Ccl19-ps6, Ccl2, Ccl21a, Ccl21b, Ccl21d, Ccl21e, Ccl21f, Ccl5, Ccnd3, Ccr2, Ccr6, Ccr7, Ccr9, Cd151, Cd160, Cd1d1, Cd1d2, Cd209a, Cd209c, Cd209d, Cd209e, Cd244a, Cd24a, Cd27, Cd274, Cd276, Cd28, Cd300a, Cd37, Cd3d, Cd3e, Cd3g, Cd4, Cd40lg, Cd44, Cd46, Cd47, Cd48, Cd5, Cd55, Cd55b, Cd59a, Cd59b, Cd6, Cd69, Cd70, Cd74, Cd80, Cd81, Cd83, Cd84, Cd86, Cd8a, Cd8b1, Cdh26, Cdk6, Cdkn2a, Ceacam1, Ceacam11, Ceacam12, Ceacam13, Ceacam14, Ceacam15, Ceacam23, Ceacam3, Ceacam5, Cebpb, Cgas, Chd7, Chrna7, Clec2i, Clec4a2, Clec4a3, Clec4a4, Clec4d, Clec4e, Clec4f, Clec4g, Clptm1, Coro1a, Cracr2a, Crip3, Crtam, Csk, Ctla2a, Ctla4, Ctnnb1, Ctps1, Ctsg, Ctsl, Cul4a, Cxadr, Cxcl12, Cxcr4, Cyld, Cyp26b1, Cyrib, Dapl1, Dcaf12, Ddost, Dhps, Dicer1, Dlg1, Dlg5, Dll4, Dnaja3, Dock2, Dock8, Dpp4, Drosha, Dtx1, Dusp10, Dusp22, Dusp3, Duxbl1, Ebi3, Efnb1, Efnb2, Efnb3, Egr1, Egr3, Eif2ak4, Elf4, Enpp1, Entpd7, Eomes, Ep300, Ephb4, Ephb6, Epo, Erbb2, F2rl1, Fadd, Fanca, Fancd2, Fas, Fbxo38, Fcer1g, Fcho1, Fgl1, Fgl2, Fkbp1a, Fkbp1b, Flot2, Flt3, Fosl2, Foxj1, Foxn1, Foxo3, Foxp1, Foxp3, Fut7, Fyn, Fzd5, Fzd7, Fzd8, Gadd45g, Gata3, Gba1, Gimap1, Gimap3, Gimap5, Gja1, Gli3, Glmn, Gm13271, Gm13272, Gm13275, Gm13276, Gm13277, Gm13283, Gnrh1, Gpam, Gpnmb, Gpr18, Gpr183, Gpr89, Grb2, Gsn, H2-Aa, H2-Ab1, H2-DMa, H2-DMb1, H2-DMb2, H2-Ea, H2-Eb1, H2-Eb2, H2-M3, H2-Oa, H2-Ob, H2-T23, Havcr2, Hes1, Hfe, Hlx, Hmga1, Hmgb1, Hs1bp3, Hsh2d, Hsp90aa1, Hspb1, Hspd1, Hsph1, Icam1, Icos, Icosl, Ido1, Ifna1, Ifna11, Ifna12, Ifna13, Ifna14, Ifna15, Ifna16, Ifna2, Ifna4, Ifna5, Ifna6, Ifna7, Ifna9, Ifnab, Ifnar1, Ifnar2, Ifnb1, Ifne, Ifng, Ifnk, Ifnz, Igf1, Igf2, Igfbp2, Igtp, Ihh, Ikzf1, Ikzf3, Il12a, Il12b, Il12rb1, Il15, Il18, Il18r1, Il1a, Il1b, Il1rl2, Il2, Il20rb, Il21, Il23a, Il27, Il2ra, Il2rg, Il3, Il36b, Il4, Il4i1, Il4i1b, Il4ra, Il6, Il6ra, Il6st, Il7, Il7r, Ildr2, Ins1, Ins2, Irf1, Irf4, Irgm1, Israa, Itch, Itgad, Itgal, Itgam, Itgav, Itgb2, Itk, Itpkb, Jag2, Jak2, Jak3, Jaml, Jmjd6, Kat2a, Kat5, Kat7, Kcnk18, Kdelr1, Kit, Kitl, Klhl22, Klhl25, Kmt2a, Lag3, Laptm5, Lat, Lax1, Lck, Lcp1, Lef1, Lep, Lepr, Lfng, Lgals1, Lgals3, Lgals8, Lgals9, Lig4, Lilrb4a, Lilrb4b, Lipa, Lmbr1l, Lmo1, Loxl3, Lrrc32, Ly9, Mad1l1, Mafb, Malt1, Mapk8ip1, Marchf7, Mdk, Men1, Mettl3, Mill1, Mink1, Mir301, Mir326, Mir873a, Mpzl2, Mr1, Msn, Mtor, Muc19, Myb, Myc, Myh9, Ncaph2, Nck1, Nck2, Nckap1l, Ncor1, Ncstn, Ndfip1, Nedd4, Nfatc3, Nfkbid, Nfkbiz, Nhej1, Nkap, Nkg7, Nkx2-3, Nlrc3, Nlrp3, Nrarp, Opa1, Otud5, P2rx7, Pag1, Patz1, Pawr, Pax1, Pbrm1, Pck1, Pdcd1, Pdcd1lg2, Pde5a, Peli1, Pf4, Phf10, Pik3r6, Pknox1, Pla2g2d, Pla2g2f, Pla2g5, Plxna1, Pnp, Ppp3ca, Ppp3cb, Prdm1, Prdx2, Prelid1, Prex1, Prkaa1, Prkar1a, Prkcq, Prkcz, Prkdc, Prnp, Prr7, Psap, Psen1, Psen2, Psg16, Psg17, Psg19, Psg21, Psg23, Psg25, Psg26, Psg27, Psg28, Psmb10, Psmb11, Pten, Ptger4, Ptpn2, Ptpn22, Ptpn6, Ptprc, Pycard, Rab27a, Rab29, Rabl3, Rac2, Rag1, Rag2, Rara, Rasal3, Rasgrp1, Rbx1, Rbx1-ps, Rc3h1, Rc3h2, Relb, Rhoa, Rhoh, Ripk2, Ripk3, Ripor2, Rora, Rorc, Rpl22, Rps3, Rps6, Rsad2, Runx1, Runx2, Runx3, Sart1, Sash3, Satb1, Scart2, Scgb1a1, Scrib, Sdc4, Selenok, Sema4a, Sema6d, Sftpd, Sh2b3, Sh2d2a, Sh3rf1, Shb, Shh, Sirpa, Sit1, Skint1, Sla2, Slamf1, Slamf6, Slamf7, Slamf9, Slc11a1, Slc46a2, Slc4a1, Slc4a2, Slc7a1, Slfn1, Slfn2, Smad3, Smad7, Smarca2, Smarca4, Smarcb1, Smarcc1, Smarcc2, Smarcd1, Smarcd2, Smarcd3, Smarce1, Socs1, Socs5, Socs6, Sos1, Sos2, Sox12, Sox13, Sox4, Sp3, Spi1, Spn, Spta1, Srf, Stat3, Stat4, Stat5a, Stat5b, Stat6, Stk11, Stoml2, Stx11, Syk, Tarm1, Tbx21, Tcf3, Tcf7, Tcirg1, Tcra, Tcra-V3.1, Tcrb, Tespa1, Tfrc, Tgfb1, Tgfbr2, Themis, Thy1, Tigit, Tmem131l, Tmem98, Tnfaip8l2, Tnfrsf13c, Tnfrsf14, Tnfrsf1b, Tnfrsf21, Tnfrsf4, Tnfrsf9, Tnfsf11, Tnfsf13b, Tnfsf14, Tnfsf18, Tnfsf4, Tnfsf8, Tnfsf9, Tox, Traf2, Traf3ip2, Traf6, Traj18, Trem2, Treml2, Trex1, Trp53, Tsc1, Tsc2, Tspan32, Twsg1, Txk, Tyk2, Tyrobp, Ufl1, Usp44, Vav1, Vcam1, Vnn1, Vsig4, Vsir, Vtcn1, Was, Washc1, Wdfy4, Wnt1, Wnt10b, Wnt4, Wwp1, Xbp1, Xcl1, Xrcc4, Ywhag, Zap70, Zbtb1, Zbtb32, Zbtb7b, Zc3h12a, Zc3h12d, Zc3h8, Zeb1, Zfp35, Zfp36l1, Zfp36l2, Zfp608, Zfp609, Zfp683, Zmiz1, Znhit1, Zp3	0.10107197549770292	mmu-miR-770-3p	T cell
responses
GO:0036006	cellular response to macrophage colony-stimulating factor stimulus	61	8	1.89	5.6e-4	0.02770923076923076	Alk, Axl, Ccl2, Csf1, Csf1r, Dcstamp, Ddr1, Ddr2, Dok1, Egfr, Epha1, Epha10, Epha2, Epha3, Epha4, Epha5, Epha6, Epha7, Epha8, Ephb1, Ephb2, Ephb3, Ephb4, Erbb2, Erbb4, Fer, Fgfr1, Fgfr2, Fgfr3, Fgfr4, Flt1, Flt3, Flt4, Igf1r, Insr, Insrr, Kdr, Kit, Ltk, Mertk, Met, Mst1r, Musk, Ntrk1, Ntrk2, Ntrk3, Pde1b, Pde2a, Pdgfra, Pdgfrb, Ptpn2, Ret, Ror2, Ros1, Stap1, Tek, Tie1, Tlr2, Tlr4, Trem2, Tyro3	0.13114754098360656	mmu-miR-196b-5p	Myeloid cell
responses
GO:0036005	response to macrophage colony-stimulating factor	63	8	1.95	7e-4	0.03274727272727273	Alk, Alpl, Axl, Ccl2, Csf1, Csf1r, Dcstamp, Ddr1, Ddr2, Dok1, Egfr, Epha1, Epha10, Epha2, Epha3, Epha4, Epha5, Epha6, Epha7, Epha8, Ephb1, Ephb2, Ephb3, Ephb4, Erbb2, Erbb4, Fer, Fgfr1, Fgfr2, Fgfr3, Fgfr4, Flt1, Flt3, Flt4, Igf1r, Insr, Insrr, Kdr, Kit, Ltk, Mertk, Met, Mst1r, Musk, Ntrk1, Ntrk2, Ntrk3, Pde1b, Pde2a, Pdgfra, Pdgfrb, Ptpn2, Ret, Ror2, Ros1, Stap1, Tek, Tie1, Tlr2, Tlr4, Tnf, Trem2, Tyro3	0.12698412698412698	mmu-miR-196b-5p	Myeloid cell
responses
GO:2000109	regulation of macrophage apoptotic process	10	3	0.08	5.5e-5	0.0071989406779661	Ccl5, Ccr5, Cdkn2a, Ghsr, Mef2c, Nod2, Pten, Selenos, Sirt1, St6gal1	0.3	mmu-miR-21a-5p	Myeloid cell
responses
GO:0071888	macrophage apoptotic process	12	3	0.09	9.9e-5	0.01185313953488372	Ccl5, Ccr5, Cdkn2a, Ghsr, Gm14461, Mef2c, Nod2, Plekho2, Pten, Selenos, Sirt1, St6gal1	0.25	mmu-miR-21a-5p	Myeloid cell
responses
GO:0036006	cellular response to macrophage colony-stimulating factor stimulus	61	13	4.92	9.9e-4	0.0198515625	Alk, Axl, Ccl2, Csf1, Csf1r, Dcstamp, Ddr1, Ddr2, Dok1, Egfr, Epha1, Epha10, Epha2, Epha3, Epha4, Epha5, Epha6, Epha7, Epha8, Ephb1, Ephb2, Ephb3, Ephb4, Erbb2, Erbb4, Fer, Fgfr1, Fgfr2, Fgfr3, Fgfr4, Flt1, Flt3, Flt4, Igf1r, Insr, Insrr, Kdr, Kit, Ltk, Mertk, Met, Mst1r, Musk, Ntrk1, Ntrk2, Ntrk3, Pde1b, Pde2a, Pdgfra, Pdgfrb, Ptpn2, Ret, Ror2, Ros1, Stap1, Tek, Tie1, Tlr2, Tlr4, Trem2, Tyro3	0.21311475409836064	mmu-miR-330-5p	Myeloid cell
responses
GO:0038145	macrophage colony-stimulating factor signaling pathway	54	12	4.36	0.00104	0.02053333333333333	Alk, Axl, Csf1, Csf1r, Ddr1, Ddr2, Dok1, Egfr, Epha1, Epha10, Epha2, Epha3, Epha4, Epha5, Epha6, Epha7, Epha8, Ephb1, Ephb2, Ephb3, Ephb4, Erbb2, Erbb4, Fgfr1, Fgfr2, Fgfr3, Fgfr4, Flt1, Flt3, Flt4, Igf1r, Insr, Insrr, Kdr, Kit, Ltk, Mertk, Met, Mst1r, Musk, Ntrk1, Ntrk2, Ntrk3, Pdgfra, Pdgfrb, Ptpn2, Ret, Ror2, Ros1, Stap1, Tek, Tie1, Trem2, Tyro3	0.2222222222222222	mmu-miR-330-5p	Myeloid cell
responses
GO:0036005	response to macrophage colony-stimulating factor	63	13	5.08	0.00135	0.02504819277108434	Alk, Alpl, Axl, Ccl2, Csf1, Csf1r, Dcstamp, Ddr1, Ddr2, Dok1, Egfr, Epha1, Epha10, Epha2, Epha3, Epha4, Epha5, Epha6, Epha7, Epha8, Ephb1, Ephb2, Ephb3, Ephb4, Erbb2, Erbb4, Fer, Fgfr1, Fgfr2, Fgfr3, Fgfr4, Flt1, Flt3, Flt4, Igf1r, Insr, Insrr, Kdr, Kit, Ltk, Mertk, Met, Mst1r, Musk, Ntrk1, Ntrk2, Ntrk3, Pde1b, Pde2a, Pdgfra, Pdgfrb, Ptpn2, Ret, Ror2, Ros1, Stap1, Tek, Tie1, Tlr2, Tlr4, Tnf, Trem2, Tyro3	0.20634920634920634	mmu-miR-330-5p	Myeloid cell
responses
GO:0045637	regulation of myeloid cell differentiation	236	25	8.14	7.5e-7	5.144333333333333e-5	Abcb10, Acin1, Acvr1b, Acvr2a, Adam8, Adipoq, Ankrd54, Apc, Apcs, Asxl2, B2m, Bmyc, Brd1, C1qc, Car2, Cartpt, Casp8, Ccl21b, Ccl3, Ccl5, Ccl9, Ccr1, Ccr1l1, Cd101, Cd4, Cd74, Cdc73, Cdk6, Ceacam1, Cebpb, Cib1, Cldn18, Clec2d, Clec2g, Clec2i, Cnot4, Creb1, Csf1, Csf1r, Csf3, Csf3r, Ctnnb1, Ctnnbip1, Ctr9, Cul4a, Dcstamp, Dlk1, Dll1, Eeig1, Eif6, Erfe, Esrra, Ets1, Evi2, Evi2b, Fadd, Fam210b, Fas, Faxdc2, Fbn1, Fbxw7, Fes, Fgfr3, Fos, Foxo3, Foxp1, Fshb, Fshr, Fstl3, Gabpa, Gata1, Gata2, Gfi1b, Gnas, Gpr137, Gpr137b, Gpr171, Gpr55, Gpr68, Gsk3b, Hax1, Hbb-b2, Hcls1, Hif1a, Hmgb1, Hmgb2, Hmgb3, Hoxa5, Hoxa7, Hoxa9, Hoxb8, Hsf1, Hspa1b, Hspa9, Iapp, Id2, Ifna, Ifnb1, Ifng, Ikzf1, Il12b, Il17a, Il20, Il23a, Il3, Il34, Il4, Il5, Inhba, Inpp4b, Inpp5d, Isg15, Itgam, Itgb3, Itpkb, Jag1, Jun, Kat7, Kdm1a, Kitl, Klf10, Klf13, L3mbtl1, Ldb1, Lef1, Leo1, Lif, Lilrb4a, Lilrb4b, Lmo2, Lox, Lrrc17, Ltf, Lyn, Mafb, Mapk14, Med1, Mef2c, Meis1, Meis2, Mir125a, Mir223, Mir9718, Mitf, Mpl, Mtor, Mturn, Myb, Myc, Nckap1l, Ndfip1, Nedd9, Nf1, Nfkbia, Ninj1, Nme1, Nme2, Notch2, Ocstamp, P4htm, Paf1, Pf4, Pias3, Pik3r1, Pilrb1, Pira1, Pira6, Pithd1, Pla2g3, Pou4f1, Pou4f2, Ppargc1b, Ppp3ca, Prdm16, Prkca, Prkdc, Prmt1, Prxl2a, Ptk2b, Ptpn2, Qki, Rab7b, Rara, Rarg, Rassf2, Rb1, Rbfox2, Rbm15, Rbp1, Rcor1, Ripk1, Rnf41, Ror2, Rptor, Runx1, Scin, Senp1, Setd1a, Sfrp1, Skic8, Slc9b2, Smap1, Spi1, Stat1, Stat3, Stat5a, Stat5b, Tal1, Tcta, Tesc, Tescl, Tfe3, Tgfb1, Thoc5, Thpo, Tjp2, Tmem178, Tmem64, Tnf, Tnfaip6, Tnfrsf11a, Tnfrsf11b, Tnfsf11, Tob2, Traf6, Trem2, Trib1, Twist2, Tyrobp, Ubash3b, Ypel4, Zbtb46, Zbtb7a, Zfp36, Zfp36l1, Zfpm1	0.1059322033898305	mmu-miR-423-3p	Myeloid cell
responses
GO:0030099	myeloid cell differentiation	516	39	17.81	4.8e-6	2.608394366197183e-4	Abcb10, Abi1, Acin1, Actn1, Acvr1b, Acvr2a, Adam8, Adar, Add1, Adgrf4, Adgrf5, Adipoq, Ahsp, Alas1, Alas2, Ank1, Ankrd54, Anxa2, Ap3b1, Apc, Apcs, App, Arid4a, Asxl2, Atp5if1, Atp6ap1, B2m, Bap1, Batf, Batf2, Batf3, Bbln, Bcl6, Bloodlinc, Blvrb, Bmp2, Bmp4, Bmyc, Bpgm, Brd1, C1qc, Calcr, Camk4, Car2, Cartpt, Casp3, Casp8, Cbfa2t3, Cbfb, Ccdc39, Ccl19, Ccl21b, Ccl3, Ccl5, Ccl9, Ccn4, Ccr1, Ccr1l1, Ccr7, Cd101, Cd109, Cd300lf, Cd4, Cd74, Cd81, Cdc73, Cdin1, Cdk5rap3, Cdk6, Cdkn1c, Cdkn2b, Ceacam1, Cebpa, Cebpb, Cebpe, Cebpg, Cflar, Chmp5, Chuk, Cib1, Cited2, Cldn18, Clec1b, Clec2d, Clec2g, Clec2i, Clec5a, Clpb, Cnot4, Creb1, Csf1, Csf1r, Csf2, Csf3, Csf3r, Ctnnb1, Ctnnbip1, Ctr9, Cul4a, Dab2, Dcstamp, Dhrs7b, Diaph3, Dlk1, Dll1, Dmtn, Dnase2a, Dyrk3, Eeig1, Efna2, Ehbp1l1, Eif2ak1, Eif6, Enpp1, Ep300, Epas1, Epb42, Epha2, Epo, Epsti1, Ercc2, Erfe, Esrra, Ets1, Etv2, Evi2, Evi2b, Exoc6, F2rl1, Fadd, Fam20c, Fam210b, Fam3c, Farp2, Fas, Fasn, Faxdc2, Fbn1, Fbxw7, Fcer1g, Fech, Fes, Fgfr3, Fli1, Flna, Flvcr1, Fos, Fosl2, Foxo3, Foxp1, Fshb, Fshr, Fstl3, G6pd2, G6pdx, Gab2, Gab3, Gabpa, Gata1, Gata2, Gata3, Gba1, Gfi1b, Gimap3, Gimap5, Glo1, Gm15915, Gmpr2, Gnas, Gp1ba, Gp1bb, Gp5, Gp9, Gpc3, Gpr137, Gpr137b, Gpr171, Gpr183, Gpr55, Gpr68, Gsk3b, Hax1, Hba-a1, Hba-a2, Hba-x, Hbb-b1, Hbb-b2, Hcls1, Hdac6, Heatr3, Heph, Hhex, Hif1a, Hmga1, Hmgb1, Hmgb2, Hmgb3, Hnrnpu, Hoxa5, Hoxa7, Hoxa9, Hoxb7, Hoxb8, Hscb, Hsf1, Hspa1b, Hspa9, Iapp, Id2, Ifi203, Ifi203-ps, Ifi206, Ifi207, Ifi208, Ifi209, Ifi213, Ifi214, Ifna, Ifnb1, Ifng, Ift80, Ighe, Igsf23, Ikzf1, Il12b, Il15, Il17a, Il17c, Il1rl1, Il20, Il23a, Il25, Il3, Il31ra, Il33, Il34, Il4, Il5, Inhba, Inpp4b, Inpp5d, Ireb2, Irf4, Irf8, Isg15, Itgam, Itgb3, Itgb6, Itgb8, Itpkb, Jag1, Jagn1, Jak2, Jmjd6, Jun, Junb, Kat6a, Kat7, Kat8, Kcnq1, Kdm1a, Kit, Kitl, Klf1, Klf10, Klf13, Klf2, Kmt2e, L3mbtl1, L3mbtl3, Large1, Lbr, Ldb1, Lef1, Leo1, Lif, Lilrb4a, Lilrb4b, Lipa, Lmo2, Lox, Lrrc17, Lrrk1, Ltbr, Ltf, Lyar, Lyn, Maea, Maf, Mafb, Mapk14, Mb, Med1, Mef2c, Meis1, Meis2, Mfap2, Mfhas1, Mfsd8, Mir122, Mir125a, Mir144, Mir146, Mir223, Mir451a, Mir451b, Mir9718, Mitf, Mndal, Mpig6b, Mpl, Mtor, Mturn, Myb, Myc, Myd88, Myh9, n-TUtca2, Naglu, Nbeal2, Ncapg2, Nckap1l, Ncoa6, Ncor1, Ndfip1, Ndp, Nedd9, Nemp1, Nf1, Nfatc1, Nfe2l1, Nfix, Nfkbia, Ninj1, Nkap, Nkx2-3, Nme1, Nme2, Notch2, Nr3c1, Nrros, Ocstamp, Oscar, Ostm1, P4htm, Pabpc4, Paf1, Pafah1b1, Pde1b, Pf4, Pias3, Pik3r1, Pilrb1, Pip4k2a, Pir, Pira1, Pira6, Pirb, Pithd1, Pknox1, Pla2g10, Pla2g3, Plcb1, Plscr1, Pml, Pou4f1, Pou4f2, Pparg, Ppargc1b, Ppp3ca, Prdm16, Prdx3, Prkca, Prkdc, Prkx, Prmt1, Prtn3, Prxl2a, Psen1, Psen2, Ptbp3, Ptk2b, Ptpn11, Ptpn2, Ptpn6, Ptprj, Qki, Rab7b, Rabgap1l, Rac1, Rac2, Racgap1, Rara, Rarg, Rassf2, Rb1, Rbfox2, Rbm15, Rbp1, Rbpj, Rcor1, Relb, Rhag, Rhd, Ripk1, Rnf41, Ror2, Rps14, Rps19, Rps6, Rptor, Runx1, Sbno2, Scin, Selenow, Senp1, Setd1a, Sfrp1, Sfxn1, Sh2b3, Sh3pxd2a, Siglec15, Sirt1, Skic8, Slc11a2, Slc1a5, Slc25a38, Slc25a40, Slc25a5, Slc48a1, Slc4a1, Slc4a2, Slc9b2, Smad5, Smap1, Smarca4, Snx10, Socs1, Sox6, Sp1, Sp3, Spi1, Spib, Src, Srf, Srp54a, Srp54b, Srp54c, Stap1, Stat1, Stat3, Stat5a, Stat5b, Tal1, Tcea1, Tcf3, Tcirg1, Tcta, Tesc, Tescl, Tet2, Tfe3, Tfrc, Tgfb1, Tgfbr2, Tgfbr3, Thoc5, Thpo, Thra, Tifab, Tirap, Tjp2, Tlr2, Tlr4, Tmem14c, Tmem178, Tmem64, Tmod3, Tnf, Tnfaip6, Tnfrsf11a, Tnfrsf11b, Tnfsf11, Tnfsf9, Tob2, Tpm4, Traf6, Trem2, Trf, Trib1, Trim10, Trim58, Tspan2, Tspo2, Tubb1, Twist2, Tyrobp, Uba5, Ubash3b, Ubd, Ucp2, Ufl1, Vegfa, Vps13a, Vps33a, Vps33b, Vps54, Wasf2, Wdr1, Ypel4, Zbtb46, Zbtb7a, Zfp36, Zfp36l1, Zfp385a, Zfpm1	0.0755813953488372	mmu-miR-423-3p	Myeloid cell
responses
GO:0061515	myeloid cell development	107	16	5.34	8e-5	0.0029367619047619	Abcb10, Abi1, Adgrf4, Adgrf5, Alas1, Alas2, Ank1, Anxa2, App, Arid4a, Atp6ap1, Bap1, Bcl6, Bloodlinc, Bpgm, Brd1, Cebpb, Cited2, Cldn18, Csf1r, Diaph3, Dmtn, Ep300, Epb42, Epo, Ercc2, Evi2b, Fam20c, Fam210b, Fbn1, Fbxw7, Fli1, Flna, Flvcr1, Foxp1, G6pd2, G6pdx, Gata1, Gm15915, Gp1ba, Gp1bb, Gp5, Gp9, Gpr68, Hba-a1, Hba-a2, Hba-x, Hbb-b1, Hbb-b2, Hdac6, Heatr3, Itgam, Jmjd6, Kit, Klf1, Klf2, L3mbtl3, Lrrk1, Ltf, Lyar, Maea, Med1, Meis1, Mpig6b, Myb, Nbeal2, Nckap1l, Nemp1, Ninj1, Notch2, Nrros, Pabpc4, Pafah1b1, Pip4k2a, Pla2g10, Ptbp3, Ptpn11, Ptpn6, Rabgap1l, Rac1, Rac2, Rhag, Rhd, Rps6, Sh2b3, Siglec15, Slc11a2, Slc25a40, Slc4a1, Slc9b2, Sox6, Src, Srf, Tal1, Thpo, Tjp2, Tlr2, Tmod3, Tnfsf11, Trim58, Tspan2, Tyrobp, Vps33b, Wasf2, Zbtb7a, Zfp385a, Zfpm1	0.14953271028037382	mmu-miR-503-3p	Myeloid cell
responses
GO:0030099	myeloid cell differentiation	516	43	25.74	7.5e-4	0.0186207729468599	Abcb10, Abi1, Acin1, Actn1, Acvr1b, Acvr2a, Adam8, Adar, Add1, Adgrf4, Adgrf5, Adipoq, Ahsp, Alas1, Alas2, Ank1, Ankrd54, Anxa2, Ap3b1, Apc, Apcs, App, Arid4a, Asxl2, Atp5if1, Atp6ap1, B2m, Bap1, Batf, Batf2, Batf3, Bbln, Bcl6, Bloodlinc, Blvrb, Bmp2, Bmp4, Bmyc, Bpgm, Brd1, C1qc, Calcr, Camk4, Car2, Cartpt, Casp3, Casp8, Cbfa2t3, Cbfb, Ccdc39, Ccl19, Ccl21b, Ccl3, Ccl5, Ccl9, Ccn4, Ccr1, Ccr1l1, Ccr7, Cd101, Cd109, Cd300lf, Cd4, Cd74, Cd81, Cdc73, Cdin1, Cdk5rap3, Cdk6, Cdkn1c, Cdkn2b, Ceacam1, Cebpa, Cebpb, Cebpe, Cebpg, Cflar, Chmp5, Chuk, Cib1, Cited2, Cldn18, Clec1b, Clec2d, Clec2g, Clec2i, Clec5a, Clpb, Cnot4, Creb1, Csf1, Csf1r, Csf2, Csf3, Csf3r, Ctnnb1, Ctnnbip1, Ctr9, Cul4a, Dab2, Dcstamp, Dhrs7b, Diaph3, Dlk1, Dll1, Dmtn, Dnase2a, Dyrk3, Eeig1, Efna2, Ehbp1l1, Eif2ak1, Eif6, Enpp1, Ep300, Epas1, Epb42, Epha2, Epo, Epsti1, Ercc2, Erfe, Esrra, Ets1, Etv2, Evi2, Evi2b, Exoc6, F2rl1, Fadd, Fam20c, Fam210b, Fam3c, Farp2, Fas, Fasn, Faxdc2, Fbn1, Fbxw7, Fcer1g, Fech, Fes, Fgfr3, Fli1, Flna, Flvcr1, Fos, Fosl2, Foxo3, Foxp1, Fshb, Fshr, Fstl3, G6pd2, G6pdx, Gab2, Gab3, Gabpa, Gata1, Gata2, Gata3, Gba1, Gfi1b, Gimap3, Gimap5, Glo1, Gm15915, Gmpr2, Gnas, Gp1ba, Gp1bb, Gp5, Gp9, Gpc3, Gpr137, Gpr137b, Gpr171, Gpr183, Gpr55, Gpr68, Gsk3b, Hax1, Hba-a1, Hba-a2, Hba-x, Hbb-b1, Hbb-b2, Hcls1, Hdac6, Heatr3, Heph, Hhex, Hif1a, Hmga1, Hmgb1, Hmgb2, Hmgb3, Hnrnpu, Hoxa5, Hoxa7, Hoxa9, Hoxb7, Hoxb8, Hscb, Hsf1, Hspa1b, Hspa9, Iapp, Id2, Ifi203, Ifi203-ps, Ifi206, Ifi207, Ifi208, Ifi209, Ifi213, Ifi214, Ifna, Ifnb1, Ifng, Ift80, Ighe, Igsf23, Ikzf1, Il12b, Il15, Il17a, Il17c, Il1rl1, Il20, Il23a, Il25, Il3, Il31ra, Il33, Il34, Il4, Il5, Inhba, Inpp4b, Inpp5d, Ireb2, Irf4, Irf8, Isg15, Itgam, Itgb3, Itgb6, Itgb8, Itpkb, Jag1, Jagn1, Jak2, Jmjd6, Jun, Junb, Kat6a, Kat7, Kat8, Kcnq1, Kdm1a, Kit, Kitl, Klf1, Klf10, Klf13, Klf2, Kmt2e, L3mbtl1, L3mbtl3, Large1, Lbr, Ldb1, Lef1, Leo1, Lif, Lilrb4a, Lilrb4b, Lipa, Lmo2, Lox, Lrrc17, Lrrk1, Ltbr, Ltf, Lyar, Lyn, Maea, Maf, Mafb, Mapk14, Mb, Med1, Mef2c, Meis1, Meis2, Mfap2, Mfhas1, Mfsd8, Mir122, Mir125a, Mir144, Mir146, Mir223, Mir451a, Mir451b, Mir9718, Mitf, Mndal, Mpig6b, Mpl, Mtor, Mturn, Myb, Myc, Myd88, Myh9, n-TUtca2, Naglu, Nbeal2, Ncapg2, Nckap1l, Ncoa6, Ncor1, Ndfip1, Ndp, Nedd9, Nemp1, Nf1, Nfatc1, Nfe2l1, Nfix, Nfkbia, Ninj1, Nkap, Nkx2-3, Nme1, Nme2, Notch2, Nr3c1, Nrros, Ocstamp, Oscar, Ostm1, P4htm, Pabpc4, Paf1, Pafah1b1, Pde1b, Pf4, Pias3, Pik3r1, Pilrb1, Pip4k2a, Pir, Pira1, Pira6, Pirb, Pithd1, Pknox1, Pla2g10, Pla2g3, Plcb1, Plscr1, Pml, Pou4f1, Pou4f2, Pparg, Ppargc1b, Ppp3ca, Prdm16, Prdx3, Prkca, Prkdc, Prkx, Prmt1, Prtn3, Prxl2a, Psen1, Psen2, Ptbp3, Ptk2b, Ptpn11, Ptpn2, Ptpn6, Ptprj, Qki, Rab7b, Rabgap1l, Rac1, Rac2, Racgap1, Rara, Rarg, Rassf2, Rb1, Rbfox2, Rbm15, Rbp1, Rbpj, Rcor1, Relb, Rhag, Rhd, Ripk1, Rnf41, Ror2, Rps14, Rps19, Rps6, Rptor, Runx1, Sbno2, Scin, Selenow, Senp1, Setd1a, Sfrp1, Sfxn1, Sh2b3, Sh3pxd2a, Siglec15, Sirt1, Skic8, Slc11a2, Slc1a5, Slc25a38, Slc25a40, Slc25a5, Slc48a1, Slc4a1, Slc4a2, Slc9b2, Smad5, Smap1, Smarca4, Snx10, Socs1, Sox6, Sp1, Sp3, Spi1, Spib, Src, Srf, Srp54a, Srp54b, Srp54c, Stap1, Stat1, Stat3, Stat5a, Stat5b, Tal1, Tcea1, Tcf3, Tcirg1, Tcta, Tesc, Tescl, Tet2, Tfe3, Tfrc, Tgfb1, Tgfbr2, Tgfbr3, Thoc5, Thpo, Thra, Tifab, Tirap, Tjp2, Tlr2, Tlr4, Tmem14c, Tmem178, Tmem64, Tmod3, Tnf, Tnfaip6, Tnfrsf11a, Tnfrsf11b, Tnfsf11, Tnfsf9, Tob2, Tpm4, Traf6, Trem2, Trf, Trib1, Trim10, Trim58, Tspan2, Tspo2, Tubb1, Twist2, Tyrobp, Uba5, Ubash3b, Ubd, Ucp2, Ufl1, Vegfa, Vps13a, Vps33a, Vps33b, Vps54, Wasf2, Wdr1, Ypel4, Zbtb46, Zbtb7a, Zfp36, Zfp36l1, Zfp385a, Zfpm1	0.08333333333333333	mmu-miR-503-3p	Myeloid cell
responses
GO:0030099	myeloid cell differentiation	516	50	31.71	0.00102	0.01543326129666011	Abcb10, Abi1, Acin1, Actn1, Acvr1b, Acvr2a, Adam8, Adar, Add1, Adgrf4, Adgrf5, Adipoq, Ahsp, Alas1, Alas2, Ank1, Ankrd54, Anxa2, Ap3b1, Apc, Apcs, App, Arid4a, Asxl2, Atp5if1, Atp6ap1, B2m, Bap1, Batf, Batf2, Batf3, Bbln, Bcl6, Bloodlinc, Blvrb, Bmp2, Bmp4, Bmyc, Bpgm, Brd1, C1qc, Calcr, Camk4, Car2, Cartpt, Casp3, Casp8, Cbfa2t3, Cbfb, Ccdc39, Ccl19, Ccl21b, Ccl3, Ccl5, Ccl9, Ccn4, Ccr1, Ccr1l1, Ccr7, Cd101, Cd109, Cd300lf, Cd4, Cd74, Cd81, Cdc73, Cdin1, Cdk5rap3, Cdk6, Cdkn1c, Cdkn2b, Ceacam1, Cebpa, Cebpb, Cebpe, Cebpg, Cflar, Chmp5, Chuk, Cib1, Cited2, Cldn18, Clec1b, Clec2d, Clec2g, Clec2i, Clec5a, Clpb, Cnot4, Creb1, Csf1, Csf1r, Csf2, Csf3, Csf3r, Ctnnb1, Ctnnbip1, Ctr9, Cul4a, Dab2, Dcstamp, Dhrs7b, Diaph3, Dlk1, Dll1, Dmtn, Dnase2a, Dyrk3, Eeig1, Efna2, Ehbp1l1, Eif2ak1, Eif6, Enpp1, Ep300, Epas1, Epb42, Epha2, Epo, Epsti1, Ercc2, Erfe, Esrra, Ets1, Etv2, Evi2, Evi2b, Exoc6, F2rl1, Fadd, Fam20c, Fam210b, Fam3c, Farp2, Fas, Fasn, Faxdc2, Fbn1, Fbxw7, Fcer1g, Fech, Fes, Fgfr3, Fli1, Flna, Flvcr1, Fos, Fosl2, Foxo3, Foxp1, Fshb, Fshr, Fstl3, G6pd2, G6pdx, Gab2, Gab3, Gabpa, Gata1, Gata2, Gata3, Gba1, Gfi1b, Gimap3, Gimap5, Glo1, Gm15915, Gmpr2, Gnas, Gp1ba, Gp1bb, Gp5, Gp9, Gpc3, Gpr137, Gpr137b, Gpr171, Gpr183, Gpr55, Gpr68, Gsk3b, Hax1, Hba-a1, Hba-a2, Hba-x, Hbb-b1, Hbb-b2, Hcls1, Hdac6, Heatr3, Heph, Hhex, Hif1a, Hmga1, Hmgb1, Hmgb2, Hmgb3, Hnrnpu, Hoxa5, Hoxa7, Hoxa9, Hoxb7, Hoxb8, Hscb, Hsf1, Hspa1b, Hspa9, Iapp, Id2, Ifi203, Ifi203-ps, Ifi206, Ifi207, Ifi208, Ifi209, Ifi213, Ifi214, Ifna, Ifnb1, Ifng, Ift80, Ighe, Igsf23, Ikzf1, Il12b, Il15, Il17a, Il17c, Il1rl1, Il20, Il23a, Il25, Il3, Il31ra, Il33, Il34, Il4, Il5, Inhba, Inpp4b, Inpp5d, Ireb2, Irf4, Irf8, Isg15, Itgam, Itgb3, Itgb6, Itgb8, Itpkb, Jag1, Jagn1, Jak2, Jmjd6, Jun, Junb, Kat6a, Kat7, Kat8, Kcnq1, Kdm1a, Kit, Kitl, Klf1, Klf10, Klf13, Klf2, Kmt2e, L3mbtl1, L3mbtl3, Large1, Lbr, Ldb1, Lef1, Leo1, Lif, Lilrb4a, Lilrb4b, Lipa, Lmo2, Lox, Lrrc17, Lrrk1, Ltbr, Ltf, Lyar, Lyn, Maea, Maf, Mafb, Mapk14, Mb, Med1, Mef2c, Meis1, Meis2, Mfap2, Mfhas1, Mfsd8, Mir122, Mir125a, Mir144, Mir146, Mir223, Mir451a, Mir451b, Mir9718, Mitf, Mndal, Mpig6b, Mpl, Mtor, Mturn, Myb, Myc, Myd88, Myh9, n-TUtca2, Naglu, Nbeal2, Ncapg2, Nckap1l, Ncoa6, Ncor1, Ndfip1, Ndp, Nedd9, Nemp1, Nf1, Nfatc1, Nfe2l1, Nfix, Nfkbia, Ninj1, Nkap, Nkx2-3, Nme1, Nme2, Notch2, Nr3c1, Nrros, Ocstamp, Oscar, Ostm1, P4htm, Pabpc4, Paf1, Pafah1b1, Pde1b, Pf4, Pias3, Pik3r1, Pilrb1, Pip4k2a, Pir, Pira1, Pira6, Pirb, Pithd1, Pknox1, Pla2g10, Pla2g3, Plcb1, Plscr1, Pml, Pou4f1, Pou4f2, Pparg, Ppargc1b, Ppp3ca, Prdm16, Prdx3, Prkca, Prkdc, Prkx, Prmt1, Prtn3, Prxl2a, Psen1, Psen2, Ptbp3, Ptk2b, Ptpn11, Ptpn2, Ptpn6, Ptprj, Qki, Rab7b, Rabgap1l, Rac1, Rac2, Racgap1, Rara, Rarg, Rassf2, Rb1, Rbfox2, Rbm15, Rbp1, Rbpj, Rcor1, Relb, Rhag, Rhd, Ripk1, Rnf41, Ror2, Rps14, Rps19, Rps6, Rptor, Runx1, Sbno2, Scin, Selenow, Senp1, Setd1a, Sfrp1, Sfxn1, Sh2b3, Sh3pxd2a, Siglec15, Sirt1, Skic8, Slc11a2, Slc1a5, Slc25a38, Slc25a40, Slc25a5, Slc48a1, Slc4a1, Slc4a2, Slc9b2, Smad5, Smap1, Smarca4, Snx10, Socs1, Sox6, Sp1, Sp3, Spi1, Spib, Src, Srf, Srp54a, Srp54b, Srp54c, Stap1, Stat1, Stat3, Stat5a, Stat5b, Tal1, Tcea1, Tcf3, Tcirg1, Tcta, Tesc, Tescl, Tet2, Tfe3, Tfrc, Tgfb1, Tgfbr2, Tgfbr3, Thoc5, Thpo, Thra, Tifab, Tirap, Tjp2, Tlr2, Tlr4, Tmem14c, Tmem178, Tmem64, Tmod3, Tnf, Tnfaip6, Tnfrsf11a, Tnfrsf11b, Tnfsf11, Tnfsf9, Tob2, Tpm4, Traf6, Trem2, Trf, Trib1, Trim10, Trim58, Tspan2, Tspo2, Tubb1, Twist2, Tyrobp, Uba5, Ubash3b, Ubd, Ucp2, Ufl1, Vegfa, Vps13a, Vps33a, Vps33b, Vps54, Wasf2, Wdr1, Ypel4, Zbtb46, Zbtb7a, Zfp36, Zfp36l1, Zfp385a, Zfpm1	0.09689922480620156	mmu-miR-672-5p	Myeloid cell
responses
GO:0036006	cellular response to macrophage colony-stimulating factor stimulus	61	11	3.75	0.00111	0.0164714161849711	Alk, Axl, Ccl2, Csf1, Csf1r, Dcstamp, Ddr1, Ddr2, Dok1, Egfr, Epha1, Epha10, Epha2, Epha3, Epha4, Epha5, Epha6, Epha7, Epha8, Ephb1, Ephb2, Ephb3, Ephb4, Erbb2, Erbb4, Fer, Fgfr1, Fgfr2, Fgfr3, Fgfr4, Flt1, Flt3, Flt4, Igf1r, Insr, Insrr, Kdr, Kit, Ltk, Mertk, Met, Mst1r, Musk, Ntrk1, Ntrk2, Ntrk3, Pde1b, Pde2a, Pdgfra, Pdgfrb, Ptpn2, Ret, Ror2, Ros1, Stap1, Tek, Tie1, Tlr2, Tlr4, Trem2, Tyro3	0.18032786885245902	mmu-miR-672-5p	Myeloid cell
responses
GO:0036005	response to macrophage colony-stimulating factor	63	11	3.87	0.00146	0.02044398181818181	Alk, Alpl, Axl, Ccl2, Csf1, Csf1r, Dcstamp, Ddr1, Ddr2, Dok1, Egfr, Epha1, Epha10, Epha2, Epha3, Epha4, Epha5, Epha6, Epha7, Epha8, Ephb1, Ephb2, Ephb3, Ephb4, Erbb2, Erbb4, Fer, Fgfr1, Fgfr2, Fgfr3, Fgfr4, Flt1, Flt3, Flt4, Igf1r, Insr, Insrr, Kdr, Kit, Ltk, Mertk, Met, Mst1r, Musk, Ntrk1, Ntrk2, Ntrk3, Pde1b, Pde2a, Pdgfra, Pdgfrb, Ptpn2, Ret, Ror2, Ros1, Stap1, Tek, Tie1, Tlr2, Tlr4, Tnf, Trem2, Tyro3	0.1746031746031746	mmu-miR-672-5p	Myeloid cell
responses
GO:0038145	macrophage colony-stimulating factor signaling pathway	54	10	3.32	0.00149	0.0206760990990991	Alk, Axl, Csf1, Csf1r, Ddr1, Ddr2, Dok1, Egfr, Epha1, Epha10, Epha2, Epha3, Epha4, Epha5, Epha6, Epha7, Epha8, Ephb1, Ephb2, Ephb3, Ephb4, Erbb2, Erbb4, Fgfr1, Fgfr2, Fgfr3, Fgfr4, Flt1, Flt3, Flt4, Igf1r, Insr, Insrr, Kdr, Kit, Ltk, Mertk, Met, Mst1r, Musk, Ntrk1, Ntrk2, Ntrk3, Pdgfra, Pdgfrb, Ptpn2, Ret, Ror2, Ros1, Stap1, Tek, Tie1, Trem2, Tyro3	0.18518518518518517	mmu-miR-672-5p	Myeloid cell
responses
GO:0045637	regulation of myeloid cell differentiation	236	26	14.5	0.00291	0.03488150194552529	Abcb10, Acin1, Acvr1b, Acvr2a, Adam8, Adipoq, Ankrd54, Apc, Apcs, Asxl2, B2m, Bmyc, Brd1, C1qc, Car2, Cartpt, Casp8, Ccl21b, Ccl3, Ccl5, Ccl9, Ccr1, Ccr1l1, Cd101, Cd4, Cd74, Cdc73, Cdk6, Ceacam1, Cebpb, Cib1, Cldn18, Clec2d, Clec2g, Clec2i, Cnot4, Creb1, Csf1, Csf1r, Csf3, Csf3r, Ctnnb1, Ctnnbip1, Ctr9, Cul4a, Dcstamp, Dlk1, Dll1, Eeig1, Eif6, Erfe, Esrra, Ets1, Evi2, Evi2b, Fadd, Fam210b, Fas, Faxdc2, Fbn1, Fbxw7, Fes, Fgfr3, Fos, Foxo3, Foxp1, Fshb, Fshr, Fstl3, Gabpa, Gata1, Gata2, Gfi1b, Gnas, Gpr137, Gpr137b, Gpr171, Gpr55, Gpr68, Gsk3b, Hax1, Hbb-b2, Hcls1, Hif1a, Hmgb1, Hmgb2, Hmgb3, Hoxa5, Hoxa7, Hoxa9, Hoxb8, Hsf1, Hspa1b, Hspa9, Iapp, Id2, Ifna, Ifnb1, Ifng, Ikzf1, Il12b, Il17a, Il20, Il23a, Il3, Il34, Il4, Il5, Inhba, Inpp4b, Inpp5d, Isg15, Itgam, Itgb3, Itpkb, Jag1, Jun, Kat7, Kdm1a, Kitl, Klf10, Klf13, L3mbtl1, Ldb1, Lef1, Leo1, Lif, Lilrb4a, Lilrb4b, Lmo2, Lox, Lrrc17, Ltf, Lyn, Mafb, Mapk14, Med1, Mef2c, Meis1, Meis2, Mir125a, Mir223, Mir9718, Mitf, Mpl, Mtor, Mturn, Myb, Myc, Nckap1l, Ndfip1, Nedd9, Nf1, Nfkbia, Ninj1, Nme1, Nme2, Notch2, Ocstamp, P4htm, Paf1, Pf4, Pias3, Pik3r1, Pilrb1, Pira1, Pira6, Pithd1, Pla2g3, Pou4f1, Pou4f2, Ppargc1b, Ppp3ca, Prdm16, Prkca, Prkdc, Prmt1, Prxl2a, Ptk2b, Ptpn2, Qki, Rab7b, Rara, Rarg, Rassf2, Rb1, Rbfox2, Rbm15, Rbp1, Rcor1, Ripk1, Rnf41, Ror2, Rptor, Runx1, Scin, Senp1, Setd1a, Sfrp1, Skic8, Slc9b2, Smap1, Spi1, Stat1, Stat3, Stat5a, Stat5b, Tal1, Tcta, Tesc, Tescl, Tfe3, Tgfb1, Thoc5, Thpo, Tjp2, Tmem178, Tmem64, Tnf, Tnfaip6, Tnfrsf11a, Tnfrsf11b, Tnfsf11, Tob2, Traf6, Trem2, Trib1, Twist2, Tyrobp, Ubash3b, Ypel4, Zbtb46, Zbtb7a, Zfp36, Zfp36l1, Zfpm1	0.11016949152542373	mmu-miR-672-5p	Myeloid cell
responses
GO:0036005	response to macrophage colony-stimulating factor	63	29	9.12	2e-9	7.906459948320413e-8	Alk, Alpl, Axl, Ccl2, Csf1, Csf1r, Dcstamp, Ddr1, Ddr2, Dok1, Egfr, Epha1, Epha10, Epha2, Epha3, Epha4, Epha5, Epha6, Epha7, Epha8, Ephb1, Ephb2, Ephb3, Ephb4, Erbb2, Erbb4, Fer, Fgfr1, Fgfr2, Fgfr3, Fgfr4, Flt1, Flt3, Flt4, Igf1r, Insr, Insrr, Kdr, Kit, Ltk, Mertk, Met, Mst1r, Musk, Ntrk1, Ntrk2, Ntrk3, Pde1b, Pde2a, Pdgfra, Pdgfrb, Ptpn2, Ret, Ror2, Ros1, Stap1, Tek, Tie1, Tlr2, Tlr4, Tnf, Trem2, Tyro3	0.4603174603174603	mmu-miR-760-3p	Myeloid cell
responses
GO:0030099	myeloid cell differentiation	516	125	74.74	2.4e-9	9.248765743073048e-8	Abcb10, Abi1, Acin1, Actn1, Acvr1b, Acvr2a, Adam8, Adar, Add1, Adgrf4, Adgrf5, Adipoq, Ahsp, Alas1, Alas2, Ank1, Ankrd54, Anxa2, Ap3b1, Apc, Apcs, App, Arid4a, Asxl2, Atp5if1, Atp6ap1, B2m, Bap1, Batf, Batf2, Batf3, Bbln, Bcl6, Bloodlinc, Blvrb, Bmp2, Bmp4, Bmyc, Bpgm, Brd1, C1qc, Calcr, Camk4, Car2, Cartpt, Casp3, Casp8, Cbfa2t3, Cbfb, Ccdc39, Ccl19, Ccl21b, Ccl3, Ccl5, Ccl9, Ccn4, Ccr1, Ccr1l1, Ccr7, Cd101, Cd109, Cd300lf, Cd4, Cd74, Cd81, Cdc73, Cdin1, Cdk5rap3, Cdk6, Cdkn1c, Cdkn2b, Ceacam1, Cebpa, Cebpb, Cebpe, Cebpg, Cflar, Chmp5, Chuk, Cib1, Cited2, Cldn18, Clec1b, Clec2d, Clec2g, Clec2i, Clec5a, Clpb, Cnot4, Creb1, Csf1, Csf1r, Csf2, Csf3, Csf3r, Ctnnb1, Ctnnbip1, Ctr9, Cul4a, Dab2, Dcstamp, Dhrs7b, Diaph3, Dlk1, Dll1, Dmtn, Dnase2a, Dyrk3, Eeig1, Efna2, Ehbp1l1, Eif2ak1, Eif6, Enpp1, Ep300, Epas1, Epb42, Epha2, Epo, Epsti1, Ercc2, Erfe, Esrra, Ets1, Etv2, Evi2, Evi2b, Exoc6, F2rl1, Fadd, Fam20c, Fam210b, Fam3c, Farp2, Fas, Fasn, Faxdc2, Fbn1, Fbxw7, Fcer1g, Fech, Fes, Fgfr3, Fli1, Flna, Flvcr1, Fos, Fosl2, Foxo3, Foxp1, Fshb, Fshr, Fstl3, G6pd2, G6pdx, Gab2, Gab3, Gabpa, Gata1, Gata2, Gata3, Gba1, Gfi1b, Gimap3, Gimap5, Glo1, Gm15915, Gmpr2, Gnas, Gp1ba, Gp1bb, Gp5, Gp9, Gpc3, Gpr137, Gpr137b, Gpr171, Gpr183, Gpr55, Gpr68, Gsk3b, Hax1, Hba-a1, Hba-a2, Hba-x, Hbb-b1, Hbb-b2, Hcls1, Hdac6, Heatr3, Heph, Hhex, Hif1a, Hmga1, Hmgb1, Hmgb2, Hmgb3, Hnrnpu, Hoxa5, Hoxa7, Hoxa9, Hoxb7, Hoxb8, Hscb, Hsf1, Hspa1b, Hspa9, Iapp, Id2, Ifi203, Ifi203-ps, Ifi206, Ifi207, Ifi208, Ifi209, Ifi213, Ifi214, Ifna, Ifnb1, Ifng, Ift80, Ighe, Igsf23, Ikzf1, Il12b, Il15, Il17a, Il17c, Il1rl1, Il20, Il23a, Il25, Il3, Il31ra, Il33, Il34, Il4, Il5, Inhba, Inpp4b, Inpp5d, Ireb2, Irf4, Irf8, Isg15, Itgam, Itgb3, Itgb6, Itgb8, Itpkb, Jag1, Jagn1, Jak2, Jmjd6, Jun, Junb, Kat6a, Kat7, Kat8, Kcnq1, Kdm1a, Kit, Kitl, Klf1, Klf10, Klf13, Klf2, Kmt2e, L3mbtl1, L3mbtl3, Large1, Lbr, Ldb1, Lef1, Leo1, Lif, Lilrb4a, Lilrb4b, Lipa, Lmo2, Lox, Lrrc17, Lrrk1, Ltbr, Ltf, Lyar, Lyn, Maea, Maf, Mafb, Mapk14, Mb, Med1, Mef2c, Meis1, Meis2, Mfap2, Mfhas1, Mfsd8, Mir122, Mir125a, Mir144, Mir146, Mir223, Mir451a, Mir451b, Mir9718, Mitf, Mndal, Mpig6b, Mpl, Mtor, Mturn, Myb, Myc, Myd88, Myh9, n-TUtca2, Naglu, Nbeal2, Ncapg2, Nckap1l, Ncoa6, Ncor1, Ndfip1, Ndp, Nedd9, Nemp1, Nf1, Nfatc1, Nfe2l1, Nfix, Nfkbia, Ninj1, Nkap, Nkx2-3, Nme1, Nme2, Notch2, Nr3c1, Nrros, Ocstamp, Oscar, Ostm1, P4htm, Pabpc4, Paf1, Pafah1b1, Pde1b, Pf4, Pias3, Pik3r1, Pilrb1, Pip4k2a, Pir, Pira1, Pira6, Pirb, Pithd1, Pknox1, Pla2g10, Pla2g3, Plcb1, Plscr1, Pml, Pou4f1, Pou4f2, Pparg, Ppargc1b, Ppp3ca, Prdm16, Prdx3, Prkca, Prkdc, Prkx, Prmt1, Prtn3, Prxl2a, Psen1, Psen2, Ptbp3, Ptk2b, Ptpn11, Ptpn2, Ptpn6, Ptprj, Qki, Rab7b, Rabgap1l, Rac1, Rac2, Racgap1, Rara, Rarg, Rassf2, Rb1, Rbfox2, Rbm15, Rbp1, Rbpj, Rcor1, Relb, Rhag, Rhd, Ripk1, Rnf41, Ror2, Rps14, Rps19, Rps6, Rptor, Runx1, Sbno2, Scin, Selenow, Senp1, Setd1a, Sfrp1, Sfxn1, Sh2b3, Sh3pxd2a, Siglec15, Sirt1, Skic8, Slc11a2, Slc1a5, Slc25a38, Slc25a40, Slc25a5, Slc48a1, Slc4a1, Slc4a2, Slc9b2, Smad5, Smap1, Smarca4, Snx10, Socs1, Sox6, Sp1, Sp3, Spi1, Spib, Src, Srf, Srp54a, Srp54b, Srp54c, Stap1, Stat1, Stat3, Stat5a, Stat5b, Tal1, Tcea1, Tcf3, Tcirg1, Tcta, Tesc, Tescl, Tet2, Tfe3, Tfrc, Tgfb1, Tgfbr2, Tgfbr3, Thoc5, Thpo, Thra, Tifab, Tirap, Tjp2, Tlr2, Tlr4, Tmem14c, Tmem178, Tmem64, Tmod3, Tnf, Tnfaip6, Tnfrsf11a, Tnfrsf11b, Tnfsf11, Tnfsf9, Tob2, Tpm4, Traf6, Trem2, Trf, Trib1, Trim10, Trim58, Tspan2, Tspo2, Tubb1, Twist2, Tyrobp, Uba5, Ubash3b, Ubd, Ucp2, Ufl1, Vegfa, Vps13a, Vps33a, Vps33b, Vps54, Wasf2, Wdr1, Ypel4, Zbtb46, Zbtb7a, Zfp36, Zfp36l1, Zfp385a, Zfpm1	0.24224806201550386	mmu-miR-760-3p	Myeloid cell
responses
GO:0036006	cellular response to macrophage colony-stimulating factor stimulus	61	28	8.84	4.1e-9	1.5114674698795186e-7	Alk, Axl, Ccl2, Csf1, Csf1r, Dcstamp, Ddr1, Ddr2, Dok1, Egfr, Epha1, Epha10, Epha2, Epha3, Epha4, Epha5, Epha6, Epha7, Epha8, Ephb1, Ephb2, Ephb3, Ephb4, Erbb2, Erbb4, Fer, Fgfr1, Fgfr2, Fgfr3, Fgfr4, Flt1, Flt3, Flt4, Igf1r, Insr, Insrr, Kdr, Kit, Ltk, Mertk, Met, Mst1r, Musk, Ntrk1, Ntrk2, Ntrk3, Pde1b, Pde2a, Pdgfra, Pdgfrb, Ptpn2, Ret, Ror2, Ros1, Stap1, Tek, Tie1, Tlr2, Tlr4, Trem2, Tyro3	0.45901639344262296	mmu-miR-760-3p	Myeloid cell
responses
GO:0038145	macrophage colony-stimulating factor signaling pathway	54	26	7.82	4.1e-9	1.5114674698795186e-7	Alk, Axl, Csf1, Csf1r, Ddr1, Ddr2, Dok1, Egfr, Epha1, Epha10, Epha2, Epha3, Epha4, Epha5, Epha6, Epha7, Epha8, Ephb1, Ephb2, Ephb3, Ephb4, Erbb2, Erbb4, Fgfr1, Fgfr2, Fgfr3, Fgfr4, Flt1, Flt3, Flt4, Igf1r, Insr, Insrr, Kdr, Kit, Ltk, Mertk, Met, Mst1r, Musk, Ntrk1, Ntrk2, Ntrk3, Pdgfra, Pdgfrb, Ptpn2, Ret, Ror2, Ros1, Stap1, Tek, Tie1, Trem2, Tyro3	0.48148148148148145	mmu-miR-760-3p	Myeloid cell
responses
GO:0002262	myeloid cell homeostasis	233	65	33.75	7.8e-8	2.290445297504798e-6	Abcb10, Acin1, Acvr1b, Acvr2a, Adam17, Adar, Add1, Adgrf4, Adgrf5, Ahsp, Alas1, Alas2, Ampd3, Ank1, Ankrd54, Anxa1, Arid4a, Atp5if1, Axin1, Axl, B2m, Bak1, Bap1, Bax, Bbip1, Bbs4, Bcl2l11, Bcl6, Bloodlinc, Bmp4, Bpgm, Brd1, Btk, Casp3, Ccl2, Ccr2, Cd24a, Cd44, Cdin1, Cdk5rap3, Cdk6, Cebpg, Cfh, Chmp5, Cited2, Csf1, Csf1r, Cxcr2, Diaph3, Dmtn, Dnase2a, Dyrk3, Ehbp1l1, Epas1, Epb42, Epo, Ercc2, Ets1, Etv2, Exoc6, Fam210b, Fam3d, Fancc, Fcer1g, Fcgr2b, Fech, Flvcr1, Foxo3, Foxp3, G6pd2, G6pdx, Gata1, Gata2, Gata3, Gcnt4, Gfi1b, Gm15915, Gpi1, Hamp, Hba-a1, Hba-a2, Hba-x, Hbb-b1, Hbb-b2, Hc, Hcar2, Hcls1, Hdac6, Heatr3, Heph, Hif1a, Hmga1, Hmgb1, Hmgb2, Hmox1, Hnrnpu, Hoxa5, Hoxb6, Hscb, Hspa1b, Hspa9, Id2, Ifng, Ikzf1, Il18, Il3, Il6, Inhba, Inpp5d, Ireb2, Isg15, Itgam, Itpkb, Jak2, Jam3, Jmjd6, Kat7, Kcnq1, Kdm1a, Kit, Kitl, Klf1, Klf13, Klf2, Kmt2e, L3mbtl3, Ldb1, Lilrb4a, Lipa, Lmo2, Lyar, Lyn, Maea, Mafb, Mapk14, Mb, Mecom, Med1, Mertk, Mfhas1, Mir122, Mir125a, Mir144, Mir451a, Mir451b, Mpig6b, Mpl, Mthfd1, Myb, n-TUtca2, Ncapg2, Nckap1l, Ncor1, Ncstn, Nemp1, Nf1, Nfe2l1, P4htm, Pde4b, Pik3cb, Pik3cd, Pknox1, Pla2g10, Plcb1, Prdx1, Prkdc, Prmt1, Ptbp3, Ptpn2, Rac1, Rac2, Racgap1, Rb1, Rbfox2, Rcor1, Rhag, Rhd, Rps14, Rps17, Rps19, Rps24, Rps6, Scnn1b, Selenow, Senp1, Setd1a, Sfxn1, Sh2b3, Slc11a2, Slc15a4, Slc1a5, Slc25a38, Slc25a40, Slc25a5, Slc37a4, Slc48a1, Slc4a1, Slc7a11, Smad5, Smap1, Smarca4, Sod1, Sox6, Sp1, Sp3, Spi1, Srf, Stat1, Stat3, Stat5a, Stat5b, Tal1, Tcea1, Tcf3, Tgfbr3, Thra, Tmem14c, Tmod3, Traf3ip2, Trim10, Trim58, Tspan9, Tspo2, Uba5, Ufl1, Vegfa, Vps13a, Xkr8, Ypel4, Zbtb7a, Zfp36, Zfp36l1, Zfpm1	0.27896995708154504	mmu-miR-760-3p	Myeloid cell
responses
GO:0045637	regulation of myeloid cell differentiation	236	65	34.18	1.3e-7	3.683092592592593e-6	Abcb10, Acin1, Acvr1b, Acvr2a, Adam8, Adipoq, Ankrd54, Apc, Apcs, Asxl2, B2m, Bmyc, Brd1, C1qc, Car2, Cartpt, Casp8, Ccl21b, Ccl3, Ccl5, Ccl9, Ccr1, Ccr1l1, Cd101, Cd4, Cd74, Cdc73, Cdk6, Ceacam1, Cebpb, Cib1, Cldn18, Clec2d, Clec2g, Clec2i, Cnot4, Creb1, Csf1, Csf1r, Csf3, Csf3r, Ctnnb1, Ctnnbip1, Ctr9, Cul4a, Dcstamp, Dlk1, Dll1, Eeig1, Eif6, Erfe, Esrra, Ets1, Evi2, Evi2b, Fadd, Fam210b, Fas, Faxdc2, Fbn1, Fbxw7, Fes, Fgfr3, Fos, Foxo3, Foxp1, Fshb, Fshr, Fstl3, Gabpa, Gata1, Gata2, Gfi1b, Gnas, Gpr137, Gpr137b, Gpr171, Gpr55, Gpr68, Gsk3b, Hax1, Hbb-b2, Hcls1, Hif1a, Hmgb1, Hmgb2, Hmgb3, Hoxa5, Hoxa7, Hoxa9, Hoxb8, Hsf1, Hspa1b, Hspa9, Iapp, Id2, Ifna, Ifnb1, Ifng, Ikzf1, Il12b, Il17a, Il20, Il23a, Il3, Il34, Il4, Il5, Inhba, Inpp4b, Inpp5d, Isg15, Itgam, Itgb3, Itpkb, Jag1, Jun, Kat7, Kdm1a, Kitl, Klf10, Klf13, L3mbtl1, Ldb1, Lef1, Leo1, Lif, Lilrb4a, Lilrb4b, Lmo2, Lox, Lrrc17, Ltf, Lyn, Mafb, Mapk14, Med1, Mef2c, Meis1, Meis2, Mir125a, Mir223, Mir9718, Mitf, Mpl, Mtor, Mturn, Myb, Myc, Nckap1l, Ndfip1, Nedd9, Nf1, Nfkbia, Ninj1, Nme1, Nme2, Notch2, Ocstamp, P4htm, Paf1, Pf4, Pias3, Pik3r1, Pilrb1, Pira1, Pira6, Pithd1, Pla2g3, Pou4f1, Pou4f2, Ppargc1b, Ppp3ca, Prdm16, Prkca, Prkdc, Prmt1, Prxl2a, Ptk2b, Ptpn2, Qki, Rab7b, Rara, Rarg, Rassf2, Rb1, Rbfox2, Rbm15, Rbp1, Rcor1, Ripk1, Rnf41, Ror2, Rptor, Runx1, Scin, Senp1, Setd1a, Sfrp1, Skic8, Slc9b2, Smap1, Spi1, Stat1, Stat3, Stat5a, Stat5b, Tal1, Tcta, Tesc, Tescl, Tfe3, Tgfb1, Thoc5, Thpo, Tjp2, Tmem178, Tmem64, Tnf, Tnfaip6, Tnfrsf11a, Tnfrsf11b, Tnfsf11, Tob2, Traf6, Trem2, Trib1, Twist2, Tyrobp, Ubash3b, Ypel4, Zbtb46, Zbtb7a, Zfp36, Zfp36l1, Zfpm1	0.2754237288135593	mmu-miR-760-3p	Myeloid cell
responses
GO:0002275	myeloid cell activation involved in immune response	115	30	16.66	7.8e-4	0.0079874297188755	Abr, Adora2b, Adora3, Anxa3, Bcr, Btk, Cbl, Ccl3, Ccr2, Cd177, Cd300a, Cd84, Chga, Clnk, Cplx2, Crhr1, Cx3cr1, D6Wsu163e, Dnase1, Dnase1l3, Dock2, Dysf, Enpp3, F2rl1, Fcer1a, Fcer1g, Fer, Fes, Fgr, Foxf1, Gab2, Gata1, Gata2, Gkn2, Gpr15lg, Grn, Grp, Havcr2, Hmgb1, Hmox1, Ifi35, Ifnb1, Ifng, Igh-7, Ighe, Il13, Il13ra2, Il33, Il4, Il4ra, Itgam, Itgb2, Itgb2l, Kars1, Kit, Lat, Lat2, Lbp, Lilrb4a, Lyn, Lypd10, Lypd11, Milr1, Mrgprb1, Mrgprx2, Ms4a2, Myd88, Myo1f, Nmi, Nppa, Nppc, Nr4a3, Pdpk1, Pi4k2a, Pla2g3, Plcg2, Pld2, Pram1, Prkce, Ptafr, Ptgdr, Ptgds, Ptpn6, Pycard, Rab44, Rabgef1, Rac2, Rasgrp1, Sbno2, Scn11a, Scnn1b, Slamf1, Slc18a2, Snap23, Snx4, Sphk2, Spi1, Stx11, Stx4a, Stxbp1, Stxbp2, Stxbp3, Sucnr1, Syk, Tac4, Ticam1, Tnf, Trem2, Trex1, Tyrobp, Unc13d, Vamp2, Vamp7, Vamp8, Ywhaz	0.2608695652173913	mmu-miR-760-3p	Myeloid cell
responses
GO:0061515	myeloid cell development	107	27	15.5	0.00234	0.01985560732113145	Abcb10, Abi1, Adgrf4, Adgrf5, Alas1, Alas2, Ank1, Anxa2, App, Arid4a, Atp6ap1, Bap1, Bcl6, Bloodlinc, Bpgm, Brd1, Cebpb, Cited2, Cldn18, Csf1r, Diaph3, Dmtn, Ep300, Epb42, Epo, Ercc2, Evi2b, Fam20c, Fam210b, Fbn1, Fbxw7, Fli1, Flna, Flvcr1, Foxp1, G6pd2, G6pdx, Gata1, Gm15915, Gp1ba, Gp1bb, Gp5, Gp9, Gpr68, Hba-a1, Hba-a2, Hba-x, Hbb-b1, Hbb-b2, Hdac6, Heatr3, Itgam, Jmjd6, Kit, Klf1, Klf2, L3mbtl3, Lrrk1, Ltf, Lyar, Maea, Med1, Meis1, Mpig6b, Myb, Nbeal2, Nckap1l, Nemp1, Ninj1, Notch2, Nrros, Pabpc4, Pafah1b1, Pip4k2a, Pla2g10, Ptbp3, Ptpn11, Ptpn6, Rabgap1l, Rac1, Rac2, Rhag, Rhd, Rps6, Sh2b3, Siglec15, Slc11a2, Slc25a40, Slc4a1, Slc9b2, Sox6, Src, Srf, Tal1, Thpo, Tjp2, Tlr2, Tmod3, Tnfsf11, Trim58, Tspan2, Tyrobp, Vps33b, Wasf2, Zbtb7a, Zfp385a, Zfpm1	0.2523364485981308	mmu-miR-760-3p	Myeloid cell
responses
GO:0033032	regulation of myeloid cell apoptotic process	39	13	5.65	0.00244	0.02052202308960967	Adam17, Adipoq, Anxa1, Apoh, Bcl2, Ccl5, Ccr5, Cd44, Cdkn2a, Clec5a, Cxcr2, Epo, Fcer1g, Fcgr2b, Gas6, Gata1, Ghsr, Hcar2, Il18, Il3, Itpkb, Kitl, Maea, Mef2c, Mif, Nf1, Nod2, Pik3cb, Pik3cd, Pten, Selenos, Sirt1, Slc7a11, Snai2, St6gal1, Stat5a, Stat5b, Thra, Trim35	0.3333333333333333	mmu-miR-760-3p	Myeloid cell
responses
GO:0061515	myeloid cell development	107	17	6.97	5.4e-4	0.01011284671532846	Abcb10, Abi1, Adgrf4, Adgrf5, Alas1, Alas2, Ank1, Anxa2, App, Arid4a, Atp6ap1, Bap1, Bcl6, Bloodlinc, Bpgm, Brd1, Cebpb, Cited2, Cldn18, Csf1r, Diaph3, Dmtn, Ep300, Epb42, Epo, Ercc2, Evi2b, Fam20c, Fam210b, Fbn1, Fbxw7, Fli1, Flna, Flvcr1, Foxp1, G6pd2, G6pdx, Gata1, Gm15915, Gp1ba, Gp1bb, Gp5, Gp9, Gpr68, Hba-a1, Hba-a2, Hba-x, Hbb-b1, Hbb-b2, Hdac6, Heatr3, Itgam, Jmjd6, Kit, Klf1, Klf2, L3mbtl3, Lrrk1, Ltf, Lyar, Maea, Med1, Meis1, Mpig6b, Myb, Nbeal2, Nckap1l, Nemp1, Ninj1, Notch2, Nrros, Pabpc4, Pafah1b1, Pip4k2a, Pla2g10, Ptbp3, Ptpn11, Ptpn6, Rabgap1l, Rac1, Rac2, Rhag, Rhd, Rps6, Sh2b3, Siglec15, Slc11a2, Slc25a40, Slc4a1, Slc9b2, Sox6, Src, Srf, Tal1, Thpo, Tjp2, Tlr2, Tmod3, Tnfsf11, Trim58, Tspan2, Tyrobp, Vps33b, Wasf2, Zbtb7a, Zfp385a, Zfpm1	0.1588785046728972	mmu-miR-770-3p	Myeloid cell
responses
GO:0030099	myeloid cell differentiation	516	53	33.59	7.1e-4	0.01275348891481913	Abcb10, Abi1, Acin1, Actn1, Acvr1b, Acvr2a, Adam8, Adar, Add1, Adgrf4, Adgrf5, Adipoq, Ahsp, Alas1, Alas2, Ank1, Ankrd54, Anxa2, Ap3b1, Apc, Apcs, App, Arid4a, Asxl2, Atp5if1, Atp6ap1, B2m, Bap1, Batf, Batf2, Batf3, Bbln, Bcl6, Bloodlinc, Blvrb, Bmp2, Bmp4, Bmyc, Bpgm, Brd1, C1qc, Calcr, Camk4, Car2, Cartpt, Casp3, Casp8, Cbfa2t3, Cbfb, Ccdc39, Ccl19, Ccl21b, Ccl3, Ccl5, Ccl9, Ccn4, Ccr1, Ccr1l1, Ccr7, Cd101, Cd109, Cd300lf, Cd4, Cd74, Cd81, Cdc73, Cdin1, Cdk5rap3, Cdk6, Cdkn1c, Cdkn2b, Ceacam1, Cebpa, Cebpb, Cebpe, Cebpg, Cflar, Chmp5, Chuk, Cib1, Cited2, Cldn18, Clec1b, Clec2d, Clec2g, Clec2i, Clec5a, Clpb, Cnot4, Creb1, Csf1, Csf1r, Csf2, Csf3, Csf3r, Ctnnb1, Ctnnbip1, Ctr9, Cul4a, Dab2, Dcstamp, Dhrs7b, Diaph3, Dlk1, Dll1, Dmtn, Dnase2a, Dyrk3, Eeig1, Efna2, Ehbp1l1, Eif2ak1, Eif6, Enpp1, Ep300, Epas1, Epb42, Epha2, Epo, Epsti1, Ercc2, Erfe, Esrra, Ets1, Etv2, Evi2, Evi2b, Exoc6, F2rl1, Fadd, Fam20c, Fam210b, Fam3c, Farp2, Fas, Fasn, Faxdc2, Fbn1, Fbxw7, Fcer1g, Fech, Fes, Fgfr3, Fli1, Flna, Flvcr1, Fos, Fosl2, Foxo3, Foxp1, Fshb, Fshr, Fstl3, G6pd2, G6pdx, Gab2, Gab3, Gabpa, Gata1, Gata2, Gata3, Gba1, Gfi1b, Gimap3, Gimap5, Glo1, Gm15915, Gmpr2, Gnas, Gp1ba, Gp1bb, Gp5, Gp9, Gpc3, Gpr137, Gpr137b, Gpr171, Gpr183, Gpr55, Gpr68, Gsk3b, Hax1, Hba-a1, Hba-a2, Hba-x, Hbb-b1, Hbb-b2, Hcls1, Hdac6, Heatr3, Heph, Hhex, Hif1a, Hmga1, Hmgb1, Hmgb2, Hmgb3, Hnrnpu, Hoxa5, Hoxa7, Hoxa9, Hoxb7, Hoxb8, Hscb, Hsf1, Hspa1b, Hspa9, Iapp, Id2, Ifi203, Ifi203-ps, Ifi206, Ifi207, Ifi208, Ifi209, Ifi213, Ifi214, Ifna, Ifnb1, Ifng, Ift80, Ighe, Igsf23, Ikzf1, Il12b, Il15, Il17a, Il17c, Il1rl1, Il20, Il23a, Il25, Il3, Il31ra, Il33, Il34, Il4, Il5, Inhba, Inpp4b, Inpp5d, Ireb2, Irf4, Irf8, Isg15, Itgam, Itgb3, Itgb6, Itgb8, Itpkb, Jag1, Jagn1, Jak2, Jmjd6, Jun, Junb, Kat6a, Kat7, Kat8, Kcnq1, Kdm1a, Kit, Kitl, Klf1, Klf10, Klf13, Klf2, Kmt2e, L3mbtl1, L3mbtl3, Large1, Lbr, Ldb1, Lef1, Leo1, Lif, Lilrb4a, Lilrb4b, Lipa, Lmo2, Lox, Lrrc17, Lrrk1, Ltbr, Ltf, Lyar, Lyn, Maea, Maf, Mafb, Mapk14, Mb, Med1, Mef2c, Meis1, Meis2, Mfap2, Mfhas1, Mfsd8, Mir122, Mir125a, Mir144, Mir146, Mir223, Mir451a, Mir451b, Mir9718, Mitf, Mndal, Mpig6b, Mpl, Mtor, Mturn, Myb, Myc, Myd88, Myh9, n-TUtca2, Naglu, Nbeal2, Ncapg2, Nckap1l, Ncoa6, Ncor1, Ndfip1, Ndp, Nedd9, Nemp1, Nf1, Nfatc1, Nfe2l1, Nfix, Nfkbia, Ninj1, Nkap, Nkx2-3, Nme1, Nme2, Notch2, Nr3c1, Nrros, Ocstamp, Oscar, Ostm1, P4htm, Pabpc4, Paf1, Pafah1b1, Pde1b, Pf4, Pias3, Pik3r1, Pilrb1, Pip4k2a, Pir, Pira1, Pira6, Pirb, Pithd1, Pknox1, Pla2g10, Pla2g3, Plcb1, Plscr1, Pml, Pou4f1, Pou4f2, Pparg, Ppargc1b, Ppp3ca, Prdm16, Prdx3, Prkca, Prkdc, Prkx, Prmt1, Prtn3, Prxl2a, Psen1, Psen2, Ptbp3, Ptk2b, Ptpn11, Ptpn2, Ptpn6, Ptprj, Qki, Rab7b, Rabgap1l, Rac1, Rac2, Racgap1, Rara, Rarg, Rassf2, Rb1, Rbfox2, Rbm15, Rbp1, Rbpj, Rcor1, Relb, Rhag, Rhd, Ripk1, Rnf41, Ror2, Rps14, Rps19, Rps6, Rptor, Runx1, Sbno2, Scin, Selenow, Senp1, Setd1a, Sfrp1, Sfxn1, Sh2b3, Sh3pxd2a, Siglec15, Sirt1, Skic8, Slc11a2, Slc1a5, Slc25a38, Slc25a40, Slc25a5, Slc48a1, Slc4a1, Slc4a2, Slc9b2, Smad5, Smap1, Smarca4, Snx10, Socs1, Sox6, Sp1, Sp3, Spi1, Spib, Src, Srf, Srp54a, Srp54b, Srp54c, Stap1, Stat1, Stat3, Stat5a, Stat5b, Tal1, Tcea1, Tcf3, Tcirg1, Tcta, Tesc, Tescl, Tet2, Tfe3, Tfrc, Tgfb1, Tgfbr2, Tgfbr3, Thoc5, Thpo, Thra, Tifab, Tirap, Tjp2, Tlr2, Tlr4, Tmem14c, Tmem178, Tmem64, Tmod3, Tnf, Tnfaip6, Tnfrsf11a, Tnfrsf11b, Tnfsf11, Tnfsf9, Tob2, Tpm4, Traf6, Trem2, Trf, Trib1, Trim10, Trim58, Tspan2, Tspo2, Tubb1, Twist2, Tyrobp, Uba5, Ubash3b, Ubd, Ucp2, Ufl1, Vegfa, Vps13a, Vps33a, Vps33b, Vps54, Wasf2, Wdr1, Ypel4, Zbtb46, Zbtb7a, Zfp36, Zfp36l1, Zfp385a, Zfpm1	0.10271317829457365	mmu-miR-770-3p	Myeloid cell
responses
GO:0036006	cellular response to macrophage colony-stimulating factor stimulus	61	6	0.99	4.7e-4	0.03255013452914798	Alk, Axl, Ccl2, Csf1, Csf1r, Dcstamp, Ddr1, Ddr2, Dok1, Egfr, Epha1, Epha10, Epha2, Epha3, Epha4, Epha5, Epha6, Epha7, Epha8, Ephb1, Ephb2, Ephb3, Ephb4, Erbb2, Erbb4, Fer, Fgfr1, Fgfr2, Fgfr3, Fgfr4, Flt1, Flt3, Flt4, Igf1r, Insr, Insrr, Kdr, Kit, Ltk, Mertk, Met, Mst1r, Musk, Ntrk1, Ntrk2, Ntrk3, Pde1b, Pde2a, Pdgfra, Pdgfrb, Ptpn2, Ret, Ror2, Ros1, Stap1, Tek, Tie1, Tlr2, Tlr4, Trem2, Tyro3	0.09836065573770492	NovelmiRNA-1265	Myeloid cell
responses
GO:0036005	response to macrophage colony-stimulating factor	63	6	1.02	5.6e-4	0.03711862660944206	Alk, Alpl, Axl, Ccl2, Csf1, Csf1r, Dcstamp, Ddr1, Ddr2, Dok1, Egfr, Epha1, Epha10, Epha2, Epha3, Epha4, Epha5, Epha6, Epha7, Epha8, Ephb1, Ephb2, Ephb3, Ephb4, Erbb2, Erbb4, Fer, Fgfr1, Fgfr2, Fgfr3, Fgfr4, Flt1, Flt3, Flt4, Igf1r, Insr, Insrr, Kdr, Kit, Ltk, Mertk, Met, Mst1r, Musk, Ntrk1, Ntrk2, Ntrk3, Pde1b, Pde2a, Pdgfra, Pdgfrb, Ptpn2, Ret, Ror2, Ros1, Stap1, Tek, Tie1, Tlr2, Tlr4, Tnf, Trem2, Tyro3	0.09523809523809523	NovelmiRNA-1265	Myeloid cell
responses
GO:0050851	antigen receptor-mediated signaling pathway	190	16	6.42	7.7e-4	0.02216910447761193	Abl1, Ada, Bax, Bcar1, Bcl10, Bcl2, Bcl2a1d, Blk, Blnk, Bmx, Braf, Btk, Btn1a1, Btn2a2, Btnl1, Btnl10, Btnl12, Btnl2, Btnl4, Btnl6, Btnl9, Btrc, Cacnb3, Cacnb4, Card11, Carmil2, Cblb, Ccr7, Cd160, Cd19, Cd22, Cd226, Cd247, Cd276, Cd28, Cd2ap, Cd300a, Cd38, Cd3e, Cd79a, Cd79b, Cd81, Cd8a, Cd8b1, Ceacam1, Clec2i, Cmtm3, Crkl, Ctla4, Cyld, Dennd1b, Dgkz, Dusp22, Dusp3, Eif2b1, Eif2b2, Eif2b3, Eif2b4, Eif2b5, Elf1, Ermap, Ezr, Fcho1, Fcmr, Fcrl5, Fosl2, Foxp1, Foxp3, Fyb1, Fyb2, Fyn, Gata3, Gcsam, Gps2, Grb2, Hras, Icosl, Ifng, Ighe, Ighm, Ikbkg, Itk, Kcnn4, Khdrbs1, Klhl6, Laptm5, Lat, Lat2, Lax1, Lck, Lcp2, Lgals3, Lilrb4a, Lilrb4b, Lime1, Lipa, Lpxn, Lyn, Malt1, Mapk1, Mef2c, Mog, Ms4a1, Nckap1l, Nectin2, Nfam1, Nfatc2, Nfkb1, Nfkbia, Nfkbid, Nfkbiz, Nras, Pawr, Pde4b, Pde4d, Phpt1, Plcg1, Plcg2, Plcl2, Plekha1, Pram1, Prkcb, Prkch, Prkd2, Prnp, Psen1, Psen2, Ptpn2, Ptpn22, Ptpn6, Ptprc, Ptprj, Pvrig, Rab29, Rbck1, Rc3h1, Rc3h2, Rela, Rftn1, Ripk2, Rnf31, Rps3, Sh2b2, Sh2d1a, Shb, Skap1, Skint1, Skint10, Skint11, Skint2, Skint3, Skint4, Skint5, Skint6, Skint7, Skint8, Skint9, Sla2, Slc39a10, Slc39a6, Sos1, Sppl3, Stap1, Stk11, Stoml2, Syk, Tcrb, Tec, Tespa1, Themis, Themis2, Themis3, Thy1, Tnfrsf21, Traf6, Trat1, Trav7-2, Txk, Ubash3a, Ube2n, Ubr2, Usp12, Usp46, Usp9x, Vav3, Vtcn1, Wnk1, Zap70, Zc3h12a, Zfp683	0.08421052631578947	mmu-miR-106b-5p	MHC biosynthesis/
antigen presentation
GO:0050854	regulation of antigen receptor-mediated signaling pathway	68	6	0.98	4.5e-4	0.03278207547169811	Ada, Bcl10, Btn2a2, Btnl2, Btrc, Card11, Cblb, Ccr7, Cd160, Cd19, Cd22, Cd226, Cd300a, Cd81, Ceacam1, Cmtm3, Cyld, Dgkz, Dusp22, Dusp3, Elf1, Ezr, Fcmr, Fcrl5, Foxp1, Gcsam, Gps2, Ikbkg, Kcnn4, Laptm5, Lck, Lgals3, Lilrb4a, Lilrb4b, Lipa, Lpxn, Lyn, Malt1, Nectin2, Nfam1, Pawr, Phpt1, Plcl2, Prkch, Prkd2, Prnp, Ptpn2, Ptpn22, Ptpn6, Ptprc, Ptprj, Pvrig, Rab29, Rc3h1, Rela, Rps3, Sh2d1a, Sla2, Slc39a10, Stap1, Tespa1, Thy1, Trat1, Ubash3a, Ubr2, Usp12, Usp46, Usp9x	0.08823529411764706	mmu-miR-10b-5p	MHC biosynthesis/
antigen presentation
GO:0050851	antigen receptor-mediated signaling pathway	190	10	2.74	4.7e-4	0.03360499999999999	Abl1, Ada, Bax, Bcar1, Bcl10, Bcl2, Bcl2a1d, Blk, Blnk, Bmx, Braf, Btk, Btn1a1, Btn2a2, Btnl1, Btnl10, Btnl12, Btnl2, Btnl4, Btnl6, Btnl9, Btrc, Cacnb3, Cacnb4, Card11, Carmil2, Cblb, Ccr7, Cd160, Cd19, Cd22, Cd226, Cd247, Cd276, Cd28, Cd2ap, Cd300a, Cd38, Cd3e, Cd79a, Cd79b, Cd81, Cd8a, Cd8b1, Ceacam1, Clec2i, Cmtm3, Crkl, Ctla4, Cyld, Dennd1b, Dgkz, Dusp22, Dusp3, Eif2b1, Eif2b2, Eif2b3, Eif2b4, Eif2b5, Elf1, Ermap, Ezr, Fcho1, Fcmr, Fcrl5, Fosl2, Foxp1, Foxp3, Fyb1, Fyb2, Fyn, Gata3, Gcsam, Gps2, Grb2, Hras, Icosl, Ifng, Ighe, Ighm, Ikbkg, Itk, Kcnn4, Khdrbs1, Klhl6, Laptm5, Lat, Lat2, Lax1, Lck, Lcp2, Lgals3, Lilrb4a, Lilrb4b, Lime1, Lipa, Lpxn, Lyn, Malt1, Mapk1, Mef2c, Mog, Ms4a1, Nckap1l, Nectin2, Nfam1, Nfatc2, Nfkb1, Nfkbia, Nfkbid, Nfkbiz, Nras, Pawr, Pde4b, Pde4d, Phpt1, Plcg1, Plcg2, Plcl2, Plekha1, Pram1, Prkcb, Prkch, Prkd2, Prnp, Psen1, Psen2, Ptpn2, Ptpn22, Ptpn6, Ptprc, Ptprj, Pvrig, Rab29, Rbck1, Rc3h1, Rc3h2, Rela, Rftn1, Ripk2, Rnf31, Rps3, Sh2b2, Sh2d1a, Shb, Skap1, Skint1, Skint10, Skint11, Skint2, Skint3, Skint4, Skint5, Skint6, Skint7, Skint8, Skint9, Sla2, Slc39a10, Slc39a6, Sos1, Sppl3, Stap1, Stk11, Stoml2, Syk, Tcrb, Tec, Tespa1, Themis, Themis2, Themis3, Thy1, Tnfrsf21, Traf6, Trat1, Trav7-2, Txk, Ubash3a, Ube2n, Ubr2, Usp12, Usp46, Usp9x, Vav3, Vtcn1, Wnk1, Zap70, Zc3h12a, Zfp683	0.05263157894736842	mmu-miR-10b-5p	MHC biosynthesis/
antigen presentation
GO:0050851	antigen receptor-mediated signaling pathway	190	32	15.33	5.5e-5	0.00188222222222222	Abl1, Ada, Bax, Bcar1, Bcl10, Bcl2, Bcl2a1d, Blk, Blnk, Bmx, Braf, Btk, Btn1a1, Btn2a2, Btnl1, Btnl10, Btnl12, Btnl2, Btnl4, Btnl6, Btnl9, Btrc, Cacnb3, Cacnb4, Card11, Carmil2, Cblb, Ccr7, Cd160, Cd19, Cd22, Cd226, Cd247, Cd276, Cd28, Cd2ap, Cd300a, Cd38, Cd3e, Cd79a, Cd79b, Cd81, Cd8a, Cd8b1, Ceacam1, Clec2i, Cmtm3, Crkl, Ctla4, Cyld, Dennd1b, Dgkz, Dusp22, Dusp3, Eif2b1, Eif2b2, Eif2b3, Eif2b4, Eif2b5, Elf1, Ermap, Ezr, Fcho1, Fcmr, Fcrl5, Fosl2, Foxp1, Foxp3, Fyb1, Fyb2, Fyn, Gata3, Gcsam, Gps2, Grb2, Hras, Icosl, Ifng, Ighe, Ighm, Ikbkg, Itk, Kcnn4, Khdrbs1, Klhl6, Laptm5, Lat, Lat2, Lax1, Lck, Lcp2, Lgals3, Lilrb4a, Lilrb4b, Lime1, Lipa, Lpxn, Lyn, Malt1, Mapk1, Mef2c, Mog, Ms4a1, Nckap1l, Nectin2, Nfam1, Nfatc2, Nfkb1, Nfkbia, Nfkbid, Nfkbiz, Nras, Pawr, Pde4b, Pde4d, Phpt1, Plcg1, Plcg2, Plcl2, Plekha1, Pram1, Prkcb, Prkch, Prkd2, Prnp, Psen1, Psen2, Ptpn2, Ptpn22, Ptpn6, Ptprc, Ptprj, Pvrig, Rab29, Rbck1, Rc3h1, Rc3h2, Rela, Rftn1, Ripk2, Rnf31, Rps3, Sh2b2, Sh2d1a, Shb, Skap1, Skint1, Skint10, Skint11, Skint2, Skint3, Skint4, Skint5, Skint6, Skint7, Skint8, Skint9, Sla2, Slc39a10, Slc39a6, Sos1, Sppl3, Stap1, Stk11, Stoml2, Syk, Tcrb, Tec, Tespa1, Themis, Themis2, Themis3, Thy1, Tnfrsf21, Traf6, Trat1, Trav7-2, Txk, Ubash3a, Ube2n, Ubr2, Usp12, Usp46, Usp9x, Vav3, Vtcn1, Wnk1, Zap70, Zc3h12a, Zfp683	0.16842105263157894	mmu-miR-330-5p	MHC biosynthesis/
antigen presentation
GO:0050854	regulation of antigen receptor-mediated signaling pathway	68	13	5.49	0.00278	0.04436476683937823	Ada, Bcl10, Btn2a2, Btnl2, Btrc, Card11, Cblb, Ccr7, Cd160, Cd19, Cd22, Cd226, Cd300a, Cd81, Ceacam1, Cmtm3, Cyld, Dgkz, Dusp22, Dusp3, Elf1, Ezr, Fcmr, Fcrl5, Foxp1, Gcsam, Gps2, Ikbkg, Kcnn4, Laptm5, Lck, Lgals3, Lilrb4a, Lilrb4b, Lipa, Lpxn, Lyn, Malt1, Nectin2, Nfam1, Pawr, Phpt1, Plcl2, Prkch, Prkd2, Prnp, Ptpn2, Ptpn22, Ptpn6, Ptprc, Ptprj, Pvrig, Rab29, Rc3h1, Rela, Rps3, Sh2d1a, Sla2, Slc39a10, Stap1, Tespa1, Thy1, Trat1, Ubash3a, Ubr2, Usp12, Usp46, Usp9x	0.19117647058823528	mmu-miR-330-5p	MHC biosynthesis/
antigen presentation
GO:0002513	tolerance induction to self antigen	7	3	0.29	0.00225	0.04355740276035132	Aire, Ccr7, Foxp3, Lyn, Tgfb1, Tgfbr2, Xkr8	0.42857142857142855	mmu-miR-490-3p	MHC biosynthesis/
antigen presentation
GO:0050851	antigen receptor-mediated signaling pathway	190	49	27.52	3e-5	4.6548681541582154e-4	Abl1, Ada, Bax, Bcar1, Bcl10, Bcl2, Bcl2a1d, Blk, Blnk, Bmx, Braf, Btk, Btn1a1, Btn2a2, Btnl1, Btnl10, Btnl12, Btnl2, Btnl4, Btnl6, Btnl9, Btrc, Cacnb3, Cacnb4, Card11, Carmil2, Cblb, Ccr7, Cd160, Cd19, Cd22, Cd226, Cd247, Cd276, Cd28, Cd2ap, Cd300a, Cd38, Cd3e, Cd79a, Cd79b, Cd81, Cd8a, Cd8b1, Ceacam1, Clec2i, Cmtm3, Crkl, Ctla4, Cyld, Dennd1b, Dgkz, Dusp22, Dusp3, Eif2b1, Eif2b2, Eif2b3, Eif2b4, Eif2b5, Elf1, Ermap, Ezr, Fcho1, Fcmr, Fcrl5, Fosl2, Foxp1, Foxp3, Fyb1, Fyb2, Fyn, Gata3, Gcsam, Gps2, Grb2, Hras, Icosl, Ifng, Ighe, Ighm, Ikbkg, Itk, Kcnn4, Khdrbs1, Klhl6, Laptm5, Lat, Lat2, Lax1, Lck, Lcp2, Lgals3, Lilrb4a, Lilrb4b, Lime1, Lipa, Lpxn, Lyn, Malt1, Mapk1, Mef2c, Mog, Ms4a1, Nckap1l, Nectin2, Nfam1, Nfatc2, Nfkb1, Nfkbia, Nfkbid, Nfkbiz, Nras, Pawr, Pde4b, Pde4d, Phpt1, Plcg1, Plcg2, Plcl2, Plekha1, Pram1, Prkcb, Prkch, Prkd2, Prnp, Psen1, Psen2, Ptpn2, Ptpn22, Ptpn6, Ptprc, Ptprj, Pvrig, Rab29, Rbck1, Rc3h1, Rc3h2, Rela, Rftn1, Ripk2, Rnf31, Rps3, Sh2b2, Sh2d1a, Shb, Skap1, Skint1, Skint10, Skint11, Skint2, Skint3, Skint4, Skint5, Skint6, Skint7, Skint8, Skint9, Sla2, Slc39a10, Slc39a6, Sos1, Sppl3, Stap1, Stk11, Stoml2, Syk, Tcrb, Tec, Tespa1, Themis, Themis2, Themis3, Thy1, Tnfrsf21, Traf6, Trat1, Trav7-2, Txk, Ubash3a, Ube2n, Ubr2, Usp12, Usp46, Usp9x, Vav3, Vtcn1, Wnk1, Zap70, Zc3h12a, Zfp683	0.2578947368421053	mmu-miR-760-3p	MHC biosynthesis/
antigen presentation
GO:0050851	antigen receptor-mediated signaling pathway	190	25	12.37	6.3e-4	0.01149078199052132	Abl1, Ada, Bax, Bcar1, Bcl10, Bcl2, Bcl2a1d, Blk, Blnk, Bmx, Braf, Btk, Btn1a1, Btn2a2, Btnl1, Btnl10, Btnl12, Btnl2, Btnl4, Btnl6, Btnl9, Btrc, Cacnb3, Cacnb4, Card11, Carmil2, Cblb, Ccr7, Cd160, Cd19, Cd22, Cd226, Cd247, Cd276, Cd28, Cd2ap, Cd300a, Cd38, Cd3e, Cd79a, Cd79b, Cd81, Cd8a, Cd8b1, Ceacam1, Clec2i, Cmtm3, Crkl, Ctla4, Cyld, Dennd1b, Dgkz, Dusp22, Dusp3, Eif2b1, Eif2b2, Eif2b3, Eif2b4, Eif2b5, Elf1, Ermap, Ezr, Fcho1, Fcmr, Fcrl5, Fosl2, Foxp1, Foxp3, Fyb1, Fyb2, Fyn, Gata3, Gcsam, Gps2, Grb2, Hras, Icosl, Ifng, Ighe, Ighm, Ikbkg, Itk, Kcnn4, Khdrbs1, Klhl6, Laptm5, Lat, Lat2, Lax1, Lck, Lcp2, Lgals3, Lilrb4a, Lilrb4b, Lime1, Lipa, Lpxn, Lyn, Malt1, Mapk1, Mef2c, Mog, Ms4a1, Nckap1l, Nectin2, Nfam1, Nfatc2, Nfkb1, Nfkbia, Nfkbid, Nfkbiz, Nras, Pawr, Pde4b, Pde4d, Phpt1, Plcg1, Plcg2, Plcl2, Plekha1, Pram1, Prkcb, Prkch, Prkd2, Prnp, Psen1, Psen2, Ptpn2, Ptpn22, Ptpn6, Ptprc, Ptprj, Pvrig, Rab29, Rbck1, Rc3h1, Rc3h2, Rela, Rftn1, Ripk2, Rnf31, Rps3, Sh2b2, Sh2d1a, Shb, Skap1, Skint1, Skint10, Skint11, Skint2, Skint3, Skint4, Skint5, Skint6, Skint7, Skint8, Skint9, Sla2, Slc39a10, Slc39a6, Sos1, Sppl3, Stap1, Stk11, Stoml2, Syk, Tcrb, Tec, Tespa1, Themis, Themis2, Themis3, Thy1, Tnfrsf21, Traf6, Trat1, Trav7-2, Txk, Ubash3a, Ube2n, Ubr2, Usp12, Usp46, Usp9x, Vav3, Vtcn1, Wnk1, Zap70, Zc3h12a, Zfp683	0.13157894736842105	mmu-miR-770-3p	MHC biosynthesis/
antigen presentation
GO:0032608	interferon-beta production	72	20	10.43	0.0025	0.02098052660449808	Arrdc4, Atg9a, Cactin, Crebbp, D1Pas1, Ddx3x, Dhx9, Flot1, Hmgb1, Hmgb2, Hsp90aa1, Ifih1, Ifnar1, Irf1, Irf3, Irf7, Isg15, Mavs, Morc3, Nlrc3, Nlrx1, Nmi, Oas1a, Oas1b, Oas1c, Oas1d, Oas1e, Oas1f, Oas1g, Oas1h, Oas2, Oas3, Polr3a, Polr3b, Polr3c, Polr3d, Polr3f, Polr3g, Ppm1b, Ptpn11, Ptpn22, Ptprs, Pycard, Rel, Relb, Rigi, Riok3, Rnf135, Rnf216, Sirpa, Sting1, Tbk1, Ticam1, Tirap, Tlr2, Tlr3, Tlr4, Tlr7, Tlr8, Tlr9, Tomm70a, Tradd, Traf3, Traf3ip1, Traf3ip3, Traip, Trim38, Trim56, Trim65, Yy1, Zbtb20, Zc3hav1	0.2777777777777778	mmu-miR-760-3p	Cytokine
production
GO:0032648	regulation of interferon-beta production	72	20	10.43	0.0025	0.02098052660449808	Arrdc4, Atg9a, Cactin, Crebbp, D1Pas1, Ddx3x, Dhx9, Flot1, Hmgb1, Hmgb2, Hsp90aa1, Ifih1, Ifnar1, Irf1, Irf3, Irf7, Isg15, Mavs, Morc3, Nlrc3, Nlrx1, Nmi, Oas1a, Oas1b, Oas1c, Oas1d, Oas1e, Oas1f, Oas1g, Oas1h, Oas2, Oas3, Polr3a, Polr3b, Polr3c, Polr3d, Polr3f, Polr3g, Ppm1b, Ptpn11, Ptpn22, Ptprs, Pycard, Rel, Relb, Rigi, Riok3, Rnf135, Rnf216, Sirpa, Sting1, Tbk1, Ticam1, Tirap, Tlr2, Tlr3, Tlr4, Tlr7, Tlr8, Tlr9, Tomm70a, Tradd, Traf3, Traf3ip1, Traf3ip3, Traip, Trim38, Trim56, Trim65, Yy1, Zbtb20, Zc3hav1	0.2777777777777778	mmu-miR-760-3p	Cytokine
production
GO:0032608	interferon-beta production	72	12	4.69	0.00224	0.03210666666666666	Arrdc4, Atg9a, Cactin, Crebbp, D1Pas1, Ddx3x, Dhx9, Flot1, Hmgb1, Hmgb2, Hsp90aa1, Ifih1, Ifnar1, Irf1, Irf3, Irf7, Isg15, Mavs, Morc3, Nlrc3, Nlrx1, Nmi, Oas1a, Oas1b, Oas1c, Oas1d, Oas1e, Oas1f, Oas1g, Oas1h, Oas2, Oas3, Polr3a, Polr3b, Polr3c, Polr3d, Polr3f, Polr3g, Ppm1b, Ptpn11, Ptpn22, Ptprs, Pycard, Rel, Relb, Rigi, Riok3, Rnf135, Rnf216, Sirpa, Sting1, Tbk1, Ticam1, Tirap, Tlr2, Tlr3, Tlr4, Tlr7, Tlr8, Tlr9, Tomm70a, Tradd, Traf3, Traf3ip1, Traf3ip3, Traip, Trim38, Trim56, Trim65, Yy1, Zbtb20, Zc3hav1	0.16666666666666666	mmu-miR-770-3p	Cytokine
production
GO:0032648	regulation of interferon-beta production	72	12	4.69	0.00224	0.03210666666666666	Arrdc4, Atg9a, Cactin, Crebbp, D1Pas1, Ddx3x, Dhx9, Flot1, Hmgb1, Hmgb2, Hsp90aa1, Ifih1, Ifnar1, Irf1, Irf3, Irf7, Isg15, Mavs, Morc3, Nlrc3, Nlrx1, Nmi, Oas1a, Oas1b, Oas1c, Oas1d, Oas1e, Oas1f, Oas1g, Oas1h, Oas2, Oas3, Polr3a, Polr3b, Polr3c, Polr3d, Polr3f, Polr3g, Ppm1b, Ptpn11, Ptpn22, Ptprs, Pycard, Rel, Relb, Rigi, Riok3, Rnf135, Rnf216, Sirpa, Sting1, Tbk1, Ticam1, Tirap, Tlr2, Tlr3, Tlr4, Tlr7, Tlr8, Tlr9, Tomm70a, Tradd, Traf3, Traf3ip1, Traf3ip3, Traip, Trim38, Trim56, Trim65, Yy1, Zbtb20, Zc3hav1	0.16666666666666666	mmu-miR-770-3p	Cytokine
production
GO:0032655	regulation of interleukin-12 production	64	11	4.17	0.00262	0.03607538461538461	Acp5, Ager, Arrb2, C1qbp, Ccl19, Ccr7, Cd36, Cd40, Cd40lg, Cd47, Clec7a, Cmklr1, Defb25, Flt3, Foxp1, H2-M3, Hmgb1, Hspd1, Ido1, Ifng, Il10, Il12b, Il16, Il17a, Il23a, Il23r, Irak3, Irf1, Irf8, Isl1, Jak3, Laptm5, Lep, Lilra5, Ltb, Mapk11, Mapk14, Mast2, Mdk, Mefv, Nfkb1, Nlrc3, Nod2, Pibf1, Plcb1, Plcg2, Rel, Rela, Scimp, Slamf1, Syk, Thbs1, Tigit, Tirap, Tlr2, Tlr3, Tlr4, Tlr6, Tlr8, Tlr9, Tnfsf4, Tnfsf9, Traf6, Unc93b1	0.171875	mmu-miR-770-3p	Cytokine
production
GO:0032615	interleukin-12 production	66	11	4.3	0.00336	0.04335611064543169	Acp5, Ager, Arrb2, C1qbp, Ccl19, Ccr7, Cd36, Cd40, Cd40lg, Cd47, Clec7a, Cmklr1, Defb25, Flt3, Foxp1, G6pdx, H2-M3, Hmgb1, Hspd1, Ido1, Ifng, Il10, Il12b, Il16, Il17a, Il23a, Il23r, Irak3, Irf1, Irf8, Isl1, Jak3, Laptm5, Lep, Lilra5, Ltb, Mapk11, Mapk14, Mast2, Mdk, Mefv, Nfkb1, Nlrc3, Nod2, Pibf1, Plcb1, Plcg2, Prkcd, Rel, Rela, Scimp, Slamf1, Syk, Thbs1, Tigit, Tirap, Tlr2, Tlr3, Tlr4, Tlr6, Tlr8, Tlr9, Tnfsf4, Tnfsf9, Traf6, Unc93b1	0.16666666666666666	mmu-miR-770-3p	Cytokine
production
