GO.ID	Term	Annotated	Significant	Expected	classicFisher	fdr	Genes	gene_ratio	miRNA
GO:0098698	postsynaptic specialization assembly	36	4	0.51	0.00168	0.00378378378378378	ABI3, ABL1, ARHGEF9, C1QL2, C1QL3, CASKIN1, CBLN1, CRIPT, CRK, CRKL, CSMD2, FGFR1, GAP43, GRID2, IL1RAP, LATS1, LRFN1, LRFN4, LRRC4B, LRRTM1, LRRTM2, NLGN2, NPTX1, NRXN1, NRXN2, NTNG2, PRICKLE1, PTEN, PTK2B, PTPRD, PTPRS, RELN, SHANK3, SLITRK3, SPTBN2, ZDHHC12	0.1111111111111111	hsa-miR-10b-5p
GO:1900242	regulation of synaptic vesicle endocytosis	22	3	0.31	0.00364	0.00598684210526315	ABCA13, ACTB, ACTG1, AP2M1, ARPC3, BTBD9, DGKQ, LRRK2, MYLK, NLGN1, OPHN1, PARK7, PPP3CB, PPP3CC, PRKN, ROCK1, SLC17A7, SNX9, SYT11, SYT7, TOR1A, VAMP4	0.13636363636363635	hsa-miR-10b-5p
GO:0099084	postsynaptic specialization organization	55	4	0.79	0.00789	0.01	ABI3, ABL1, ARF6, ARHGEF9, C1QL2, C1QL3, CASKIN1, CBLN1, CDH2, CNKSR2, CNTNAP1, CRIPT, CRK, CRKL, CSMD2, DLG1, FGFR1, GAP43, GRID2, IL1RAP, INSYN1, ITGB3, LATS1, LILRB2, LRFN1, LRFN4, LRRC4, LRRC4B, LRRTM1, LRRTM2, NLGN1, NLGN2, NPTX1, NRXN1, NRXN2, NTNG2, OPHN1, PPFIA2, PRICKLE1, PTEN, PTK2B, PTPRD, PTPRS, RAPSN, RELN, SHANK1, SHANK2, SHANK3, SLC30A1, SLITRK3, SPTBN2, SYNGAP1, TMEM108, ZDHHC12, ZMYND8	0.07272727272727272	hsa-miR-10b-5p
GO:1903421	regulation of synaptic vesicle recycling	29	3	0.41	0.00804	0.01	ABCA13, ACTB, ACTG1, AP2M1, ARPC3, BTBD9, CDK5, CYFIP1, DGKQ, DNM3, GRIPAP1, LRRK2, MYLK, NLGN1, OPHN1, PARK7, PLAA, PPP3CB, PPP3CC, PRKN, ROCK1, SLC17A7, SNCA, SNX9, STX1B, SYT11, SYT7, TOR1A, VAMP4	0.10344827586206896	hsa-miR-10b-5p
GO:0090394	negative regulation of excitatory postsynaptic potential	11	2	0.16	0.0103	0.01154708520179372	CBLN1, CELF4, EIF4A3, LRRK2, MIR30B, MTMR2, NLGN4X, PTEN, S1PR2, SYNE1, TMEM25	0.18181818181818182	hsa-miR-10b-5p
GO:0097479	synaptic vesicle localization	64	4	0.92	0.0133	0.01335341365461847	AP1G1, AP3B1, AP3B2, AP3D1, AP3M1, AP3M2, AP3S1, AP3S2, BLOC1S1, BLOC1S2, BLOC1S3, BLOC1S4, BLOC1S5, BLOC1S6, BORCS5, BRSK1, BRSK2, BSN, BTBD8, CDH2, CDK5, CTBP1, CTNNB1, DNM1, DNM2, DNM3, DTNBP1, KIF1B, KIF5A, KIF5B, KIF5C, KIFC2, LIN7A, LIN7B, LIN7C, LRRK2, MAP2, MX1, MX2, NLGN1, NLGN2, NRXN1, PCDH17, PCLO, PDZD11, PICALM, PINK1, PRKN, PTEN, RAB27A, RAB3A, SLC2A4, SNAP91, SNAPIN, SNCA, SPG11, SYN1, SYN2, SYN3, SYNDIG1, SYNJ1, TMEM230, TOR1A, TRIM46	0.0625	hsa-miR-10b-5p
GO:0016188	synaptic vesicle maturation	27	5	0.49	1.1e-4	2.570093457943925e-4	ATP6AP1, ATP6AP2, ATP6V0A1, ATP6V0A4, ATP6V0C, ATP6V0D1, ATP6V1A, ATP6V1B1, ATP6V1B2, ATP6V1C1, ATP6V1D, ATP6V1E1, ATP6V1F, ATP6V1G1, ATP6V1G2, ATP6V1G3, ATP6V1H, CLCN3, DLG4, PICALM, RAB3A, SNAPIN, STXBP1, SYP, ZDHHC15, ZDHHC2, ZDHHC20	0.18518518518518517	hsa-miR-130a-3p
GO:0099637	neurotransmitter receptor transport	26	5	0.89	0.00169	0.00590909090909091	AP3D1, ARHGAP44, CACNG2, CACNG3, CACNG4, CACNG5, CACNG7, CACNG8, CLSTN1, CPLX1, GRIP1, GRIP2, GRIPAP1, HIP1, LRRC7, NETO1, NSG1, RAB11A, RAB7A, RAB8A, SCRIB, SLC1A1, STX1B, STX3, VAMP4, VPS35	0.19230769230769232	hsa-miR-193a-5p
GO:0099601	regulation of neurotransmitter receptor activity	32	5	1.1	0.00437	0.00962555066079295	CACNG2, CACNG3, CACNG4, CACNG5, CACNG7, CACNG8, CCL2, CCR2, CNIH2, CNIH3, CRH, CRHBP, DAPK1, EPHB2, IFNG, LYNX1, MAPK8IP2, MINK1, NLGN1, NLGN2, OPRM1, PATE4, PRRT1, PSCA, RELN, SHANK1, SHISA6, SHISA7, SHISA8, SHISA9, SLC6A9, SLURP2	0.15625	hsa-miR-193a-5p
GO:0051968	positive regulation of synaptic transmission, glutamatergic	36	5	1.23	0.00731	0.01206270627062706	ADORA2A, CACNG2, CACNG3, CACNG4, CACNG5, CACNG7, CACNG8, CCL2, CCR2, DRD1, DTNBP1, EGFR, GRIN1, GRIN2A, GRIN2B, GRIN2C, GRIN2D, HDAC6, IQSEC2, KMO, NLGN1, NLGN2, NLGN3, NPS, NRXN1, NTRK1, OXTR, PTGS2, PTK2B, RAB3GAP1, RELN, ROR2, SHANK3, STXBP1, TNR, TSHZ3	0.1388888888888889	hsa-miR-193a-5p
GO:0001941	postsynaptic membrane organization	40	5	1.37	0.0114	0.01511936339522546	APOE, CDH2, CHRDL1, CHRNB1, COLQ, CRIPT, CRK, CRKL, DLG4, DNAJA3, DVL1, EPHB2, FARP1, FNTA, FRRS1L, FZD9, GDNF, GLRB, GPHN, LHFPL4, LRP4, LRRC4, MESD, MUSK, NLGN1, NLGN2, NLGN3, NRXN1, NRXN2, RAPSN, RELN, RER1, SHANK3, SHISA6, SHISA7, SLC30A1, SLC7A11, SSH1, ZDHHC2, ZMYND8	0.125	hsa-miR-193a-5p
GO:0051966	regulation of synaptic transmission, glutamatergic	77	7	2.64	0.01637	0.01828193832599118	ADORA1, ADORA2A, ATAD1, ATP1A2, CACNG2, CACNG3, CACNG4, CACNG5, CACNG7, CACNG8, CCL2, CCR2, CDK5, CLN3, CNR1, DISC1, DKK1, DRD1, DRD2, DRD3, DTNBP1, EGFR, FRRS1L, FXR1, GRIK1, GRIK2, GRIK3, GRIN1, GRIN2A, GRIN2B, GRIN2C, GRIN2D, GRM1, GRM2, GRM3, GRM4, GRM5, GRM6, GRM7, GRM8, HDAC6, HOMER1, HTR1B, HTR2A, IQSEC2, KMO, LRRK2, MAPK8IP2, MEF2C, MIR142, NLGN1, NLGN2, NLGN3, NPS, NRXN1, NTRK1, OPHN1, OXTR, PLPPR4, PSEN1, PTGS2, PTK2B, RAB3GAP1, RELN, RNF167, ROR2, SERPINE2, SHANK3, SLC38A2, STXBP1, SYT1, TNF, TNR, TPRG1L, TSHZ3, UCN, UNC13A	0.09090909090909091	hsa-miR-193a-5p
GO:0099532	synaptic vesicle endosomal processing	11	5	0.55	1.1e-4	3.072625698324022e-4	AP1G1, AP3D1, BTBD8, EEA1, GRIPAP1, ITSN1, ITSN2, RAB7A, STX6, VAMP4, VTI1A	0.45454545454545453	hsa-miR-20a-5p
GO:0098698	postsynaptic specialization assembly	36	2	0.23	0.0214	0.02250524109014675	ABI3, ABL1, ARHGEF9, C1QL2, C1QL3, CASKIN1, CBLN1, CRIPT, CRK, CRKL, CSMD2, FGFR1, GAP43, GRID2, IL1RAP, LATS1, LRFN1, LRFN4, LRRC4B, LRRTM1, LRRTM2, NLGN2, NPTX1, NRXN1, NRXN2, NTNG2, PRICKLE1, PTEN, PTK2B, PTPRD, PTPRS, RELN, SHANK3, SLITRK3, SPTBN2, ZDHHC12	0.05555555555555555	hsa-miR-210-3p
GO:2000463	positive regulation of excitatory postsynaptic potential	35	2	0.24	0.02397	0.04211666666666667	ADRB2, APP, BAIAP2, CHRFAM7A, CHRNA7, CUX2, DLG4, DVL1, GRIA1, GRIN1, GRIN2A, GRIN2B, GRIN2C, GRIN2D, IGSF11, NETO1, NLGN1, NLGN2, NLGN3, NRXN1, PRKAR1B, PRKCZ, PTEN, PTK2B, RELN, RGS4, RIMS1, RIMS2, SHANK1, SHANK3, SSH1, STX1A, STX1B, TBC1D24, WNT7A	0.05714285714285714	hsa-miR-216a-5p
GO:0035590	purinergic nucleotide receptor signaling pathway	32	2	0.2	0.01632	0.04982954545454545	ACP3, ADA, ADCY5, ADORA1, ADORA2A, ADORA2B, ADORA3, ANO6, CNTN2, CTSG, GNAI2, GPR171, GPR34, GPR87, NECAB2, P2RX1, P2RX2, P2RX3, P2RX4, P2RX5, P2RX6, P2RX7, P2RY1, P2RY11, P2RY12, P2RY13, P2RY14, P2RY2, P2RY4, P2RY6, P2RY8, PTAFR	0.0625	hsa-miR-216b-5p
GO:0051933	amino acid neurotransmitter reuptake	10	3	0.21	9.7e-4	0.00173214285714285	ATP1A2, CLN8, ITGB1, KCNJ10, PER2, SLC17A8, SLC6A1, SLC6A11, SLC6A12, SLC6A13	0.3	hsa-miR-25-3p
GO:0003357	noradrenergic neuron differentiation	11	3	0.23	0.00132	0.00217105263157894	ASCL1, EDN1, EDNRA, HAND2, INSM1, PHOX2A, PHOX2B, RNF220, SOX11, SOX4, ZC4H2	0.2727272727272727	hsa-miR-25-3p
GO:0099188	postsynaptic cytoskeleton organization	23	3	0.57	0.01884	0.02403061224489795	ACTB, ACTBL2, ACTG1, ACTL9, ACTN2, CPNE6, DBNL, ENAH, EZR, FARP1, INA, KIF2C, NEFH, NEFL, NOS1AP, POTEE, POTEF, POTEI, POTEJ, POTEKP, RAC3, SRCIN1, WASF2	0.13043478260869565	hsa-miR-28-3p
GO:0098880	maintenance of postsynaptic specialization structure	11	5	0.83	7.5e-4	8.445945945945946e-4	ARF6, CSMD2, DLG1, ITGB3, OPHN1, PPFIA2, PRICKLE1, RAPSN, SHANK1, SHANK2, SYNGAP1	0.45454545454545453	hsa-miR-3065-5p
GO:1900242	regulation of synaptic vesicle endocytosis	22	4	0.51	0.0015	0.008	ABCA13, ACTB, ACTG1, AP2M1, ARPC3, BTBD9, DGKQ, LRRK2, MYLK, NLGN1, OPHN1, PARK7, PPP3CB, PPP3CC, PRKN, ROCK1, SLC17A7, SNX9, SYT11, SYT7, TOR1A, VAMP4	0.18181818181818182	hsa-miR-3144-3p
GO:1903421	regulation of synaptic vesicle recycling	29	4	0.67	0.00428	0.01323699421965318	ABCA13, ACTB, ACTG1, AP2M1, ARPC3, BTBD9, CDK5, CYFIP1, DGKQ, DNM3, GRIPAP1, LRRK2, MYLK, NLGN1, OPHN1, PARK7, PLAA, PPP3CB, PPP3CC, PRKN, ROCK1, SLC17A7, SNCA, SNX9, STX1B, SYT11, SYT7, TOR1A, VAMP4	0.13793103448275862	hsa-miR-3144-3p
GO:0036465	synaptic vesicle recycling	89	7	2.06	0.00462	0.01327586206896551	ABCA13, ACTB, ACTG1, AMPH, AP1G1, AP2A1, AP2A2, AP2B1, AP2M1, AP2S1, AP3B2, AP3D1, AP3M2, AP3S1, AP3S2, ARF6, ARPC3, ATP8A1, BIN1, BLTP1, BTBD8, BTBD9, CANX, CAPN2, CDK5, CLTA, CLTB, CTBP1, CYFIP1, DGKQ, DNAJC6, DNM1, DNM2, DNM3, FCHO2, GAK, GIT1, GIT2, GRIPAP1, ITSN1, ITSN2, LRRK2, MX1, MX2, MYLK, NLGN1, NLGN3, OPHN1, PACSIN1, PARK7, PICALM, PIK3C3, PIP5K1C, PLAA, PLD2, PPP3CB, PPP3CC, PRKN, RAB27B, RAB3A, RAB5A, RAB7A, ROCK1, SCRIB, SGIP1, SH3GL1, SH3GL2, SH3GL3, SLC17A7, SLC2A4, SNAP91, SNCA, SNCB, SNCG, SNX9, STON1, STON2, STX1A, STX1B, SYNJ1, SYNJ2, SYT11, SYT7, TBC1D24, TOR1A, VAMP2, VAMP4, WNT3A, WNT7A	0.07865168539325842	hsa-miR-3144-3p
GO:0098877	neurotransmitter receptor transport to plasma membrane	16	3	0.37	0.00554	0.01406091370558375	ARHGAP44, CLSTN1, CPLX1, GRIP1, GRIP2, GRIPAP1, LRRC7, NSG1, RAB11A, RAB8A, SCRIB, SLC1A1, STX1B, STX3, VAMP4, VPS35	0.1875	hsa-miR-3144-3p
GO:0097091	synaptic vesicle clustering	17	3	0.39	0.00661	0.01537209302325581	BRSK1, BRSK2, BSN, CDH2, CTBP1, CTNNB1, NLGN1, NLGN2, NRXN1, PCDH17, PCLO, PTEN, RAB3A, SYN1, SYN2, SYN3, SYNDIG1	0.17647058823529413	hsa-miR-3144-3p
GO:0099637	neurotransmitter receptor transport	26	3	0.6	0.02167	0.02793367346938775	AP3D1, ARHGAP44, CACNG2, CACNG3, CACNG4, CACNG5, CACNG7, CACNG8, CLSTN1, CPLX1, GRIP1, GRIP2, GRIPAP1, HIP1, LRRC7, NETO1, NSG1, RAB11A, RAB7A, RAB8A, SCRIB, SLC1A1, STX1B, STX3, VAMP4, VPS35	0.11538461538461539	hsa-miR-3144-3p
GO:0098880	maintenance of postsynaptic specialization structure	11	2	0.26	0.02568	0.03021176470588235	ARF6, CSMD2, DLG1, ITGB3, OPHN1, PPFIA2, PRICKLE1, RAPSN, SHANK1, SHANK2, SYNGAP1	0.18181818181818182	hsa-miR-3144-3p
GO:0098887	neurotransmitter receptor transport, endosome to postsynaptic membrane	11	2	0.26	0.02568	0.03021176470588235	ARHGAP44, GRIP1, GRIP2, GRIPAP1, LRRC7, NSG1, RAB11A, RAB8A, SCRIB, VAMP4, VPS35	0.18181818181818182	hsa-miR-3144-3p
GO:0036465	synaptic vesicle recycling	89	14	5.81	0.00181	0.0027760736196319	ABCA13, ACTB, ACTG1, AMPH, AP1G1, AP2A1, AP2A2, AP2B1, AP2M1, AP2S1, AP3B2, AP3D1, AP3M2, AP3S1, AP3S2, ARF6, ARPC3, ATP8A1, BIN1, BLTP1, BTBD8, BTBD9, CANX, CAPN2, CDK5, CLTA, CLTB, CTBP1, CYFIP1, DGKQ, DNAJC6, DNM1, DNM2, DNM3, FCHO2, GAK, GIT1, GIT2, GRIPAP1, ITSN1, ITSN2, LRRK2, MX1, MX2, MYLK, NLGN1, NLGN3, OPHN1, PACSIN1, PARK7, PICALM, PIK3C3, PIP5K1C, PLAA, PLD2, PPP3CB, PPP3CC, PRKN, RAB27B, RAB3A, RAB5A, RAB7A, ROCK1, SCRIB, SGIP1, SH3GL1, SH3GL2, SH3GL3, SLC17A7, SLC2A4, SNAP91, SNCA, SNCB, SNCG, SNX9, STON1, STON2, STX1A, STX1B, SYNJ1, SYNJ2, SYT11, SYT7, TBC1D24, TOR1A, VAMP2, VAMP4, WNT3A, WNT7A	0.15730337078651685	hsa-miR-3179
GO:0003357	noradrenergic neuron differentiation	11	4	0.72	0.00412	0.00471461187214611	ASCL1, EDN1, EDNRA, HAND2, INSM1, PHOX2A, PHOX2B, RNF220, SOX11, SOX4, ZC4H2	0.36363636363636365	hsa-miR-3179
GO:0001941	postsynaptic membrane organization	40	5	1.47	0.01518	0.03403587443946188	APOE, CDH2, CHRDL1, CHRNB1, COLQ, CRIPT, CRK, CRKL, DLG4, DNAJA3, DVL1, EPHB2, FARP1, FNTA, FRRS1L, FZD9, GDNF, GLRB, GPHN, LHFPL4, LRP4, LRRC4, MESD, MUSK, NLGN1, NLGN2, NLGN3, NRXN1, NRXN2, RAPSN, RELN, RER1, SHANK3, SHISA6, SHISA7, SLC30A1, SLC7A11, SSH1, ZDHHC2, ZMYND8	0.125	hsa-miR-4425
GO:0051932	synaptic transmission, GABAergic	62	6	2.28	0.02628	0.04302287581699346	ADORA1, ADORA2A, ADRA1A, ALDH5A1, BAIAP3, BEST1, CA2, CA7, CLCN3, CLN3, CLSTN3, CNR1, CNR2, CNTNAP4, DRD2, EZH2, GABBR1, GABBR2, GABRA1, GABRA2, GABRA3, GABRA4, GABRA5, GABRA6, GABRB2, GABRB3, GABRD, GABRE, GABRG1, GABRG2, GABRG3, HAP1, HAPLN4, HTR1B, KCNK2, KIF5B, KRAS, NALCN, NF1, NLGN1, NLGN2, NPAS4, NPS, NPY5R, NRXN1, OXTR, PHF24, PLCL1, PLCL2, PRKCE, RAC3, SLC38A1, SLC6A1, SLITRK3, STXBP1, SYN3, TACR1, TPBG, USP46, VPS54, ZDHHC12, ZDHHC3	0.0967741935483871	hsa-miR-4425
GO:0099514	synaptic vesicle cytoskeletal transport	19	3	0.7	0.0311	0.04536443148688046	AP3B1, AP3B2, AP3D1, AP3M1, AP3M2, AP3S1, AP3S2, BLOC1S1, BLOC1S2, BLOC1S3, BLOC1S4, BLOC1S5, BLOC1S6, BORCS5, DTNBP1, KIF1B, MAP2, SNAPIN, TRIM46	0.15789473684210525	hsa-miR-4425
GO:0099532	synaptic vesicle endosomal processing	11	3	0.38	0.0057	0.00738341968911917	AP1G1, AP3D1, BTBD8, EEA1, GRIPAP1, ITSN1, ITSN2, RAB7A, STX6, VAMP4, VTI1A	0.2727272727272727	hsa-miR-501-3p
GO:0099532	synaptic vesicle endosomal processing	11	3	0.39	0.00573	0.00787087912087912	AP1G1, AP3D1, BTBD8, EEA1, GRIPAP1, ITSN1, ITSN2, RAB7A, STX6, VAMP4, VTI1A	0.2727272727272727	hsa-miR-502-3p
GO:0098698	postsynaptic specialization assembly	36	3	0.43	0.00881	0.00959694989106753	ABI3, ABL1, ARHGEF9, C1QL2, C1QL3, CASKIN1, CBLN1, CRIPT, CRK, CRKL, CSMD2, FGFR1, GAP43, GRID2, IL1RAP, LATS1, LRFN1, LRFN4, LRRC4B, LRRTM1, LRRTM2, NLGN2, NPTX1, NRXN1, NRXN2, NTNG2, PRICKLE1, PTEN, PTK2B, PTPRD, PTPRS, RELN, SHANK3, SLITRK3, SPTBN2, ZDHHC12	0.08333333333333333	hsa-miR-503-5p
GO:0099159	regulation of modification of postsynaptic structure	17	3	0.53	0.01458	0.02246969696969697	AGAP1, AMOT, BAIAP2, CAMKV, CAP2, CDC42, CHMP2B, CTTNBP2, CYFIP1, EGLN1, MRTFB, PDXP, PRMT8, RHOA, RHOB, STRN4, TIAM1	0.17647058823529413	hsa-miR-532-5p
GO:0099010	modification of postsynaptic structure	35	4	1.09	0.02238	0.02664285714285714	ABI3, AGAP1, AMOT, ARHGAP44, BAIAP2, CAMKV, CAP1, CAP2, CDC42, CHMP2B, CTTNBP2, CYFIP1, DIXDC1, DLGAP3, DLGAP4, DRD1, EGLN1, FILIP1, ITPKA, MRTFB, PDXP, PFN1, PFN2, PRMT8, RAP1B, RHOA, RHOB, SARM1, SPTB, STAU1, STRN4, SYNPO, TIAM1, WASF1, WASF3	0.11428571428571428	hsa-miR-532-5p
GO:0016188	synaptic vesicle maturation	27	7	1.92	0.00224	0.00265402843601895	ATP6AP1, ATP6AP2, ATP6V0A1, ATP6V0A4, ATP6V0C, ATP6V0D1, ATP6V1A, ATP6V1B1, ATP6V1B2, ATP6V1C1, ATP6V1D, ATP6V1E1, ATP6V1F, ATP6V1G1, ATP6V1G2, ATP6V1G3, ATP6V1H, CLCN3, DLG4, PICALM, RAB3A, SNAPIN, STXBP1, SYP, ZDHHC15, ZDHHC2, ZDHHC20	0.25925925925925924	hsa-miR-548y
GO:0099532	synaptic vesicle endosomal processing	11	5	0.7	3.4e-4	6.88259109311741e-4	AP1G1, AP3D1, BTBD8, EEA1, GRIPAP1, ITSN1, ITSN2, RAB7A, STX6, VAMP4, VTI1A	0.45454545454545453	hsa-miR-576-5p
GO:0099566	regulation of postsynaptic cytosolic calcium ion concentration	10	4	0.63	0.00246	0.00294964028776978	ATP2B2, CALB1, FZD9, GRIA1, GRID2IP, GRM1, GRM5, ITPR1, SLC8A2, WNT5A	0.4	hsa-miR-576-5p
GO:0036465	synaptic vesicle recycling	89	11	4.19	0.00301	0.00608870967741935	ABCA13, ACTB, ACTG1, AMPH, AP1G1, AP2A1, AP2A2, AP2B1, AP2M1, AP2S1, AP3B2, AP3D1, AP3M2, AP3S1, AP3S2, ARF6, ARPC3, ATP8A1, BIN1, BLTP1, BTBD8, BTBD9, CANX, CAPN2, CDK5, CLTA, CLTB, CTBP1, CYFIP1, DGKQ, DNAJC6, DNM1, DNM2, DNM3, FCHO2, GAK, GIT1, GIT2, GRIPAP1, ITSN1, ITSN2, LRRK2, MX1, MX2, MYLK, NLGN1, NLGN3, OPHN1, PACSIN1, PARK7, PICALM, PIK3C3, PIP5K1C, PLAA, PLD2, PPP3CB, PPP3CC, PRKN, RAB27B, RAB3A, RAB5A, RAB7A, ROCK1, SCRIB, SGIP1, SH3GL1, SH3GL2, SH3GL3, SLC17A7, SLC2A4, SNAP91, SNCA, SNCB, SNCG, SNX9, STON1, STON2, STX1A, STX1B, SYNJ1, SYNJ2, SYT11, SYT7, TBC1D24, TOR1A, VAMP2, VAMP4, WNT3A, WNT7A	0.12359550561797752	hsa-miR-892a
GO:0048489	synaptic vesicle transport	49	7	2.31	0.00764	0.01110465116279069	AP1G1, AP3B1, AP3B2, AP3D1, AP3M1, AP3M2, AP3S1, AP3S2, BLOC1S1, BLOC1S2, BLOC1S3, BLOC1S4, BLOC1S5, BLOC1S6, BORCS5, BTBD8, CDK5, CTNNB1, DNM1, DNM2, DNM3, DTNBP1, KIF1B, KIF5A, KIF5B, KIF5C, KIFC2, LIN7A, LIN7B, LIN7C, LRRK2, MAP2, MX1, MX2, PDZD11, PICALM, PINK1, PRKN, RAB27A, RAB3A, SLC2A4, SNAP91, SNAPIN, SNCA, SPG11, SYNJ1, TMEM230, TOR1A, TRIM46	0.14285714285714285	hsa-miR-892a
GO:0097479	synaptic vesicle localization	64	8	3.01	0.01001	0.01261964735516372	AP1G1, AP3B1, AP3B2, AP3D1, AP3M1, AP3M2, AP3S1, AP3S2, BLOC1S1, BLOC1S2, BLOC1S3, BLOC1S4, BLOC1S5, BLOC1S6, BORCS5, BRSK1, BRSK2, BSN, BTBD8, CDH2, CDK5, CTBP1, CTNNB1, DNM1, DNM2, DNM3, DTNBP1, KIF1B, KIF5A, KIF5B, KIF5C, KIFC2, LIN7A, LIN7B, LIN7C, LRRK2, MAP2, MX1, MX2, NLGN1, NLGN2, NRXN1, PCDH17, PCLO, PDZD11, PICALM, PINK1, PRKN, PTEN, RAB27A, RAB3A, SLC2A4, SNAP91, SNAPIN, SNCA, SPG11, SYN1, SYN2, SYN3, SYNDIG1, SYNJ1, TMEM230, TOR1A, TRIM46	0.125	hsa-miR-892a
GO:0098880	maintenance of postsynaptic specialization structure	11	3	0.52	0.0129	0.0144407158836689	ARF6, CSMD2, DLG1, ITGB3, OPHN1, PPFIA2, PRICKLE1, RAPSN, SHANK1, SHANK2, SYNGAP1	0.2727272727272727	hsa-miR-892a
GO:0099072	regulation of postsynaptic membrane neurotransmitter receptor levels	119	14	4.71	2.6e-4	0.00128712871287128	ADAM10, AGAP3, ALS2, AP2A1, AP2A2, AP2B1, AP2M1, AP2S1, AP3M1, ARC, ARHGAP44, ATAD1, ATG5, C1QL2, C1QL3, CACNA2D2, CACNG2, CACNG3, CACNG4, CACNG5, CACNG7, CACNG8, CALY, CBLB, CLPTM1, CLSTN1, CPLX1, CPT1C, CTNND1, DAG1, DLG1, DLG2, DLG3, DLG4, DRD4, EFNB2, EPB41L3, EPS15, EPS8, ERBB2, ERBB4, ERBIN, FLOT2, FRRS1L, GABARAP, GHSR, GPC4, GPC6, GPHN, GPSM2, GRID1, GRID2, GRID2IP, GRIP1, GRIP2, GRIPAP1, GSG1L, HIP1, HPCA, HRAS, HSP90AA1, IGSF11, IQSEC2, ITGB3, KIF2C, LGI1, LHFPL4, LPAR1, LRRC7, MDM2, NCDN, NETO1, NETO2, NPTX1, NRG1, NSG1, NSG2, NUMB, OGT, OLFM1, OPHN1, PORCN, PPFIA1, PPP3R1, PRKCI, PRKCZ, RAB11A, RAB8A, RABEP1, RALA, RAP1A, RAP2A, RAPSN, RNF220, SCRIB, SHISA6, SHROOM4, SLC12A5, SNX27, SNX6, SST, STX1B, STX3, STX4, SUSD4, SYNE1, SYT17, TAMALIN, TFRC, TMEM108, TRAF6, USP6, VAC14, VAMP4, VPS26B, VPS35, VWC2, ZDHHC2, ZDHHC5	0.11764705882352941	hsa-miR-892b
GO:0098884	postsynaptic neurotransmitter receptor internalization	34	6	1.35	0.00196	0.00482758620689655	AP2A1, AP2A2, AP2B1, AP2M1, AP2S1, AP3M1, ARC, ATAD1, CALY, CBLB, DRD4, EFNB2, EPS15, GSG1L, HIP1, HPCA, ITGB3, LPAR1, MDM2, NCDN, NRG1, NUMB, OPHN1, PPP3R1, RABEP1, RALA, RNF220, SCRIB, SUSD4, SYNE1, SYT17, TAMALIN, USP6, VAC14	0.17647058823529413	hsa-miR-892b
GO:0098693	regulation of synaptic vesicle cycle	15	4	0.59	0.00234	0.00529411764705882	ARHGDIA, BSN, C9orf72, CASP3, CDK5R1, DNAJC5, LPAR1, PLD1, PPP3R1, PRKAR1B, PSEN1, RAB3B, RAPGEF4, SCRN1, SYN1	0.26666666666666666	hsa-miR-892b
GO:0001941	postsynaptic membrane organization	40	6	1.58	0.00457	0.0077062706270627	APOE, CDH2, CHRDL1, CHRNB1, COLQ, CRIPT, CRK, CRKL, DLG4, DNAJA3, DVL1, EPHB2, FARP1, FNTA, FRRS1L, FZD9, GDNF, GLRB, GPHN, LHFPL4, LRP4, LRRC4, MESD, MUSK, NLGN1, NLGN2, NLGN3, NRXN1, NRXN2, RAPSN, RELN, RER1, SHANK3, SHISA6, SHISA7, SLC30A1, SLC7A11, SSH1, ZDHHC2, ZMYND8	0.15	hsa-miR-892b
GO:0099590	neurotransmitter receptor internalization	40	6	1.58	0.00457	0.0077062706270627	AP2A1, AP2A2, AP2B1, AP2M1, AP2S1, AP3M1, ARC, ATAD1, CACNG2, CACNG3, CACNG4, CACNG5, CACNG7, CACNG8, CALY, CBLB, DRD4, EFNB2, EPS15, GSG1L, HIP1, HPCA, ITGB3, LPAR1, MDM2, NCDN, NRG1, NUMB, OPHN1, PPP3R1, RABEP1, RALA, RNF220, SCRIB, SUSD4, SYNE1, SYT17, TAMALIN, USP6, VAC14	0.15	hsa-miR-892b
GO:0051933	amino acid neurotransmitter reuptake	10	3	0.4	0.00601	0.00846478873239436	ATP1A2, CLN8, ITGB1, KCNJ10, PER2, SLC17A8, SLC6A1, SLC6A11, SLC6A12, SLC6A13	0.3	hsa-miR-892b
GO:0001504	neurotransmitter uptake	46	6	1.82	0.00914	0.01077283372365339	APP, ATP1A2, CLN8, DRD1, DRD2, DRD3, DRD4, FLOT1, GDNF, GFAP, GPM6B, ITGB1, ITGB3, KCNJ10, NOS1, PARK7, PER2, PRKN, RAB3B, SLC17A8, SLC18A1, SLC18A2, SLC18A3, SLC18B1, SLC1A2, SLC1A3, SLC1A6, SLC1A7, SLC22A1, SLC22A2, SLC22A3, SLC29A1, SLC29A2, SLC29A4, SLC38A1, SLC6A1, SLC6A11, SLC6A12, SLC6A13, SLC6A2, SLC6A3, SLC6A4, SNAP25, SNCA, SYNGR3, TOR1A	0.13043478260869565	hsa-miR-892b
GO:0006836	neurotransmitter transport	211	16	8.35	0.00992	0.01127272727272727	ABCC8, ADORA2A, APP, ASIC1, ATP1A2, ATP2A2, BAIAP3, BEST1, BGLAP, BLOC1S6, BRAF, BRSK1, CACNB4, CADPS, CADPS2, CAMK2A, CASK, CDK5, CHAT, CHRNA3, CHRNB4, CLN8, CPLX1, CPLX2, CPLX3, CPLX4, CSPG5, DNAJC5, DOC2A, DOC2B, DRD1, DRD2, DRD3, DRD4, DTNBP1, DVL1, DYSF, ERC2, FBXL20, FBXO45, FER1L5, FLOT1, FMR1, GABRQ, GDNF, GFAP, GIT1, GPER1, GPM6B, GPR151, GPR158, GRIK5, GRM4, HCRT, HRH3, HTR1B, ICA1, ITGB1, ITGB3, KCNJ10, KCNJ8, KCNMB4, KMO, LIN7A, LIN7B, LIN7C, LRRK2, MCTP1, MCTP2, MEF2C, MICU3, MYOF, NAPA, NAPB, NF1, NLGN1, NOS1, NR4A1, NRXN1, NRXN2, OSBPL2, OTOF, P2RX1, P2RX7, P2RY1, P2RY4, PARK7, PCLO, PDZD11, PER2, PFN2, PIP5K1C, PNKD, PPFIA2, PPFIA3, PPT1, PREPL, PRKCB, PRKCG, PRKN, PRRT2, PSEN1, PTPRN2, RAB3A, RAB3B, RAB3GAP1, RAB5A, RAP1A, RAP1B, RAP1BL, RIMS1, RIMS2, RIMS3, RIMS4, RPH3A, RPH3AL, SCRIB, SEPTIN5, SLC17A5, SLC17A6, SLC17A7, SLC17A8, SLC18A1, SLC18A2, SLC18A3, SLC18B1, SLC1A1, SLC1A2, SLC1A3, SLC1A6, SLC1A7, SLC22A1, SLC22A2, SLC22A3, SLC22A4, SLC28A2, SLC29A1, SLC29A2, SLC29A3, SLC29A4, SLC30A1, SLC32A1, SLC38A1, SLC38A2, SLC4A8, SLC5A7, SLC6A1, SLC6A11, SLC6A12, SLC6A13, SLC6A15, SLC6A16, SLC6A17, SLC6A18, SLC6A2, SLC6A3, SLC6A4, SLC6A5, SLC6A6, SLC6A7, SLC6A8, SLC6A9, SNAP23, SNAP25, SNAP29, SNAP47, SNAPIN, SNCA, SNCAIP, SNCG, SNPH, STX11, STX19, STX1A, STX1B, STX2, STX4, STXBP1, STXBP2, STXBP3, STXBP5, SV2A, SV2B, SV2C, SYN1, SYN2, SYN3, SYNGR3, SYNJ1, SYP, SYT1, SYT11, SYT12, SYT13, SYT2, SYT4, SYT5, SYT7, SYT8, SYT9, TACR2, TH, TOR1A, TPRG1L, TSPOAP1, UNC13A, UNC13B, UNC13C, VAMP2, VPS18, WNT7A	0.07582938388625593	hsa-miR-892b
GO:2000300	regulation of synaptic vesicle exocytosis	48	6	1.9	0.01121	0.01179999999999999	ATP2A2, BRAF, CACNB4, CASK, CSPG5, DTNBP1, DVL1, FBXL20, FBXO45, FMR1, GIT1, GPR151, HTR1B, LRRK2, NLGN1, P2RX1, P2RY1, P2RY4, PFN2, PPFIA2, PREPL, PRKCB, PRKCG, RAB3A, RAB3GAP1, RAB5A, RAP1A, RAP1B, RAP1BL, RIMS1, RIMS2, RIMS3, RIMS4, SEPTIN5, SLC4A8, SNAPIN, STXBP5, SV2B, SV2C, SYN1, SYT1, SYT13, SYT2, SYT4, SYT5, SYT8, VPS18, WNT7A	0.125	hsa-miR-892b
GO:0099532	synaptic vesicle endosomal processing	11	4	0.63	0.00255	0.00312958435207824	AP1G1, AP3D1, BTBD8, EEA1, GRIPAP1, ITSN1, ITSN2, RAB7A, STX6, VAMP4, VTI1A	0.36363636363636365	hsa-miR-93-5p
