miRNA	Pathway	rho	pval	padj
hsa-miR-320b	GOBP_MAINTENANCE_OF_POSTSYNAPTIC_SPECIALIZATION_STRUCTURE	-0.9515151515151513	2.2798549206417094e-5	0.0016756933666716564
hsa-miR-320b	GOBP_REGULATION_OF_NEUROTRANSMITTER_RECEPTOR_ACTIVITY	-0.9515151515151513	2.2798549206417094e-5	0.0016756933666716564
hsa-miR-320b	GOBP_SYNAPTIC_VESICLE_PRIMING	-0.9393939393939392	5.484052998513695e-5	0.0026871859692717106
hsa-miR-320b	GOBP_SYNAPTIC_VESICLE_MEMBRANE_ORGANIZATION	-0.9272727272727271	1.1203450639397674e-4	0.004117268109978645
hsa-miR-320b	GOBP_NEUROTRANSMITTER_SECRETION	-0.915151515151515	2.0447240614883324e-4	0.004209249422600192
hsa-miR-320b	GOBP_REGULATION_OF_NEUROTRANSMITTER_TRANSPORT	-0.915151515151515	2.0447240614883324e-4	0.004209249422600192
hsa-miR-320b	GOBP_SYNAPTIC_VESICLE_DOCKING	-0.915151515151515	2.0447240614883324e-4	0.004209249422600192
hsa-miR-320b	GOBP_REGULATION_OF_NEUROTRANSMITTER_LEVELS	-0.903030303030303	3.43612197763281e-4	0.004209249422600192
hsa-miR-320b	GOBP_REGULATION_OF_POSTSYNAPTIC_MEMBRANE_POTENTIAL	-0.903030303030303	3.43612197763281e-4	0.004209249422600192
hsa-miR-320b	GOBP_REGULATION_OF_SYNAPTIC_VESICLE_EXOCYTOSIS	-0.903030303030303	3.43612197763281e-4	0.004209249422600192
hsa-miR-320b	GOBP_SYNAPTIC_TRANSMISSION_GABAERGIC	-0.903030303030303	3.43612197763281e-4	0.004209249422600192
hsa-miR-320b	GOBP_SYNAPTIC_VESICLE_EXOCYTOSIS	-0.903030303030303	3.43612197763281e-4	0.004209249422600192
hsa-miR-320b	GOBP_NEUROTRANSMITTER_TRANSPORT	-0.8909090909090908	5.421442248338693e-4	0.0061304000808137535
hsa-miR-320b	GOBP_CHEMICAL_SYNAPTIC_TRANSMISSION_POSTSYNAPTIC	-0.8666666666666666	0.0011735381801554663	0.010781882030178347
hsa-miR-320b	GOBP_POSITIVE_REGULATION_OF_NEUROTRANSMITTER_SECRETION	-0.8666666666666666	0.0011735381801554663	0.010781882030178347
hsa-miR-320b	GOBP_REGULATION_OF_SYNAPTIC_VESICLE_PRIMING	-0.8666666666666666	0.0011735381801554663	0.010781882030178347
hsa-miR-320b	GOBP_REGULATION_OF_SYNAPTIC_VESICLE_CYCLE	-0.8545454545454544	0.0016368033159867143	0.013367227080558165
hsa-miR-320b	GOBP_SYNAPTIC_VESICLE_MATURATION	-0.8545454545454544	0.0016368033159867143	0.013367227080558165
hsa-miR-320b	GOBP_NEURON_CELL_CELL_ADHESION	-0.8424242424242423	0.0022200312259168407	0.014833845009535253
hsa-miR-320b	GOBP_POSTSYNAPTIC_MEMBRANE_ORGANIZATION	-0.8424242424242423	0.0022200312259168407	0.014833845009535253
hsa-miR-320b	GOBP_SYNAPTIC_VESICLE_RECYCLING	-0.8424242424242423	0.0022200312259168407	0.014833845009535253
hsa-miR-320b	GOBP_SYNAPTIC_VESICLE_RECYCLING_VIA_ENDOSOME	-0.8424242424242423	0.0022200312259168407	0.014833845009535253
hsa-miR-320b	GOBP_REGULATION_OF_SYNAPTIC_VESICLE_TRANSPORT	-0.8181818181818181	0.003814920082550725	0.0243823153102155
hsa-miR-320b	GOBP_REGULATION_OF_SYNAPTIC_TRANSMISSION_GABAERGIC	-0.7939393939393938	0.0060999233136969115	0.03736203029639358
hsa-miR-320b	GOBP_NEUROTRANSMITTER_GATED_ION_CHANNEL_CLUSTERING	-0.7818181818181817	0.007547007781067878	0.041089264585814
hsa-miR-320b	GOBP_REGULATION_OF_SYNAPTIC_VESICLE_ENDOCYTOSIS	-0.7818181818181817	0.007547007781067878	0.041089264585814
hsa-miR-320b	GOBP_SYNAPTIC_VESICLE_UNCOATING	-0.7818181818181817	0.007547007781067878	0.041089264585814
hsa-miR-320b	GOBP_POSITIVE_REGULATION_OF_EXCITATORY_POSTSYNAPTIC_POTENTIAL	-0.7696969696969695	0.009221952722216011	0.04518756833885846
hsa-miR-320b	GOBP_POSITIVE_REGULATION_OF_NEUROTRANSMITTER_TRANSPORT	-0.7696969696969695	0.009221952722216011	0.04518756833885846
hsa-miR-320b	GOBP_REGULATION_OF_POSTSYNAPTIC_NEUROTRANSMITTER_RECEPTOR_ACTIVITY	-0.7696969696969695	0.009221952722216011	0.04518756833885846
hsa-miR-320b	GOBP_ANTEROGRADE_DENDRITIC_TRANSPORT_OF_NEUROTRANSMITTER_RECEPTOR_COMPLEX	-0.7575757575757575	0.011143446799694208	0.046802476558715674
hsa-miR-320b	GOBP_REGULATION_OF_POSTSYNAPTIC_CYTOSOLIC_CALCIUM_ION_CONCENTRATION	-0.7575757575757575	0.011143446799694208	0.046802476558715674
hsa-miR-320b	GOBP_REGULATION_OF_POSTSYNAPTIC_MEMBRANE_NEUROTRANSMITTER_RECEPTOR_LEVELS	-0.7575757575757575	0.011143446799694208	0.046802476558715674
hsa-miR-320b	GOBP_SYNAPTIC_VESICLE_ENDOSOMAL_PROCESSING	-0.7575757575757575	0.011143446799694208	0.046802476558715674
hsa-miR-320b	GOBP_SYNAPTIC_VESICLE_LOCALIZATION	-0.7575757575757575	0.011143446799694208	0.046802476558715674
hsa-miR-320b	GOBP_SYNAPTIC_VESICLE_TRANSPORT	-0.7454545454545454	0.013330146315440047	0.05443143078804685
hsa-miR-320b	GOBP_REGULATION_OF_SYNAPTIC_VESICLE_RECYCLING	-0.7333333333333333	0.01580059625057155	0.06277534186037886
hsa-miR-320b	GOBP_CALCIUM_ION_REGULATED_EXOCYTOSIS_OF_NEUROTRANSMITTER	-0.7212121212121211	0.018573155089460208	0.06825634495376626
hsa-miR-320b	GOBP_MODULATION_OF_EXCITATORY_POSTSYNAPTIC_POTENTIAL	-0.7212121212121211	0.018573155089460208	0.06825634495376626
hsa-miR-320b	GOBP_NEUROTRANSMITTER_RECEPTOR_LOCALIZATION_TO_POSTSYNAPTIC_SPECIALIZATION_MEMBRANE	-0.7212121212121211	0.018573155089460208	0.06825634495376626
hsa-miR-320b	GOBP_NEGATIVE_REGULATION_OF_NEUROTRANSMITTER_SECRETION	-0.709090909090909	0.021665923367532435	0.07768026182993337
hsa-miR-320b	GOBP_POSITIVE_REGULATION_OF_CELL_ADHESION_MEDIATED_BY_INTEGRIN	0.6969696969696969	0.02509667588225183	0.08579561289979114
hsa-miR-320b	GOBP_SYNAPTIC_VESICLE_CYTOSKELETAL_TRANSPORT	-0.6969696969696969	0.02509667588225183	0.08579561289979114
hsa-miR-320b	GOBP_NEGATIVE_REGULATION_OF_EXCITATORY_POSTSYNAPTIC_POTENTIAL	-0.6848484848484847	0.028882797506732782	0.09649480076112997
hsa-miR-216a-5p	GOBP_SYNAPTIC_VESICLE_BUDDING	-0.9393939393939392	5.484052998513695e-5	0.008061557907815133
hsa-miR-891a-5p	GOBP_POSTSYNAPTIC_MEMBRANE_ORGANIZATION	-0.903030303030303	3.43612197763281e-4	0.050510993071202305
hsa-miR-6842-3p	GOBP_NEGATIVE_REGULATION_OF_CELL_ADHESION	-0.9515151515151513	2.2798549206417094e-5	0.0033513867333433128
hsa-miR-6842-3p	GOBP_NEGATIVE_REGULATION_OF_CELL_CELL_ADHESION	-0.915151515151515	2.0447240614883324e-4	0.012627748267800576
hsa-miR-6842-3p	GOBP_NEGATIVE_REGULATION_OF_LEUKOCYTE_CELL_CELL_ADHESION	-0.903030303030303	3.43612197763281e-4	0.012627748267800576
hsa-miR-6842-3p	GOBP_REGULATION_OF_CELL_ADHESION	-0.903030303030303	3.43612197763281e-4	0.012627748267800576
hsa-miR-6842-3p	GOBP_CELL_ADHESION_INVOLVED_IN_HEART_MORPHOGENESIS	-0.8909090909090908	5.421442248338693e-4	0.0132825335084298
hsa-miR-6842-3p	GOBP_NEGATIVE_REGULATION_OF_CELL_ADHESION_MEDIATED_BY_INTEGRIN	-0.8909090909090908	5.421442248338693e-4	0.0132825335084298
hsa-miR-6842-3p	GOBP_POSITIVE_REGULATION_OF_CELL_ADHESION	-0.8787878787878787	8.138621117322129e-4	0.014954716303079412
hsa-miR-6842-3p	GOBP_REGULATION_OF_CELL_ADHESION_MEDIATED_BY_INTEGRIN	-0.8787878787878787	8.138621117322129e-4	0.014954716303079412
hsa-miR-6842-3p	GOBP_NEUROTRANSMITTER_BIOSYNTHETIC_PROCESS	-0.8666666666666666	0.0011735381801554663	0.019167790275872613
hsa-miR-6842-3p	GOBP_REGULATION_OF_CELL_CELL_ADHESION	-0.8545454545454544	0.0016368033159867143	0.0240610087450047
hsa-miR-6842-3p	GOBP_REGULATION_OF_NEUROTRANSMITTER_UPTAKE	-0.806060606060606	0.004862061101964598	0.06404919479381757
hsa-miR-6842-3p	GOBP_CELL_ADHESION_MEDIATED_BY_INTEGRIN	-0.7939393939393938	0.0060999233136969115	0.06404919479381757
hsa-miR-6842-3p	GOBP_EPITHELIAL_CELL_CELL_ADHESION	-0.7939393939393938	0.0060999233136969115	0.06404919479381757
hsa-miR-6842-3p	GOBP_NEUROTRANSMITTER_REUPTAKE	-0.7939393939393938	0.0060999233136969115	0.06404919479381757
hsa-miR-6842-3p	GOBP_HETEROTYPIC_CELL_CELL_ADHESION	-0.7818181818181817	0.007547007781067878	0.06933813398856113
hsa-miR-6842-3p	GOBP_POSITIVE_REGULATION_OF_HETEROTYPIC_CELL_CELL_ADHESION	-0.7818181818181817	0.007547007781067878	0.06933813398856113
hsa-miR-6842-3p	GOBP_LEUKOCYTE_CELL_CELL_ADHESION	-0.7696969696969695	0.009221952722216011	0.07974276765680903
hsa-miR-6842-3p	GOBP_NEGATIVE_REGULATION_OF_CELL_ADHESION_MOLECULE_PRODUCTION	-0.7575757575757575	0.011143446799694208	0.08190433397775243
hsa-miR-6842-3p	GOBP_POSITIVE_REGULATION_OF_LEUKOCYTE_CELL_CELL_ADHESION	-0.7575757575757575	0.011143446799694208	0.08190433397775243
hsa-miR-6842-3p	GOBP_REGULATION_OF_HETEROTYPIC_CELL_CELL_ADHESION	-0.7575757575757575	0.011143446799694208	0.08190433397775243
hsa-miR-6842-3p	GOBP_HOMOTYPIC_CELL_CELL_ADHESION	-0.7454545454545454	0.013330146315440047	0.08906961401680395
hsa-miR-6842-3p	GOBP_POSITIVE_REGULATION_OF_CELL_ADHESION_MEDIATED_BY_INTEGRIN	-0.7454545454545454	0.013330146315440047	0.08906961401680395
hsa-miR-582-5p	GOBP_POSTSYNAPTIC_SPECIALIZATION_ORGANIZATION	-0.915151515151515	2.0447240614883324e-4	0.030057443703878486
hsa-miR-582-5p	GOBP_POSTSYNAPTIC_SPECIALIZATION_ASSEMBLY	-0.8909090909090908	5.421442248338693e-4	0.0398476005252894
hsa-miR-582-5p	GOBP_NEUROTRANSMITTER_RECEPTOR_TRANSPORT	-0.8787878787878787	8.138621117322129e-4	0.03987924347487844
hsa-miR-582-5p	GOBP_NORADRENERGIC_NEURON_DIFFERENTIATION	-0.8666666666666666	0.0011735381801554663	0.0401016812416745
hsa-miR-582-5p	GOBP_POSTSYNAPTIC_MODULATION_OF_CHEMICAL_SYNAPTIC_TRANSMISSION	-0.8545454545454544	0.0016368033159867143	0.0401016812416745
hsa-miR-582-5p	GOBP_SYNAPTIC_TRANSMISSION_GLUTAMATERGIC	-0.8545454545454544	0.0016368033159867143	0.0401016812416745
hsa-miR-582-5p	GOBP_NEUROTRANSMITTER_RECEPTOR_TRANSPORT_TO_PLASMA_MEMBRANE	-0.8424242424242423	0.0022200312259168407	0.046620655744253656
hsa-miR-582-5p	GOBP_NEUROTRANSMITTER_RECEPTOR_TRANSPORT_ENDOSOME_TO_POSTSYNAPTIC_MEMBRANE	-0.8303030303030301	0.002940227023279515	0.05402667155276109
hsa-miR-582-5p	GOBP_CEREBRAL_CORTEX_GABAERGIC_INTERNEURON_DEVELOPMENT	0.8181818181818181	0.003814920082550725	0.0623103613483285
hsa-miR-582-5p	GOBP_CALCIUM_DEPENDENT_CELL_CELL_ADHESION_VIA_PLASMA_MEMBRANE_CELL_ADHESION_MOLECULES	-0.7939393939393938	0.0060999233136969115	0.08966887271134459
hsa-miR-576-5p	GOBP_POSITIVE_REGULATION_OF_CELL_CELL_ADHESION	0.9272727272727271	1.1203450639397674e-4	0.01646907243991458
hsa-miR-576-5p	GOBP_POSITIVE_REGULATION_OF_LEUKOCYTE_CELL_CELL_ADHESION	0.8909090909090908	5.421442248338693e-4	0.0398476005252894
hsa-miR-576-5p	GOBP_CELL_CELL_ADHESION_MEDIATED_BY_INTEGRIN	0.8545454545454544	0.0016368033159867143	0.054390765034962596
hsa-miR-576-5p	GOBP_REGULATION_OF_CELL_CELL_ADHESION_MEDIATED_BY_INTEGRIN	0.8545454545454544	0.0016368033159867143	0.054390765034962596
hsa-miR-576-5p	GOBP_POSTSYNAPTIC_MEMBRANE_ASSEMBLY	-0.8424242424242423	0.0022200312259168407	0.054390765034962596
hsa-miR-576-5p	GOBP_REGULATION_OF_HOMOTYPIC_CELL_CELL_ADHESION	0.8424242424242423	0.0022200312259168407	0.054390765034962596
hsa-miR-576-5p	GOBP_CELL_ADHESION_MEDIATED_BY_INTEGRIN	0.8303030303030301	0.002940227023279515	0.06174476748886982
hsa-miR-576-5p	GOBP_HOMOTYPIC_CELL_CELL_ADHESION	0.806060606060606	0.004862061101964598	0.08934037274859949
hsa-miR-576-5p	GOBP_LEUKOCYTE_CELL_CELL_ADHESION	0.7939393939393938	0.0060999233136969115	0.08966887271134459
hsa-miR-576-5p	GOBP_POSITIVE_REGULATION_OF_CELL_ADHESION	0.7939393939393938	0.0060999233136969115	0.08966887271134459
hsa-miR-19b-1-3p	GOBP_REGULATION_OF_CELL_ADHESION_MEDIATED_BY_INTEGRIN	0.915151515151515	2.0447240614883324e-4	0.030057443703878486
hsa-miR-19b-1-3p	GOBP_CELL_ADHESION_INVOLVED_IN_HEART_MORPHOGENESIS	0.8787878787878787	8.138621117322129e-4	0.03987924347487844
hsa-miR-19b-1-3p	GOBP_REGULATION_OF_SYNAPTIC_VESICLE_MEMBRANE_ORGANIZATION	-0.8787878787878787	8.138621117322129e-4	0.03987924347487844
hsa-miR-19b-1-3p	GOBP_NEGATIVE_REGULATION_OF_LEUKOCYTE_CELL_CELL_ADHESION	0.8545454545454544	0.0016368033159867143	0.06015252186251175
hsa-miR-19b-1-3p	GOBP_REGULATION_OF_NEUROTRANSMITTER_UPTAKE	0.8424242424242423	0.0022200312259168407	0.06526891804195512
hsa-miR-19b-1-3p	GOBP_NEGATIVE_REGULATION_OF_CELL_ADHESION	0.8303030303030301	0.002940227023279515	0.07203556207034813
hsa-miR-19b-1-3p	GOBP_NEGATIVE_REGULATION_OF_CELL_CELL_ADHESION	0.8181818181818181	0.003814920082550725	0.08011332173356522
hsa-miR-455-5p	GOBP_POSITIVE_REGULATION_OF_NEUROTRANSMITTER_UPTAKE	-0.915151515151515	2.0447240614883324e-4	0.030057443703878486
hsa-miR-660-5p	GOBP_CALCIUM_INDEPENDENT_CELL_CELL_ADHESION_VIA_PLASMA_MEMBRANE_CELL_ADHESION_MOLECULES	0.903030303030303	3.43612197763281e-4	0.050510993071202305
hsa-miR-19a-3p	GOBP_REGULATION_OF_SYNAPTIC_VESICLE_MEMBRANE_ORGANIZATION	-0.9515151515151513	2.2798549206417094e-5	0.0033513867333433128
hsa-miR-19a-3p	GOBP_REGULATION_OF_NEUROTRANSMITTER_UPTAKE	0.8666666666666666	0.0011735381801554663	0.08625505624142678
hsa-miR-491-5p	GOBP_REGULATION_OF_POSTSYNAPTIC_DENSITY_ORGANIZATION	-0.903030303030303	3.43612197763281e-4	0.050510993071202305
hsa-miR-28-3p	GOBP_NEGATIVE_REGULATION_OF_SYNAPTIC_VESICLE_EXOCYTOSIS	-0.915151515151515	2.0447240614883324e-4	0.015028721851939243
hsa-miR-28-3p	GOBP_NORADRENERGIC_NEURON_DIFFERENTIATION	-0.915151515151515	2.0447240614883324e-4	0.015028721851939243
hsa-miR-28-3p	GOBP_SYNAPTIC_VESICLE_BUDDING	-0.8909090909090908	5.421442248338693e-4	0.0265650670168596
hsa-miR-135b-5p	GOBP_POSITIVE_REGULATION_OF_EXCITATORY_POSTSYNAPTIC_POTENTIAL	0.9515151515151513	2.2798549206417094e-5	0.0033513867333433128
hsa-miR-135b-5p	GOBP_SYNAPTIC_VESICLE_CLUSTERING	0.9272727272727271	1.1203450639397674e-4	0.007514360925969622
hsa-miR-135b-5p	GOBP_MODULATION_OF_EXCITATORY_POSTSYNAPTIC_POTENTIAL	0.915151515151515	2.0447240614883324e-4	0.007514360925969622
hsa-miR-135b-5p	GOBP_POSTSYNAPTIC_DENSITY_PROTEIN_95_CLUSTERING	0.915151515151515	2.0447240614883324e-4	0.007514360925969622
hsa-miR-135b-5p	GOBP_NEUROTRANSMITTER_GATED_ION_CHANNEL_CLUSTERING	0.8909090909090908	5.421442248338693e-4	0.015939040210115756
hsa-miR-135b-5p	GOBP_SYNAPTIC_VESICLE_MATURATION	0.8787878787878787	8.138621117322129e-4	0.01993962173743922
hsa-miR-135b-5p	GOBP_CHEMICAL_SYNAPTIC_TRANSMISSION_POSTSYNAPTIC	0.8545454545454544	0.0016368033159867143	0.029667690019070506
hsa-miR-135b-5p	GOBP_NEGATIVE_REGULATION_OF_EXCITATORY_POSTSYNAPTIC_POTENTIAL	0.8424242424242423	0.0022200312259168407	0.029667690019070506
hsa-miR-135b-5p	GOBP_POSTSYNAPTIC_MEMBRANE_ASSEMBLY	0.8424242424242423	0.0022200312259168407	0.029667690019070506
hsa-miR-135b-5p	GOBP_POSTSYNAPTIC_MEMBRANE_ORGANIZATION	0.8424242424242423	0.0022200312259168407	0.029667690019070506
hsa-miR-135b-5p	GOBP_REGULATION_OF_SYNAPTIC_VESICLE_CLUSTERING	0.8424242424242423	0.0022200312259168407	0.029667690019070506
hsa-miR-135b-5p	GOBP_REGULATION_OF_POSTSYNAPTIC_MEMBRANE_NEUROTRANSMITTER_RECEPTOR_LEVELS	0.8303030303030301	0.002940227023279515	0.03324718249400683
hsa-miR-135b-5p	GOBP_SYNAPTIC_VESICLE_DOCKING	0.8303030303030301	0.002940227023279515	0.03324718249400683
hsa-miR-135b-5p	GOBP_REGULATION_OF_POSTSYNAPTIC_MEMBRANE_POTENTIAL	0.8181818181818181	0.003814920082550725	0.037386216808997105
hsa-miR-135b-5p	GOBP_SYNAPTIC_VESICLE_LOCALIZATION	0.8181818181818181	0.003814920082550725	0.037386216808997105
hsa-miR-135b-5p	GOBP_CALCIUM_ION_REGULATED_EXOCYTOSIS_OF_NEUROTRANSMITTER	0.806060606060606	0.004862061101964598	0.03761699905204189
hsa-miR-135b-5p	GOBP_NEUROTRANSMITTER_RECEPTOR_TRANSPORT	0.806060606060606	0.004862061101964598	0.03761699905204189
hsa-miR-135b-5p	GOBP_POSITIVE_REGULATION_OF_INHIBITORY_POSTSYNAPTIC_POTENTIAL	0.806060606060606	0.004862061101964598	0.03761699905204189
hsa-miR-135b-5p	GOBP_POSTSYNAPTIC_SPECIALIZATION_ORGANIZATION	0.806060606060606	0.004862061101964598	0.03761699905204189
hsa-miR-135b-5p	GOBP_SYNAPTIC_TRANSMISSION_GLUTAMATERGIC	0.7939393939393938	0.0060999233136969115	0.04269946319587838
hsa-miR-135b-5p	GOBP_SYNAPTIC_VESICLE_EXOCYTOSIS	0.7939393939393938	0.0060999233136969115	0.04269946319587838
hsa-miR-135b-5p	GOBP_NEUROTRANSMITTER_TRANSPORT	0.7818181818181817	0.007547007781067878	0.046745760350543224
hsa-miR-135b-5p	GOBP_SYNAPTIC_VESICLE_RECYCLING	0.7818181818181817	0.007547007781067878	0.046745760350543224
hsa-miR-135b-5p	GOBP_NEUROTRANSMITTER_SECRETION	0.7696969696969695	0.009221952722216011	0.046745760350543224
hsa-miR-135b-5p	GOBP_REGULATION_OF_NEUROTRANSMITTER_TRANSPORT	0.7696969696969695	0.009221952722216011	0.046745760350543224
hsa-miR-135b-5p	GOBP_REGULATION_OF_SYNAPTIC_TRANSMISSION_GLUTAMATERGIC	0.7696969696969695	0.009221952722216011	0.046745760350543224
hsa-miR-135b-5p	GOBP_REGULATION_OF_SYNAPTIC_VESICLE_RECYCLING	0.7696969696969695	0.009221952722216011	0.046745760350543224
hsa-miR-135b-5p	GOBP_SYNAPTIC_VESICLE_MEMBRANE_ORGANIZATION	0.7696969696969695	0.009221952722216011	0.046745760350543224
hsa-miR-135b-5p	GOBP_SYNAPTIC_VESICLE_PRIMING	0.7696969696969695	0.009221952722216011	0.046745760350543224
hsa-miR-135b-5p	GOBP_REGULATION_OF_SYNAPTIC_VESICLE_PRIMING	0.7575757575757575	0.011143446799694208	0.05119020873609527
hsa-miR-135b-5p	GOBP_REGULATION_OF_SYNAPTIC_VESICLE_TRANSPORT	0.7575757575757575	0.011143446799694208	0.05119020873609527
hsa-miR-135b-5p	GOBP_SPONTANEOUS_NEUROTRANSMITTER_SECRETION	0.7575757575757575	0.011143446799694208	0.05119020873609527
hsa-miR-135b-5p	GOBP_NEUROTRANSMITTER_RECEPTOR_TRANSPORT_TO_PLASMA_MEMBRANE	0.7454545454545454	0.013330146315440047	0.05443143078804685
hsa-miR-135b-5p	GOBP_REGULATION_OF_NEUROTRANSMITTER_LEVELS	0.7454545454545454	0.013330146315440047	0.05443143078804685
hsa-miR-135b-5p	GOBP_REGULATION_OF_SYNAPTIC_VESICLE_ENDOCYTOSIS	0.7454545454545454	0.013330146315440047	0.05443143078804685
hsa-miR-135b-5p	GOBP_SYNAPTIC_VESICLE_ENDOSOMAL_PROCESSING	0.7454545454545454	0.013330146315440047	0.05443143078804685
hsa-miR-135b-5p	GOBP_INHIBITORY_POSTSYNAPTIC_POTENTIAL	0.709090909090909	0.021665923367532435	0.08381291407966494
hsa-miR-135b-5p	GOBP_SYNAPTIC_VESICLE_TRANSPORT	0.709090909090909	0.021665923367532435	0.08381291407966494
hsa-miR-135b-5p	GOBP_NEGATIVE_REGULATION_OF_NEUROTRANSMITTER_SECRETION	0.6969696969696969	0.02509667588225183	0.09223028386727547
hsa-miR-135b-5p	GOBP_NEUROTRANSMITTER_RECEPTOR_LOCALIZATION_TO_POSTSYNAPTIC_SPECIALIZATION_MEMBRANE	0.6969696969696969	0.02509667588225183	0.09223028386727547
hsa-miR-135b-5p	GOBP_GEPHYRIN_CLUSTERING_INVOLVED_IN_POSTSYNAPTIC_DENSITY_ASSEMBLY	0.6848484848484847	0.028882797506732782	0.09649480076112997
hsa-miR-135b-5p	GOBP_POSTSYNAPTIC_SPECIALIZATION_ASSEMBLY	0.6848484848484847	0.028882797506732782	0.09649480076112997
hsa-miR-135b-5p	GOBP_REGULATION_OF_SYNAPTIC_VESICLE_EXOCYTOSIS	0.6848484848484847	0.028882797506732782	0.09649480076112997
hsa-miR-135b-5p	GOBP_SYNAPTIC_VESICLE_CYTOSKELETAL_TRANSPORT	0.6848484848484847	0.028882797506732782	0.09649480076112997
hsa-miR-675-3p	GOBP_POSTSYNAPTIC_NEUROTRANSMITTER_RECEPTOR_INTERNALIZATION	0.9118583155200969	2.371436370050641e-4	0.03486011463974442
hsa-miR-29a-3p	GOBP_MODIFICATION_OF_POSTSYNAPTIC_ACTIN_CYTOSKELETON	-0.8787878787878787	8.138621117322129e-4	0.08625505624142678
hsa-miR-29a-3p	GOBP_POSTSYNAPTIC_MODULATION_OF_CHEMICAL_SYNAPTIC_TRANSMISSION	-0.8666666666666666	0.0011735381801554663	0.08625505624142678
hsa-miR-10b-5p	GOBP_SYNAPTIC_TRANSMISSION_CHOLINERGIC	0.903030303030303	3.43612197763281e-4	0.050510993071202305
hsa-miR-21-5p	GOBP_POSITIVE_REGULATION_OF_CELL_CELL_ADHESION	0.9272727272727271	1.1203450639397674e-4	0.015028721851939243
hsa-miR-21-5p	GOBP_POSITIVE_REGULATION_OF_LEUKOCYTE_CELL_CELL_ADHESION	0.915151515151515	2.0447240614883324e-4	0.015028721851939243
hsa-miR-21-5p	GOBP_POSTSYNAPTIC_MEMBRANE_ASSEMBLY	-0.8787878787878787	8.138621117322129e-4	0.03987924347487844
hsa-miR-21-5p	GOBP_CELL_CELL_ADHESION_MEDIATED_BY_INTEGRIN	0.8545454545454544	0.0016368033159867143	0.05497869092221508
hsa-miR-21-5p	GOBP_CELL_ADHESION_MEDIATED_BY_INTEGRIN	0.8424242424242423	0.0022200312259168407	0.05497869092221508
hsa-miR-21-5p	GOBP_POSITIVE_REGULATION_OF_CELL_ADHESION_MEDIATED_BY_INTEGRIN	0.8303030303030301	0.002940227023279515	0.05497869092221508
hsa-miR-21-5p	GOBP_HOMOTYPIC_CELL_CELL_ADHESION	0.8181818181818181	0.003814920082550725	0.05497869092221508
hsa-miR-21-5p	GOBP_POSITIVE_REGULATION_OF_CELL_ADHESION	0.8181818181818181	0.003814920082550725	0.05497869092221508
hsa-miR-21-5p	GOBP_REGULATION_OF_CELL_CELL_ADHESION_MEDIATED_BY_INTEGRIN	0.8181818181818181	0.003814920082550725	0.05497869092221508
hsa-miR-21-5p	GOBP_MODULATION_OF_EXCITATORY_POSTSYNAPTIC_POTENTIAL	-0.806060606060606	0.004862061101964598	0.05497869092221508
hsa-miR-21-5p	GOBP_POSTSYNAPTIC_DENSITY_PROTEIN_95_CLUSTERING	-0.806060606060606	0.004862061101964598	0.05497869092221508
hsa-miR-21-5p	GOBP_POSTSYNAPTIC_MEMBRANE_ORGANIZATION	-0.806060606060606	0.004862061101964598	0.05497869092221508
hsa-miR-21-5p	GOBP_REGULATION_OF_POSTSYNAPTIC_NEUROTRANSMITTER_RECEPTOR_INTERNALIZATION	0.806060606060606	0.004862061101964598	0.05497869092221508
hsa-miR-21-5p	GOBP_CELL_ADHESION_INVOLVED_IN_HEART_MORPHOGENESIS	0.7939393939393938	0.0060999233136969115	0.05604304544459037
hsa-miR-21-5p	GOBP_LEUKOCYTE_CELL_CELL_ADHESION	0.7939393939393938	0.0060999233136969115	0.05604304544459037
hsa-miR-21-5p	GOBP_NEGATIVE_REGULATION_OF_EXCITATORY_POSTSYNAPTIC_POTENTIAL	-0.7939393939393938	0.0060999233136969115	0.05604304544459037
hsa-miR-21-5p	GOBP_SYNAPTIC_VESICLE_MEMBRANE_ORGANIZATION	-0.7818181818181817	0.007547007781067878	0.06525942022452812
hsa-miR-21-5p	GOBP_REGULATION_OF_CELL_CELL_ADHESION	0.7696969696969695	0.009221952722216011	0.07531261389809742
hsa-miR-21-5p	GOBP_REGULATION_OF_HOMOTYPIC_CELL_CELL_ADHESION	0.7575757575757575	0.011143446799694208	0.08190433397775243
hsa-miR-21-5p	GOBP_SYNAPTIC_VESICLE_MATURATION	-0.7575757575757575	0.011143446799694208	0.08190433397775243
hsa-miR-21-5p	GOBP_SYNAPTIC_VESICLE_CLUSTERING	-0.7454545454545454	0.013330146315440047	0.086025468475334
hsa-miR-21-5p	GOBP_GEPHYRIN_CLUSTERING_INVOLVED_IN_POSTSYNAPTIC_DENSITY_ASSEMBLY	-0.7333333333333333	0.01580059625057155	0.086025468475334
hsa-miR-21-5p	GOBP_REGULATION_OF_CELL_ADHESION_MEDIATED_BY_INTEGRIN	0.7333333333333333	0.01580059625057155	0.086025468475334
hsa-miR-21-5p	GOBP_REGULATION_OF_SYNAPTIC_VESICLE_ENDOCYTOSIS	-0.7333333333333333	0.01580059625057155	0.086025468475334
hsa-miR-21-5p	GOBP_REGULATION_OF_SYNAPTIC_VESICLE_RECYCLING	-0.7333333333333333	0.01580059625057155	0.086025468475334
hsa-miR-21-5p	GOBP_SYNAPTIC_VESICLE_DOCKING	-0.7333333333333333	0.01580059625057155	0.086025468475334
hsa-miR-21-5p	GOBP_SYNAPTIC_VESICLE_EXOCYTOSIS	-0.7333333333333333	0.01580059625057155	0.086025468475334
hsa-miR-21-5p	GOBP_NEUROTRANSMITTER_GATED_ION_CHANNEL_CLUSTERING	-0.7212121212121211	0.018573155089460208	0.09750906421966608
hsa-miR-6499-5p	GOBP_SYNAPTIC_VESICLE_MEMBRANE_ORGANIZATION	0.8739695897586162	9.454497241255438e-4	0.051538211448468214
hsa-miR-6499-5p	GOBP_REGULATION_OF_POSTSYNAPTIC_NEUROTRANSMITTER_RECEPTOR_INTERNALIZATION	-0.8603138149186379	0.0014024003115229446	0.051538211448468214
hsa-miR-6499-5p	GOBP_REGULATION_OF_SYNAPTIC_VESICLE_PRIMING	0.8603138149186379	0.0014024003115229446	0.051538211448468214
hsa-miR-6499-5p	GOBP_SYNAPTIC_VESICLE_DOCKING	0.8603138149186379	0.0014024003115229446	0.051538211448468214
hsa-miR-6499-5p	GOBP_MAINTENANCE_OF_POSTSYNAPTIC_SPECIALIZATION_STRUCTURE	0.8466580400786595	0.002001632369810232	0.05884799167242082
hsa-miR-6499-5p	GOBP_POSITIVE_REGULATION_OF_CELL_ADHESION_MEDIATED_BY_INTEGRIN	-0.8193464903987028	0.003723673539501636	0.07819714432953435
hsa-miR-6499-5p	GOBP_SYNAPTIC_VESICLE_UNCOATING	0.8193464903987028	0.003723673539501636	0.07819714432953435
hsa-miR-6499-5p	GOBP_SYNAPTIC_VESICLE_PRIMING	0.7988628281387352	0.0055729421744161985	0.09546391393347929
hsa-miR-6499-5p	GOBP_REGULATION_OF_NEUROTRANSMITTER_RECEPTOR_ACTIVITY	0.792034940718746	0.006312956786876681	0.09546391393347929
hsa-miR-6499-5p	GOBP_POSITIVE_REGULATION_OF_CELL_ADHESION	-0.7647233910387893	0.009979490772202797	0.09546391393347929
hsa-miR-6499-5p	GOBP_POSITIVE_REGULATION_OF_LEUKOCYTE_CELL_CELL_ADHESION	-0.7647233910387893	0.009979490772202797	0.09546391393347929
hsa-miR-6499-5p	GOBP_REGULATION_OF_SYNAPTIC_VESICLE_TRANSPORT	0.7647233910387893	0.009979490772202797	0.09546391393347929
hsa-miR-6499-5p	GOBP_CELL_ADHESION_INVOLVED_IN_HEART_MORPHOGENESIS	-0.7510676161988108	0.012283378611657026	0.09546391393347929
hsa-miR-6499-5p	GOBP_CELL_ADHESION_MEDIATED_BY_INTEGRIN	-0.7510676161988108	0.012283378611657026	0.09546391393347929
hsa-miR-6499-5p	GOBP_HOMOTYPIC_CELL_CELL_ADHESION	-0.7510676161988108	0.012283378611657026	0.09546391393347929
hsa-miR-6499-5p	GOBP_NEURON_CELL_CELL_ADHESION	0.7510676161988108	0.012283378611657026	0.09546391393347929
hsa-miR-6499-5p	GOBP_POSITIVE_REGULATION_OF_HETEROTYPIC_CELL_CELL_ADHESION	-0.7510676161988108	0.012283378611657026	0.09546391393347929
hsa-miR-6499-5p	GOBP_SYNAPTIC_VESICLE_MATURATION	0.7510676161988108	0.012283378611657026	0.09546391393347929
hsa-miR-6499-5p	GOBP_NEGATIVE_REGULATION_OF_EXCITATORY_POSTSYNAPTIC_POTENTIAL	0.7442397287788216	0.013564641394326433	0.09546391393347929
hsa-miR-6499-5p	GOBP_REGULATION_OF_SYNAPTIC_VESICLE_RECYCLING	0.7442397287788216	0.013564641394326433	0.09546391393347929
hsa-miR-6499-5p	GOBP_REGULATION_OF_CELL_ADHESION_MEDIATED_BY_INTEGRIN	-0.7374118413588324	0.01493653075149676	0.09546391393347929
hsa-miR-6499-5p	GOBP_REGULATION_OF_POSTSYNAPTIC_CYTOSOLIC_CALCIUM_ION_CONCENTRATION	0.7374118413588324	0.01493653075149676	0.09546391393347929
hsa-miR-6499-5p	GOBP_SYNAPTIC_VESICLE_EXOCYTOSIS	0.7374118413588324	0.01493653075149676	0.09546391393347929
hsa-miR-6499-5p	GOBP_REGULATION_OF_POSTSYNAPTIC_MEMBRANE_POTENTIAL	0.7305839539388433	0.01640233378435361	0.09644572265199923
hsa-miR-6499-5p	GOBP_REGULATION_OF_SYNAPTIC_VESICLE_CYCLE	0.7305839539388433	0.01640233378435361	0.09644572265199923
hsa-miR-208b-3p	GOBP_POSTSYNAPTIC_NEUROTRANSMITTER_RECEPTOR_INTERNALIZATION	0.9057792600832963	3.0732288058894113e-4	0.04517646344657435
hsa-miR-210-3p	GOBP_POSTSYNAPTIC_DENSITY_PROTEIN_95_CLUSTERING	-0.9757575757575756	1.4675461874042432e-6	2.1572928954842374e-4
hsa-miR-210-3p	GOBP_SYNAPTIC_VESICLE_CLUSTERING	-0.9393939393939392	5.484052998513695e-5	0.004030778953907566
hsa-miR-210-3p	GOBP_MODULATION_OF_EXCITATORY_POSTSYNAPTIC_POTENTIAL	-0.9272727272727271	1.1203450639397674e-4	0.004117268109978645
hsa-miR-210-3p	GOBP_NEGATIVE_REGULATION_OF_EXCITATORY_POSTSYNAPTIC_POTENTIAL	-0.9272727272727271	1.1203450639397674e-4	0.004117268109978645
hsa-miR-210-3p	GOBP_POSITIVE_REGULATION_OF_EXCITATORY_POSTSYNAPTIC_POTENTIAL	-0.8909090909090908	5.421442248338693e-4	0.015939040210115756
hsa-miR-210-3p	GOBP_POSTSYNAPTIC_MEMBRANE_ASSEMBLY	-0.8787878787878787	8.138621117322129e-4	0.01993962173743922
hsa-miR-210-3p	GOBP_NEUROTRANSMITTER_RECEPTOR_TRANSPORT	-0.8424242424242423	0.0022200312259168407	0.04079307377622195
hsa-miR-210-3p	GOBP_REGULATION_OF_SYNAPTIC_VESICLE_CLUSTERING	-0.8424242424242423	0.0022200312259168407	0.04079307377622195
hsa-miR-210-3p	GOBP_REGULATION_OF_SYNAPTIC_VESICLE_RECYCLING	-0.8303030303030301	0.002940227023279515	0.04322133724220887
hsa-miR-210-3p	GOBP_SYNAPTIC_VESICLE_LOCALIZATION	-0.8303030303030301	0.002940227023279515	0.04322133724220887
hsa-miR-210-3p	GOBP_POSTSYNAPTIC_MEMBRANE_ORGANIZATION	-0.8181818181818181	0.003814920082550725	0.0509812047395415
hsa-miR-210-3p	GOBP_REGULATION_OF_SYNAPTIC_VESICLE_ENDOCYTOSIS	-0.806060606060606	0.004862061101964598	0.05274639571255564
hsa-miR-210-3p	GOBP_SYNAPTIC_VESICLE_MATURATION	-0.806060606060606	0.004862061101964598	0.05274639571255564
hsa-miR-210-3p	GOBP_NEUROTRANSMITTER_GATED_ION_CHANNEL_CLUSTERING	-0.7939393939393938	0.0060999233136969115	0.05274639571255564
hsa-miR-210-3p	GOBP_POSTSYNAPTIC_SPECIALIZATION_ORGANIZATION	-0.7939393939393938	0.0060999233136969115	0.05274639571255564
hsa-miR-210-3p	GOBP_SYNAPTIC_VESICLE_EXOCYTOSIS	-0.7939393939393938	0.0060999233136969115	0.05274639571255564
hsa-miR-210-3p	GOBP_SYNAPTIC_VESICLE_MEMBRANE_ORGANIZATION	-0.7939393939393938	0.0060999233136969115	0.05274639571255564
hsa-miR-210-3p	GOBP_NEGATIVE_REGULATION_OF_NEUROTRANSMITTER_SECRETION	-0.7818181818181817	0.007547007781067878	0.055470507190848894
hsa-miR-210-3p	GOBP_REGULATION_OF_POSTSYNAPTIC_MEMBRANE_NEUROTRANSMITTER_RECEPTOR_LEVELS	-0.7818181818181817	0.007547007781067878	0.055470507190848894
hsa-miR-210-3p	GOBP_SYNAPTIC_VESICLE_DOCKING	-0.7818181818181817	0.007547007781067878	0.055470507190848894
hsa-miR-210-3p	GOBP_NORADRENERGIC_NEURON_DIFFERENTIATION	-0.7696969696969695	0.009221952722216011	0.056484460423573066
hsa-miR-210-3p	GOBP_REGULATION_OF_SYNAPTIC_TRANSMISSION_GLUTAMATERGIC	-0.7696969696969695	0.009221952722216011	0.056484460423573066
hsa-miR-210-3p	GOBP_SYNAPTIC_VESICLE_RECYCLING	-0.7696969696969695	0.009221952722216011	0.056484460423573066
hsa-miR-210-3p	GOBP_SYNAPTIC_VESICLE_TRANSPORT	-0.7696969696969695	0.009221952722216011	0.056484460423573066
hsa-miR-210-3p	GOBP_CHEMICAL_SYNAPTIC_TRANSMISSION_POSTSYNAPTIC	-0.7575757575757575	0.011143446799694208	0.06066987702055736
hsa-miR-210-3p	GOBP_GEPHYRIN_CLUSTERING_INVOLVED_IN_POSTSYNAPTIC_DENSITY_ASSEMBLY	-0.7575757575757575	0.011143446799694208	0.06066987702055736
hsa-miR-210-3p	GOBP_SYNAPTIC_TRANSMISSION_GLUTAMATERGIC	-0.7575757575757575	0.011143446799694208	0.06066987702055736
hsa-miR-210-3p	GOBP_REGULATION_OF_POSTSYNAPTIC_MEMBRANE_POTENTIAL	-0.7333333333333333	0.01580059625057155	0.0774229216278006
hsa-miR-210-3p	GOBP_REGULATION_OF_SYNAPTIC_VESICLE_TRANSPORT	-0.7333333333333333	0.01580059625057155	0.0774229216278006
hsa-miR-210-3p	GOBP_SYNAPTIC_VESICLE_PRIMING	-0.7333333333333333	0.01580059625057155	0.0774229216278006
hsa-miR-210-3p	GOBP_NEGATIVE_REGULATION_OF_NEUROTRANSMITTER_TRANSPORT	-0.7212121212121211	0.018573155089460208	0.08030158229854854
hsa-miR-210-3p	GOBP_NEUROTRANSMITTER_RECEPTOR_TRANSPORT_TO_PLASMA_MEMBRANE	-0.7212121212121211	0.018573155089460208	0.08030158229854854
hsa-miR-210-3p	GOBP_NEUROTRANSMITTER_SECRETION	-0.7212121212121211	0.018573155089460208	0.08030158229854854
hsa-miR-210-3p	GOBP_REGULATION_OF_NEUROTRANSMITTER_TRANSPORT	-0.7212121212121211	0.018573155089460208	0.08030158229854854
hsa-miR-210-3p	GOBP_NEUROTRANSMITTER_TRANSPORT	-0.709090909090909	0.021665923367532435	0.08846918708409077
hsa-miR-210-3p	GOBP_REGULATION_OF_SYNAPTIC_VESICLE_PRIMING	-0.709090909090909	0.021665923367532435	0.08846918708409077
hsa-miR-210-3p	GOBP_SYNAPTIC_VESICLE_CYTOSKELETAL_TRANSPORT	-0.6969696969696969	0.02509667588225183	0.09970841499164916
hsa-miR-130a-3p	GOBP_SYNAPTIC_VESICLE_CYTOSKELETAL_TRANSPORT	-0.903030303030303	3.43612197763281e-4	0.025255496535601153
hsa-miR-130a-3p	GOBP_SYNAPTIC_VESICLE_TRANSPORT	-0.903030303030303	3.43612197763281e-4	0.025255496535601153
hsa-miR-130a-3p	GOBP_NEGATIVE_REGULATION_OF_NEUROTRANSMITTER_SECRETION	-0.8909090909090908	5.421442248338693e-4	0.0265650670168596
hsa-miR-130a-3p	GOBP_REGULATION_OF_NEUROTRANSMITTER_RECEPTOR_LOCALIZATION_TO_POSTSYNAPTIC_SPECIALIZATION_MEMBRANE	-0.8787878787878787	8.138621117322129e-4	0.029909432606158824
hsa-miR-130a-3p	GOBP_HETEROPHILIC_CELL_CELL_ADHESION_VIA_PLASMA_MEMBRANE_CELL_ADHESION_MOLECULES	-0.8545454545454544	0.0016368033159867143	0.0481220174900094
hsa-miR-130a-3p	GOBP_SYNAPTIC_VESICLE_LOCALIZATION	-0.8303030303030301	0.002940227023279515	0.05607932521349565
hsa-miR-130a-3p	GOBP_NEUROTRANSMITTER_SECRETION	-0.8181818181818181	0.003814920082550725	0.05607932521349565
hsa-miR-130a-3p	GOBP_REGULATION_OF_NEUROTRANSMITTER_TRANSPORT	-0.8181818181818181	0.003814920082550725	0.05607932521349565
hsa-miR-130a-3p	GOBP_REGULATION_OF_SYNAPTIC_VESICLE_ENDOCYTOSIS	-0.8181818181818181	0.003814920082550725	0.05607932521349565
hsa-miR-130a-3p	GOBP_REGULATION_OF_SYNAPTIC_VESICLE_EXOCYTOSIS	-0.8181818181818181	0.003814920082550725	0.05607932521349565
hsa-miR-130a-3p	GOBP_SYNAPTIC_TRANSMISSION_GABAERGIC	-0.806060606060606	0.004862061101964598	0.059560248499066326
hsa-miR-130a-3p	GOBP_SYNAPTIC_VESICLE_EXOCYTOSIS	-0.806060606060606	0.004862061101964598	0.059560248499066326
hsa-miR-130a-3p	GOBP_NEUROTRANSMITTER_TRANSPORT	-0.7939393939393938	0.0060999233136969115	0.05977924847422974
hsa-miR-130a-3p	GOBP_REGULATION_OF_POSTSYNAPTIC_MEMBRANE_NEUROTRANSMITTER_RECEPTOR_LEVELS	-0.7939393939393938	0.0060999233136969115	0.05977924847422974
hsa-miR-130a-3p	GOBP_SYNAPTIC_VESICLE_RECYCLING	-0.7939393939393938	0.0060999233136969115	0.05977924847422974
hsa-miR-130a-3p	GOBP_REGULATION_OF_NEUROTRANSMITTER_LEVELS	-0.7696969696969695	0.009221952722216011	0.07445848543432039
hsa-miR-130a-3p	GOBP_REGULATION_OF_SYNAPTIC_VESICLE_TRANSPORT	-0.7696969696969695	0.009221952722216011	0.07445848543432039
hsa-miR-130a-3p	GOBP_ANTEROGRADE_DENDRITIC_TRANSPORT_OF_NEUROTRANSMITTER_RECEPTOR_COMPLEX	-0.7575757575757575	0.011143446799694208	0.07445848543432039
hsa-miR-130a-3p	GOBP_NEUROTRANSMITTER_RECEPTOR_TRANSPORT	-0.7575757575757575	0.011143446799694208	0.07445848543432039
hsa-miR-130a-3p	GOBP_REGULATION_OF_SYNAPTIC_TRANSMISSION_GABAERGIC	-0.7575757575757575	0.011143446799694208	0.07445848543432039
hsa-miR-130a-3p	GOBP_SYNAPTIC_VESICLE_BUDDING	-0.7575757575757575	0.011143446799694208	0.07445848543432039
hsa-miR-130a-3p	GOBP_SYNAPTIC_VESICLE_ENDOSOMAL_PROCESSING	-0.7575757575757575	0.011143446799694208	0.07445848543432039
hsa-miR-130a-3p	GOBP_NEGATIVE_REGULATION_OF_NEUROTRANSMITTER_TRANSPORT	-0.7454545454545454	0.013330146315440047	0.08164714618207028
hsa-miR-130a-3p	GOBP_NEGATIVE_REGULATION_OF_SYNAPTIC_VESICLE_EXOCYTOSIS	-0.7454545454545454	0.013330146315440047	0.08164714618207028
hsa-miR-130a-3p	GOBP_POSTSYNAPTIC_SIGNAL_TRANSDUCTION	-0.7333333333333333	0.01580059625057155	0.09290750595336071
hsa-miR-130a-3p	GOBP_NEUROTRANSMITTER_RECEPTOR_INTERNALIZATION	-0.7212121212121211	0.018573155089460208	0.09414668269485
hsa-miR-130a-3p	GOBP_NORADRENERGIC_NEURON_DIFFERENTIATION	-0.7212121212121211	0.018573155089460208	0.09414668269485
hsa-miR-130a-3p	GOBP_SYNAPTIC_VESICLE_MATURATION	-0.7212121212121211	0.018573155089460208	0.09414668269485
hsa-miR-130a-3p	GOBP_SYNAPTIC_VESICLE_PRIMING	-0.7212121212121211	0.018573155089460208	0.09414668269485
hsa-miR-378d	GOBP_HOMOPHILIC_CELL_ADHESION_VIA_PLASMA_MEMBRANE_ADHESION_MOLECULES	0.812776759390954	0.004259472986524341	0.07961292216025326
hsa-miR-378d	GOBP_NEGATIVE_REGULATION_OF_CELL_ADHESION_MEDIATED_BY_INTEGRIN	-0.812776759390954	0.004259472986524341	0.07961292216025326
hsa-miR-378d	GOBP_CELL_CELL_ADHESION_INVOLVED_IN_GASTRULATION	-0.7978634243562576	0.0056771818107933004	0.07961292216025326
hsa-miR-378d	GOBP_REGULATION_OF_NEUROTRANSMITTER_UPTAKE	-0.7978634243562576	0.0056771818107933004	0.07961292216025326
hsa-miR-378d	GOBP_CELL_ADHESION_INVOLVED_IN_HEART_MORPHOGENESIS	-0.7680367542868648	0.009470144899196155	0.07961292216025326
hsa-miR-378d	GOBP_CELL_ADHESION_MEDIATED_BY_INTEGRIN	-0.7680367542868648	0.009470144899196155	0.07961292216025326
hsa-miR-378d	GOBP_HETEROTYPIC_CELL_CELL_ADHESION	-0.7680367542868648	0.009470144899196155	0.07961292216025326
hsa-miR-378d	GOBP_HOMOTYPIC_CELL_CELL_ADHESION	-0.7680367542868648	0.009470144899196155	0.07961292216025326
hsa-miR-378d	GOBP_NEUROTRANSMITTER_REUPTAKE	-0.7680367542868648	0.009470144899196155	0.07961292216025326
hsa-miR-378d	GOBP_POSITIVE_REGULATION_OF_CELL_ADHESION	-0.7680367542868648	0.009470144899196155	0.07961292216025326
hsa-miR-378d	GOBP_POSITIVE_REGULATION_OF_CELL_CELL_ADHESION	-0.7680367542868648	0.009470144899196155	0.07961292216025326
hsa-miR-378d	GOBP_POSITIVE_REGULATION_OF_HETEROTYPIC_CELL_CELL_ADHESION	-0.7680367542868648	0.009470144899196155	0.07961292216025326
hsa-miR-378d	GOBP_POSITIVE_REGULATION_OF_LEUKOCYTE_CELL_CELL_ADHESION	-0.7680367542868648	0.009470144899196155	0.07961292216025326
hsa-miR-378d	GOBP_REGULATION_OF_HETEROTYPIC_CELL_CELL_ADHESION	-0.7680367542868648	0.009470144899196155	0.07961292216025326
hsa-miR-378d	GOBP_CALCIUM_DEPENDENT_CELL_CELL_ADHESION_VIA_PLASMA_MEMBRANE_CELL_ADHESION_MOLECULES	0.7531234192521683	0.011914859098813412	0.07961292216025326
hsa-miR-378d	GOBP_LEUKOCYTE_CELL_CELL_ADHESION	-0.7531234192521683	0.011914859098813412	0.07961292216025326
hsa-miR-378d	GOBP_NEGATIVE_REGULATION_OF_CELL_ADHESION	-0.7531234192521683	0.011914859098813412	0.07961292216025326
hsa-miR-378d	GOBP_NEGATIVE_REGULATION_OF_CELL_CELL_ADHESION	-0.7531234192521683	0.011914859098813412	0.07961292216025326
hsa-miR-378d	GOBP_NEGATIVE_REGULATION_OF_LEUKOCYTE_CELL_CELL_ADHESION	-0.7531234192521683	0.011914859098813412	0.07961292216025326
hsa-miR-378d	GOBP_REGULATION_OF_CELL_ADHESION	-0.7531234192521683	0.011914859098813412	0.07961292216025326
hsa-miR-378d	GOBP_REGULATION_OF_CELL_CELL_ADHESION	-0.7531234192521683	0.011914859098813412	0.07961292216025326
hsa-miR-378d	GOBP_REGULATION_OF_HOMOTYPIC_CELL_CELL_ADHESION	-0.7531234192521683	0.011914859098813412	0.07961292216025326
hsa-miR-675-5p	GOBP_POSTSYNAPTIC_NEUROTRANSMITTER_RECEPTOR_INTERNALIZATION	0.9118583155200969	2.371436370050641e-4	0.03486011463974442
hsa-miR-320c	GOBP_REGULATION_OF_NEUROTRANSMITTER_RECEPTOR_ACTIVITY	-0.9515151515151513	2.2798549206417094e-5	0.0033513867333433128
hsa-miR-320c	GOBP_SYNAPTIC_VESICLE_DOCKING	-0.915151515151515	2.0447240614883324e-4	0.00996190013132235
hsa-miR-320c	GOBP_SYNAPTIC_VESICLE_PRIMING	-0.915151515151515	2.0447240614883324e-4	0.00996190013132235
hsa-miR-320c	GOBP_MAINTENANCE_OF_POSTSYNAPTIC_SPECIALIZATION_STRUCTURE	-0.903030303030303	3.43612197763281e-4	0.00996190013132235
hsa-miR-320c	GOBP_REGULATION_OF_POSTSYNAPTIC_MEMBRANE_POTENTIAL	-0.903030303030303	3.43612197763281e-4	0.00996190013132235
hsa-miR-320c	GOBP_NEUROTRANSMITTER_SECRETION	-0.8909090909090908	5.421442248338693e-4	0.00996190013132235
hsa-miR-320c	GOBP_REGULATION_OF_NEUROTRANSMITTER_LEVELS	-0.8909090909090908	5.421442248338693e-4	0.00996190013132235
hsa-miR-320c	GOBP_REGULATION_OF_NEUROTRANSMITTER_TRANSPORT	-0.8909090909090908	5.421442248338693e-4	0.00996190013132235
hsa-miR-320c	GOBP_NEUROTRANSMITTER_TRANSPORT	-0.8787878787878787	8.138621117322129e-4	0.013293081158292811
hsa-miR-320c	GOBP_REGULATION_OF_SYNAPTIC_VESICLE_PRIMING	-0.8666666666666666	0.0011735381801554663	0.014375842706904462
hsa-miR-320c	GOBP_SYNAPTIC_TRANSMISSION_GABAERGIC	-0.8666666666666666	0.0011735381801554663	0.014375842706904462
hsa-miR-320c	GOBP_SYNAPTIC_VESICLE_MEMBRANE_ORGANIZATION	-0.8666666666666666	0.0011735381801554663	0.014375842706904462
hsa-miR-320c	GOBP_CHEMICAL_SYNAPTIC_TRANSMISSION_POSTSYNAPTIC	-0.8545454545454544	0.0016368033159867143	0.0171864348178605
hsa-miR-320c	GOBP_REGULATION_OF_SYNAPTIC_VESICLE_EXOCYTOSIS	-0.8545454545454544	0.0016368033159867143	0.0171864348178605
hsa-miR-320c	GOBP_POSTSYNAPTIC_MEMBRANE_ORGANIZATION	-0.8424242424242423	0.0022200312259168407	0.020396536888110973
hsa-miR-320c	GOBP_SYNAPTIC_VESICLE_EXOCYTOSIS	-0.8424242424242423	0.0022200312259168407	0.020396536888110973
hsa-miR-320c	GOBP_REGULATION_OF_SYNAPTIC_TRANSMISSION_GABAERGIC	-0.8181818181818181	0.003814920082550725	0.03115518067416425
hsa-miR-320c	GOBP_REGULATION_OF_SYNAPTIC_VESICLE_TRANSPORT	-0.8181818181818181	0.003814920082550725	0.03115518067416425
hsa-miR-320c	GOBP_SYNAPTIC_VESICLE_MATURATION	-0.806060606060606	0.004862061101964598	0.03761699905204189
hsa-miR-320c	GOBP_REGULATION_OF_SYNAPTIC_VESICLE_CYCLE	-0.7939393939393938	0.0060999233136969115	0.04269946319587838
hsa-miR-320c	GOBP_SYNAPTIC_VESICLE_RECYCLING_VIA_ENDOSOME	-0.7939393939393938	0.0060999233136969115	0.04269946319587838
hsa-miR-320c	GOBP_NEUROTRANSMITTER_GATED_ION_CHANNEL_CLUSTERING	-0.7818181818181817	0.007547007781067878	0.04823522364421644
hsa-miR-320c	GOBP_SYNAPTIC_VESICLE_UNCOATING	-0.7818181818181817	0.007547007781067878	0.04823522364421644
hsa-miR-320c	GOBP_NEURON_CELL_CELL_ADHESION	-0.7696969696969695	0.009221952722216011	0.05213950192945207
hsa-miR-320c	GOBP_POSITIVE_REGULATION_OF_NEUROTRANSMITTER_SECRETION	-0.7696969696969695	0.009221952722216011	0.05213950192945207
hsa-miR-320c	GOBP_SYNAPTIC_VESICLE_RECYCLING	-0.7696969696969695	0.009221952722216011	0.05213950192945207
hsa-miR-320c	GOBP_POSITIVE_REGULATION_OF_EXCITATORY_POSTSYNAPTIC_POTENTIAL	-0.7454545454545454	0.013330146315440047	0.06998326815606025
hsa-miR-320c	GOBP_REGULATION_OF_SYNAPTIC_VESICLE_ENDOCYTOSIS	-0.7454545454545454	0.013330146315440047	0.06998326815606025
hsa-miR-320c	GOBP_REGULATION_OF_POSTSYNAPTIC_CYTOSOLIC_CALCIUM_ION_CONCENTRATION	-0.7333333333333333	0.01580059625057155	0.0800926775460006
hsa-miR-320c	GOBP_NEUROTRANSMITTER_RECEPTOR_LOCALIZATION_TO_POSTSYNAPTIC_SPECIALIZATION_MEMBRANE	-0.7212121212121211	0.018573155089460208	0.08807270316615003
hsa-miR-320c	GOBP_REGULATION_OF_POSTSYNAPTIC_NEUROTRANSMITTER_RECEPTOR_ACTIVITY	-0.7212121212121211	0.018573155089460208	0.08807270316615003
hsa-miR-320c	GOBP_ANTEROGRADE_DENDRITIC_TRANSPORT_OF_NEUROTRANSMITTER_RECEPTOR_COMPLEX	-0.709090909090909	0.021665923367532435	0.08846918708409077
hsa-miR-320c	GOBP_CALCIUM_ION_REGULATED_EXOCYTOSIS_OF_NEUROTRANSMITTER	-0.709090909090909	0.021665923367532435	0.08846918708409077
hsa-miR-320c	GOBP_MODULATION_OF_EXCITATORY_POSTSYNAPTIC_POTENTIAL	-0.709090909090909	0.021665923367532435	0.08846918708409077
hsa-miR-320c	GOBP_REGULATION_OF_POSTSYNAPTIC_MEMBRANE_NEUROTRANSMITTER_RECEPTOR_LEVELS	-0.709090909090909	0.021665923367532435	0.08846918708409077
hsa-miR-320c	GOBP_SYNAPTIC_VESICLE_ENDOSOMAL_PROCESSING	-0.709090909090909	0.021665923367532435	0.08846918708409077
hsa-miR-320c	GOBP_REGULATION_OF_SYNAPTIC_VESICLE_RECYCLING	-0.6969696969696969	0.02509667588225183	0.09970841499164916
hsa-miR-450a-5p	GOBP_REGULATION_OF_POSTSYNAPTIC_DENSITY_ORGANIZATION	0.9393939393939392	5.484052998513695e-5	0.008061557907815133
hsa-miR-206	GOBP_POSTSYNAPTIC_DENSITY_PROTEIN_95_CLUSTERING	0.8545454545454544	0.0016368033159867143	0.080203362483349
hsa-miR-206	GOBP_POSTSYNAPTIC_MEMBRANE_ASSEMBLY	0.8545454545454544	0.0016368033159867143	0.080203362483349
hsa-miR-206	GOBP_SYNAPTIC_VESICLE_CLUSTERING	0.8545454545454544	0.0016368033159867143	0.080203362483349
hsa-miR-206	GOBP_MODULATION_OF_EXCITATORY_POSTSYNAPTIC_POTENTIAL	0.8303030303030301	0.002940227023279515	0.08644267448441774
hsa-miR-206	GOBP_POSITIVE_REGULATION_OF_EXCITATORY_POSTSYNAPTIC_POTENTIAL	0.8303030303030301	0.002940227023279515	0.08644267448441774
hsa-miR-19b-2-3p	GOBP_REGULATION_OF_CELL_ADHESION_MEDIATED_BY_INTEGRIN	0.915151515151515	2.0447240614883324e-4	0.030057443703878486
hsa-miR-19b-2-3p	GOBP_CELL_ADHESION_INVOLVED_IN_HEART_MORPHOGENESIS	0.8787878787878787	8.138621117322129e-4	0.03987924347487844
hsa-miR-19b-2-3p	GOBP_REGULATION_OF_SYNAPTIC_VESICLE_MEMBRANE_ORGANIZATION	-0.8787878787878787	8.138621117322129e-4	0.03987924347487844
hsa-miR-19b-2-3p	GOBP_NEGATIVE_REGULATION_OF_LEUKOCYTE_CELL_CELL_ADHESION	0.8545454545454544	0.0016368033159867143	0.06015252186251175
hsa-miR-19b-2-3p	GOBP_REGULATION_OF_NEUROTRANSMITTER_UPTAKE	0.8424242424242423	0.0022200312259168407	0.06526891804195512
hsa-miR-19b-2-3p	GOBP_NEGATIVE_REGULATION_OF_CELL_ADHESION	0.8303030303030301	0.002940227023279515	0.07203556207034813
hsa-miR-19b-2-3p	GOBP_NEGATIVE_REGULATION_OF_CELL_CELL_ADHESION	0.8181818181818181	0.003814920082550725	0.08011332173356522
hsa-miR-148a-3p	GOBP_NEGATIVE_REGULATION_OF_SYNAPTIC_VESICLE_EXOCYTOSIS	-0.9272727272727271	1.1203450639397674e-4	0.01646907243991458
hsa-miR-222-3p	GOBP_POSITIVE_REGULATION_OF_SYNAPTIC_VESICLE_ENDOCYTOSIS	-0.9272727272727271	1.1203450639397674e-4	0.01646907243991458
hsa-miR-222-3p	GOBP_GEPHYRIN_CLUSTERING_INVOLVED_IN_POSTSYNAPTIC_DENSITY_ASSEMBLY	-0.8666666666666666	0.0011735381801554663	0.05750337082761785
hsa-miR-222-3p	GOBP_POSITIVE_REGULATION_OF_SYNAPTIC_VESICLE_RECYCLING	-0.8666666666666666	0.0011735381801554663	0.05750337082761785
hsa-miR-221-3p	GOBP_POSITIVE_REGULATION_OF_CELL_CELL_ADHESION	0.903030303030303	3.43612197763281e-4	0.04802370804689875
hsa-miR-221-3p	GOBP_POSITIVE_REGULATION_OF_LEUKOCYTE_CELL_CELL_ADHESION	0.8545454545454544	0.0016368033159867143	0.04802370804689875
hsa-miR-221-3p	GOBP_POSITIVE_REGULATION_OF_SYNAPTIC_VESICLE_RECYCLING	-0.8545454545454544	0.0016368033159867143	0.04802370804689875
hsa-miR-221-3p	GOBP_GABAERGIC_NEURON_DIFFERENTIATION	0.8424242424242423	0.0022200312259168407	0.04802370804689875
hsa-miR-221-3p	GOBP_CELL_CELL_ADHESION_MEDIATED_BY_INTEGRIN	0.8303030303030301	0.002940227023279515	0.04802370804689875
hsa-miR-221-3p	GOBP_CEREBRAL_CORTEX_GABAERGIC_INTERNEURON_DEVELOPMENT	0.8303030303030301	0.002940227023279515	0.04802370804689875
hsa-miR-221-3p	GOBP_HOMOPHILIC_CELL_ADHESION_VIA_PLASMA_MEMBRANE_ADHESION_MOLECULES	-0.8303030303030301	0.002940227023279515	0.04802370804689875
hsa-miR-221-3p	GOBP_POSTSYNAPTIC_MEMBRANE_ASSEMBLY	-0.8303030303030301	0.002940227023279515	0.04802370804689875
hsa-miR-221-3p	GOBP_REGULATION_OF_HOMOTYPIC_CELL_CELL_ADHESION	0.8303030303030301	0.002940227023279515	0.04802370804689875
hsa-miR-221-3p	GOBP_REGULATION_OF_CELL_CELL_ADHESION_MEDIATED_BY_INTEGRIN	0.8181818181818181	0.003814920082550725	0.05607932521349565
hsa-miR-221-3p	GOBP_CALCIUM_DEPENDENT_CELL_CELL_ADHESION_VIA_PLASMA_MEMBRANE_CELL_ADHESION_MOLECULES	-0.7939393939393938	0.0060999233136969115	0.06897605593180355
hsa-miR-221-3p	GOBP_GEPHYRIN_CLUSTERING_INVOLVED_IN_POSTSYNAPTIC_DENSITY_ASSEMBLY	-0.7939393939393938	0.0060999233136969115	0.06897605593180355
hsa-miR-221-3p	GOBP_POSTSYNAPTIC_SPECIALIZATION_ORGANIZATION	-0.7939393939393938	0.0060999233136969115	0.06897605593180355
hsa-miR-221-3p	GOBP_POSITIVE_REGULATION_OF_SYNAPTIC_VESICLE_ENDOCYTOSIS	-0.7818181818181817	0.007547007781067878	0.0739606762544652
hsa-miR-221-3p	GOBP_POSTSYNAPTIC_DENSITY_PROTEIN_95_CLUSTERING	-0.7818181818181817	0.007547007781067878	0.0739606762544652
hsa-miR-221-3p	GOBP_NEUROTRANSMITTER_RECEPTOR_TRANSPORT	-0.7696969696969695	0.009221952722216011	0.0847266906353596
hsa-miR-221-3p	GOBP_REGULATION_OF_SYNAPTIC_VESICLE_ENDOCYTOSIS	-0.7575757575757575	0.011143446799694208	0.09635803997382639
hsa-miR-25-3p	GOBP_SYNAPTIC_TRANSMISSION_GLUTAMATERGIC	-0.9515151515151513	2.2798549206417094e-5	0.0033513867333433128
hsa-miR-25-3p	GOBP_HETEROPHILIC_CELL_CELL_ADHESION_VIA_PLASMA_MEMBRANE_CELL_ADHESION_MOLECULES	-0.8787878787878787	8.138621117322129e-4	0.05981886521231765
hsa-miR-892b	GOBP_NEGATIVE_REGULATION_OF_EXCITATORY_POSTSYNAPTIC_POTENTIAL	-0.9387209722839687	5.72698665143589e-5	0.008418670377610758
hsa-miR-892b	GOBP_MODULATION_OF_EXCITATORY_POSTSYNAPTIC_POTENTIAL	-0.8773666603699838	8.511884372885058e-4	0.06256235014070517
hsa-miR-892b	GOBP_POSTSYNAPTIC_DENSITY_PROTEIN_95_CLUSTERING	-0.8282832108387959	0.003074774223571238	0.09773403768453545
hsa-miR-892b	GOBP_REGULATION_OF_SYNAPTIC_VESICLE_CLUSTERING	-0.8160123484559989	0.0039891443952871615	0.09773403768453545
hsa-miR-892b	GOBP_REGULATION_OF_SYNAPTIC_VESICLE_RECYCLING	-0.8160123484559989	0.0039891443952871615	0.09773403768453545
hsa-miR-892b	GOBP_SYNAPTIC_VESICLE_CLUSTERING	-0.8160123484559989	0.0039891443952871615	0.09773403768453545
hsa-miR-1197	GOBP_NEUROTRANSMITTER_CATABOLIC_PROCESS	0.8909090909090908	5.421442248338693e-4	0.0796952010505788
hsa-miR-433-3p	GOBP_NEUROTRANSMITTER_CATABOLIC_PROCESS	0.903030303030303	3.43612197763281e-4	0.050510993071202305
hsa-miR-362-5p	GOBP_POSTSYNAPTIC_MEMBRANE_ASSEMBLY	0.8787878787878787	8.138621117322129e-4	0.08625505624142678
hsa-miR-362-5p	GOBP_NEGATIVE_REGULATION_OF_EXCITATORY_POSTSYNAPTIC_POTENTIAL	0.8666666666666666	0.0011735381801554663	0.08625505624142678
hsa-miR-362-5p	GOBP_MODULATION_OF_EXCITATORY_POSTSYNAPTIC_POTENTIAL	0.8424242424242423	0.0022200312259168407	0.09346554202249276
hsa-miR-362-5p	GOBP_GEPHYRIN_CLUSTERING_INVOLVED_IN_POSTSYNAPTIC_DENSITY_ASSEMBLY	0.8181818181818181	0.003814920082550725	0.09346554202249276
hsa-miR-362-5p	GOBP_POSTSYNAPTIC_DENSITY_PROTEIN_95_CLUSTERING	0.8181818181818181	0.003814920082550725	0.09346554202249276
hsa-miR-362-5p	GOBP_REGULATION_OF_SYNAPTIC_VESICLE_RECYCLING	0.8181818181818181	0.003814920082550725	0.09346554202249276
hsa-miR-320d	GOBP_REGULATION_OF_NEUROTRANSMITTER_RECEPTOR_ACTIVITY	-0.9393939393939392	5.484052998513695e-5	0.008061557907815133
hsa-miR-320d	GOBP_SYNAPTIC_VESICLE_DOCKING	-0.9272727272727271	1.1203450639397674e-4	0.00823453621995729
hsa-miR-320d	GOBP_REGULATION_OF_POSTSYNAPTIC_MEMBRANE_POTENTIAL	-0.915151515151515	2.0447240614883324e-4	0.008418498845200384
hsa-miR-320d	GOBP_REGULATION_OF_NEUROTRANSMITTER_LEVELS	-0.903030303030303	3.43612197763281e-4	0.008418498845200384
hsa-miR-320d	GOBP_REGULATION_OF_SYNAPTIC_VESICLE_PRIMING	-0.903030303030303	3.43612197763281e-4	0.008418498845200384
hsa-miR-320d	GOBP_SYNAPTIC_VESICLE_PRIMING	-0.903030303030303	3.43612197763281e-4	0.008418498845200384
hsa-miR-320d	GOBP_NEUROTRANSMITTER_TRANSPORT	-0.8909090909090908	5.421442248338693e-4	0.011385028721511255
hsa-miR-320d	GOBP_NEUROTRANSMITTER_SECRETION	-0.8787878787878787	8.138621117322129e-4	0.013293081158292811
hsa-miR-320d	GOBP_REGULATION_OF_NEUROTRANSMITTER_TRANSPORT	-0.8787878787878787	8.138621117322129e-4	0.013293081158292811
hsa-miR-320d	GOBP_CHEMICAL_SYNAPTIC_TRANSMISSION_POSTSYNAPTIC	-0.8666666666666666	0.0011735381801554663	0.01568273749844123
hsa-miR-320d	GOBP_MAINTENANCE_OF_POSTSYNAPTIC_SPECIALIZATION_STRUCTURE	-0.8666666666666666	0.0011735381801554663	0.01568273749844123
hsa-miR-320d	GOBP_SYNAPTIC_VESICLE_MEMBRANE_ORGANIZATION	-0.8545454545454544	0.0016368033159867143	0.02005084062083725
hsa-miR-320d	GOBP_SYNAPTIC_TRANSMISSION_GABAERGIC	-0.8424242424242423	0.0022200312259168407	0.025103430016136585
hsa-miR-320d	GOBP_POSTSYNAPTIC_MEMBRANE_ORGANIZATION	-0.8303030303030301	0.002940227023279515	0.02881422482813925
hsa-miR-320d	GOBP_REGULATION_OF_SYNAPTIC_VESICLE_TRANSPORT	-0.8303030303030301	0.002940227023279515	0.02881422482813925
hsa-miR-320d	GOBP_REGULATION_OF_SYNAPTIC_VESICLE_EXOCYTOSIS	-0.8181818181818181	0.003814920082550725	0.03115518067416425
hsa-miR-320d	GOBP_SYNAPTIC_VESICLE_EXOCYTOSIS	-0.8181818181818181	0.003814920082550725	0.03115518067416425
hsa-miR-320d	GOBP_SYNAPTIC_VESICLE_UNCOATING	-0.8181818181818181	0.003814920082550725	0.03115518067416425
hsa-miR-320d	GOBP_NEUROTRANSMITTER_GATED_ION_CHANNEL_CLUSTERING	-0.806060606060606	0.004862061101964598	0.032487408272217994
hsa-miR-320d	GOBP_REGULATION_OF_SYNAPTIC_TRANSMISSION_GABAERGIC	-0.806060606060606	0.004862061101964598	0.032487408272217994
hsa-miR-320d	GOBP_REGULATION_OF_SYNAPTIC_VESICLE_CYCLE	-0.806060606060606	0.004862061101964598	0.032487408272217994
hsa-miR-320d	GOBP_SYNAPTIC_VESICLE_RECYCLING_VIA_ENDOSOME	-0.806060606060606	0.004862061101964598	0.032487408272217994
hsa-miR-320d	GOBP_SYNAPTIC_VESICLE_MATURATION	-0.7939393939393938	0.0060999233136969115	0.038986466396236784
hsa-miR-320d	GOBP_POSITIVE_REGULATION_OF_EXCITATORY_POSTSYNAPTIC_POTENTIAL	-0.7575757575757575	0.011143446799694208	0.06552346718220194
hsa-miR-320d	GOBP_POSITIVE_REGULATION_OF_NEUROTRANSMITTER_SECRETION	-0.7575757575757575	0.011143446799694208	0.06552346718220194
hsa-miR-320d	GOBP_CALCIUM_ION_REGULATED_EXOCYTOSIS_OF_NEUROTRANSMITTER	-0.7454545454545454	0.013330146315440047	0.06757005201274782
hsa-miR-320d	GOBP_NEUROTRANSMITTER_RECEPTOR_LOCALIZATION_TO_POSTSYNAPTIC_SPECIALIZATION_MEMBRANE	-0.7454545454545454	0.013330146315440047	0.06757005201274782
hsa-miR-320d	GOBP_REGULATION_OF_POSTSYNAPTIC_CYTOSOLIC_CALCIUM_ION_CONCENTRATION	-0.7454545454545454	0.013330146315440047	0.06757005201274782
hsa-miR-320d	GOBP_SYNAPTIC_VESICLE_RECYCLING	-0.7454545454545454	0.013330146315440047	0.06757005201274782
hsa-miR-320d	GOBP_SYNAPTIC_VESICLE_ENDOSOMAL_PROCESSING	-0.7333333333333333	0.01580059625057155	0.0774229216278006
hsa-miR-320d	GOBP_REGULATION_OF_SYNAPTIC_VESICLE_ENDOCYTOSIS	-0.7212121212121211	0.018573155089460208	0.08807270316615003
hsa-miR-320d	GOBP_NEURON_CELL_CELL_ADHESION	-0.709090909090909	0.021665923367532435	0.09952783546960213
NovelmiRNA-3493	GOBP_CHEMICAL_SYNAPTIC_TRANSMISSION_POSTSYNAPTIC	0.7978634243562576	0.0056771818107933004	0.06039600991467488
NovelmiRNA-3493	GOBP_MAINTENANCE_OF_POSTSYNAPTIC_SPECIALIZATION_STRUCTURE	0.7978634243562576	0.0056771818107933004	0.06039600991467488
NovelmiRNA-3493	GOBP_POSITIVE_REGULATION_OF_NEUROTRANSMITTER_SECRETION	0.7978634243562576	0.0056771818107933004	0.06039600991467488
NovelmiRNA-3493	GOBP_REGULATION_OF_NEUROTRANSMITTER_LEVELS	0.7978634243562576	0.0056771818107933004	0.06039600991467488
NovelmiRNA-3493	GOBP_REGULATION_OF_POSTSYNAPTIC_MEMBRANE_POTENTIAL	0.7978634243562576	0.0056771818107933004	0.06039600991467488
NovelmiRNA-3493	GOBP_REGULATION_OF_SYNAPTIC_VESICLE_CYCLE	0.7978634243562576	0.0056771818107933004	0.06039600991467488
NovelmiRNA-3493	GOBP_NEURON_CELL_CELL_ADHESION	0.7680367542868648	0.009470144899196155	0.06039600991467488
NovelmiRNA-3493	GOBP_NEUROTRANSMITTER_GATED_ION_CHANNEL_CLUSTERING	0.7680367542868648	0.009470144899196155	0.06039600991467488
NovelmiRNA-3493	GOBP_NEUROTRANSMITTER_RECEPTOR_LOCALIZATION_TO_POSTSYNAPTIC_SPECIALIZATION_MEMBRANE	0.7680367542868648	0.009470144899196155	0.06039600991467488
NovelmiRNA-3493	GOBP_NEUROTRANSMITTER_SECRETION	0.7680367542868648	0.009470144899196155	0.06039600991467488
NovelmiRNA-3493	GOBP_NEUROTRANSMITTER_TRANSPORT	0.7680367542868648	0.009470144899196155	0.06039600991467488
NovelmiRNA-3493	GOBP_POSITIVE_REGULATION_OF_CELL_ADHESION_MEDIATED_BY_INTEGRIN	-0.7680367542868648	0.009470144899196155	0.06039600991467488
NovelmiRNA-3493	GOBP_REGULATION_OF_NEUROTRANSMITTER_TRANSPORT	0.7680367542868648	0.009470144899196155	0.06039600991467488
NovelmiRNA-3493	GOBP_REGULATION_OF_SYNAPTIC_VESICLE_EXOCYTOSIS	0.7680367542868648	0.009470144899196155	0.06039600991467488
NovelmiRNA-3493	GOBP_SYNAPTIC_VESICLE_MATURATION	0.7680367542868648	0.009470144899196155	0.06039600991467488
NovelmiRNA-3493	GOBP_SYNAPTIC_VESICLE_MEMBRANE_ORGANIZATION	0.7680367542868648	0.009470144899196155	0.06039600991467488
NovelmiRNA-3493	GOBP_SYNAPTIC_VESICLE_UNCOATING	0.7680367542868648	0.009470144899196155	0.06039600991467488
NovelmiRNA-3493	GOBP_CALCIUM_ION_REGULATED_EXOCYTOSIS_OF_NEUROTRANSMITTER	0.7531234192521683	0.011914859098813412	0.06039600991467488
NovelmiRNA-3493	GOBP_POSITIVE_REGULATION_OF_INHIBITORY_POSTSYNAPTIC_POTENTIAL	0.7531234192521683	0.011914859098813412	0.06039600991467488
NovelmiRNA-3493	GOBP_REGULATION_OF_CELL_ADHESION_MEDIATED_BY_INTEGRIN	-0.7531234192521683	0.011914859098813412	0.06039600991467488
NovelmiRNA-3493	GOBP_REGULATION_OF_NEUROTRANSMITTER_RECEPTOR_ACTIVITY	0.7531234192521683	0.011914859098813412	0.06039600991467488
NovelmiRNA-3493	GOBP_REGULATION_OF_POSTSYNAPTIC_CYTOSOLIC_CALCIUM_ION_CONCENTRATION	0.7531234192521683	0.011914859098813412	0.06039600991467488
NovelmiRNA-3493	GOBP_REGULATION_OF_POSTSYNAPTIC_NEUROTRANSMITTER_RECEPTOR_INTERNALIZATION	-0.7531234192521683	0.011914859098813412	0.06039600991467488
NovelmiRNA-3493	GOBP_REGULATION_OF_SYNAPTIC_VESICLE_MEMBRANE_ORGANIZATION	0.7531234192521683	0.011914859098813412	0.06039600991467488
NovelmiRNA-3493	GOBP_REGULATION_OF_SYNAPTIC_VESICLE_PRIMING	0.7531234192521683	0.011914859098813412	0.06039600991467488
NovelmiRNA-3493	GOBP_SPONTANEOUS_NEUROTRANSMITTER_SECRETION	0.7531234192521683	0.011914859098813412	0.06039600991467488
NovelmiRNA-3493	GOBP_SYNAPTIC_VESICLE_DOCKING	0.7531234192521683	0.011914859098813412	0.06039600991467488
NovelmiRNA-3493	GOBP_SYNAPTIC_VESICLE_EXOCYTOSIS	0.7531234192521683	0.011914859098813412	0.06039600991467488
NovelmiRNA-3493	GOBP_SYNAPTIC_VESICLE_PRIMING	0.7531234192521683	0.011914859098813412	0.06039600991467488
NovelmiRNA-1805	GOBP_NEUROTRANSMITTER_GATED_ION_CHANNEL_CLUSTERING	-0.8739695897586162	9.454497241255438e-4	0.051538211448468214
NovelmiRNA-1805	GOBP_CHEMICAL_SYNAPTIC_TRANSMISSION_POSTSYNAPTIC	-0.8603138149186379	0.0014024003115229446	0.051538211448468214
NovelmiRNA-1805	GOBP_POSITIVE_REGULATION_OF_EXCITATORY_POSTSYNAPTIC_POTENTIAL	-0.8603138149186379	0.0014024003115229446	0.051538211448468214
NovelmiRNA-1805	GOBP_REGULATION_OF_POSTSYNAPTIC_MEMBRANE_POTENTIAL	-0.8603138149186379	0.0014024003115229446	0.051538211448468214
NovelmiRNA-1805	GOBP_MODULATION_OF_EXCITATORY_POSTSYNAPTIC_POTENTIAL	-0.8193464903987028	0.003723673539501636	0.08192224996391811
NovelmiRNA-1805	GOBP_POSTSYNAPTIC_MEMBRANE_ORGANIZATION	-0.8193464903987028	0.003723673539501636	0.08192224996391811
NovelmiRNA-1805	GOBP_REGULATION_OF_SYNAPTIC_TRANSMISSION_GLUTAMATERGIC	-0.8056907155587243	0.004896920912161658	0.08192224996391811
NovelmiRNA-1805	GOBP_POSITIVE_REGULATION_OF_INHIBITORY_POSTSYNAPTIC_POTENTIAL	-0.7988628281387352	0.0055729421744161985	0.08192224996391811
NovelmiRNA-1805	GOBP_REGULATION_OF_SYNAPTIC_VESICLE_CLUSTERING	-0.7988628281387352	0.0055729421744161985	0.08192224996391811
NovelmiRNA-1805	GOBP_SYNAPTIC_VESICLE_DOCKING	-0.7988628281387352	0.0055729421744161985	0.08192224996391811
NovelmiRNA-1638	GOBP_EPITHELIAL_CELL_CELL_ADHESION	0.8909090909090908	5.421442248338693e-4	0.0796952010505788
hsa-miR-671-5p	GOBP_REGULATION_OF_POSTSYNAPTIC_DENSITY_ORGANIZATION	-0.8997002046464955	3.916735956294847e-4	0.05757601855753425
