miRNA	row_cluster	Category	direction	Macrophage M1 (x)	Macrophage M2 (x)	immune score (x)	microenvironment score (x)	B cell (q)	NK cell (q)	T cell CD4+ (non-regulatory) (q)	T cell regulatory (Tregs) (q)	Annotated
hsa-miR-32-5p	1	Paired T vs AN	up	-0.05923158781761471	-0.314706149444359	-0.3017657933657682	-0.3161198243931004	-0.03064749334368866	0.32747188275303923	0.4931485189761367	0.31762571989998867	Yes
hsa-miR-3613-5p	1	Paired T vs AN	up	0.02122804432342743	-0.30714372460235	-0.1302383355772307	-0.3542349696844348	0.3298857411995609	0.3475372300849563	0.26971535780580513	0.3073568045122438	Yes
NovelmiRNA-1638	1	Paired T vs AN	up	-0.1492113257874485	0.10645201340222347	-0.3532064771858243	0.09397127056445116	-0.03284539685093981	0.13869858078815814	0.13458630463066476	0.06655742360068222	No
hsa-miR-19a-3p	1	Paired T vs AN	up	0.09608396653118674	0.06076276361629209	-0.22443847414137436	0.04580667752348297	-0.2836113263618235	-0.215091039344406	0.5989458822008332	0.5170177854339073	Yes
hsa-miR-19b-1-3p	1	Paired T vs AN	up	0.1847146950706532	0.4297345930393139	0.07173766917106503	0.4024086225447079	-0.3811778206487993	-0.4402003002241905	0.3169070376918202	0.3492414714209056	Yes
hsa-miR-19b-2-3p	1	Paired T vs AN	up	0.1856584969202196	0.42960939204165594	0.07102248458486542	0.4022855270713768	-0.3801572357746215	-0.4397991080623449	0.3152189139549991	0.348130431594809	Yes
hsa-miR-301b-3p	1	Shared	up	-0.02711749860495825	-0.767872525943016	-0.5842730102303396	-0.7994197161579184	0.3867516362174159	0.5742668254298009	0.5366039736190553	0.5198041715842464	Yes
hsa-miR-450a-5p	1	Paired T vs AN	up	-0.1810492940568466	-0.5628886247944347	-0.4936090497554544	-0.5701737231067746	0.06787976315861488	0.28174140054418273	0.670374799725937	0.3146803263799065	Yes
hsa-miR-542-3p	1	Shared	up	-0.19206672466424896	-0.7579691587977163	-0.6703710141345569	-0.7552656897844312	0.34145717782794643	0.6107974205574733	0.39837564095623645	0.31193732250159784	Yes
hsa-miR-450b-5p	1	Shared	up	-0.1100392750961188	-0.5781757168833656	-0.5236217439378924	-0.5874551037298033	0.09148833370451916	0.3981472172146599	0.43366916280502105	0.3497408789423408	Yes
hsa-miR-424-3p	1	Paired T vs AN	up	-0.20732585957185637	0.07388174596249215	-0.21548212054456273	0.00577846438514309	-0.28877235176662724	0.01275403154484418	0.07332332203898129	9.764793690401884e-4	Yes
hsa-miR-503-5p	1	Paired T vs AN	up	-0.1314477311552264	-0.2572558251600676	-0.37606012189770976	-0.3551732242913591	0.01621979052947294	0.2342047288568543	0.20967446814232776	0.2474535216989009	Yes
hsa-miR-18a-5p	1	Paired T vs AN	up	0.2885068726769505	-0.15400046363050054	-0.1143567488904004	-0.2855267032157857	0.1022733815364846	0.02343531816674402	0.47324096812772054	0.7129467212218912	Yes
hsa-miR-17-5p	1	Paired T vs AN	up	0.36546174700069234	-0.05717666929750457	-0.1052254065075242	-0.17375588538746922	0.06565395766620731	-0.05131333514469797	0.4358716665887257	0.7669624088384093	Yes
hsa-miR-20a-5p	1	Paired T vs AN	up	0.3907372276059921	-0.1218848539363663	-0.11714348190129054	-0.2512592462098249	0.1994198784397132	0.0545375231928147	0.3736881572447994	0.7935145244611422	Yes
hsa-miR-93-5p	1	Paired T vs AN	up	0.4778061141224473	0.06603744992357202	0.08476190891791387	0.00204567590000606	-0.14301672945489136	-0.18684128893717683	0.2252599919692456	0.6934193755209427	Yes
hsa-miR-505-3p	1	Shared	up	0.297234442916603	0.13225975789287145	-0.11132711122120482	0.09429242988765388	-0.23128766095548697	-0.226079764794871	0.3269277995827659	0.5718918604307556	Yes
hsa-miR-9983-3p	1	T vs HN	up	0.03027778291810159	-0.4045672739554635	-0.4046375664938268	-0.4507421950480609	0.04455596673999402	0.1759979664190186	0.798193833775889	0.6851969088842783	Yes
hsa-miR-92b-3p	1	Shared	up	-0.15526009846838595	-0.17488048689985658	-0.5058154497007096	-0.18948137301431628	-0.09733018250532012	0.06587859696210044	0.621120954264078	0.47201199053369935	Yes
hsa-miR-208b-3p	1	T vs HN	up	-0.2137332415967925	-0.2037531081106919	-0.5010950905600953	-0.13244346764870238	-0.15935615146383386	0.14767470888611853	0.5426174827769951	0.3279981820036518	Yes
hsa-miR-675-3p	1	T vs HN	up	-0.2373608340307518	-0.23538607205240353	-0.634801236773022	-0.2837479849574162	0.09241559087893111	0.13850821295372412	0.6276610954865673	0.35675929297673337	Yes
hsa-miR-675-5p	1	T vs HN	up	-0.24344776686582428	-0.2375115557170742	-0.6392614321025083	-0.2879828793887322	0.09339001202208606	0.15419208280393906	0.6179732361758331	0.3464261097804051	Yes
hsa-miR-6503-5p	1	Paired T vs AN	up	-0.36231443486680037	0.12858811661683403	-0.06403019892199258	0.04673165891744622	-0.4936614155408703	-0.32327791885023655	0.48075811361712933	-0.12118653104821182	Yes
hsa-miR-21-5p	1	Paired T vs AN	up	0.0542893283863868	0.6362607514294039	0.34981393351517875	0.6235150043598248	-0.7701757851407451	-0.7024947071525671	0.3183922987106408	0.05809655300145636	Yes
hsa-miR-576-5p	1	Paired T vs AN	up	0.311228644301912	0.36739827625476235	0.2886656982563968	0.3489463295150865	-0.5461427428797647	-0.3693491832838847	0.3779047520132068	0.3962170987614867	Yes
hsa-miR-155-5p	1	Paired T vs AN	up	0.16742404176684111	0.17582891265253295	0.07108441450104147	0.12001860264237364	-0.44709307882963006	-0.1609870267554645	0.42532934735127503	0.29351483342672213	Yes
NovelmiRNA-853	2	Paired T vs AN	up	0.0777922749064919	-0.42165758702102807	-0.37266850142147506	-0.45212686470366503	0.293905253311576	0.1565823480832667	0.4140634583861367	0.275917918333757	No
hsa-miR-454-3p	2	Paired T vs AN	up	0.15349090189652423	-0.5916123469874403	-0.2271639260089285	-0.6858690652197152	0.5730548743817447	0.667705365655387	-0.04091352406487458	0.2987546430215235	Yes
hsa-miR-301a-5p	2	Paired T vs AN	up	0.05548823526795034	-0.8421995678586877	-0.33823660639901904	-0.8998349090720105	0.6013194738882458	0.6886230202799908	0.32913527030118833	0.3537774971938763	Yes
hsa-miR-1295a	3	Paired T vs AN	up	-0.7337449074282614	-0.07809731352782961	-0.19813267207811683	-0.03666339151965138	-0.5005274102397764	-0.15900248158570973	0.34394379102780565	-0.7086320155135521	Yes
NovelmiRNA-1736	3	Paired T vs AN	up	-0.2142970062191552	-0.28010857974243364	-0.2853405666072263	-0.2229007986037556	-0.3431754205510025	-0.06858654270428058	0.3711726300907343	-0.1316426068845912	No
NovelmiRNA-1303	3	Paired T vs AN	up	-0.21429700621915523	-0.2801085797424337	-0.2853405666072263	-0.2229007986037556	-0.34317542055100253	-0.06858654270428058	0.3711726300907345	-0.13164260688459123	No
NovelmiRNA-1805	3	T vs HN	up	0.19854902788192125	0.47415794725578425	0.5337557824052934	0.509523735225698	-0.7508326304026919	-0.7381953179108716	0.17556412224511964	-0.1734276775299951	No
NovelmiRNA-1819	3	T vs HN	up	0.20882418622407428	0.08338025508170105	0.378053631384954	0.08472189457842277	-0.5082534265312302	-0.39481936925970873	0.10393821413370836	-0.07702554114146487	No
NovelmiRNA-280	3	T vs HN	up	-0.00544133679734682	-0.09746704243358936	0.08761785075356057	-0.12364995736374287	-0.41051940843711776	-0.3459386165906529	0.510323942530721	0.2318196865697066	No
NovelmiRNA-529	3	Shared	up	0.0918014831384066	-0.02913416019120034	0.1983621158976885	-0.03732776613642063	-0.3658253359907304	-0.33031307022718526	0.37118443827663766	0.19870136206505	No
hsa-miR-3144-3p	3	Paired T vs AN	up	-0.4439404886352077	0.12337373959703608	-0.07338894507427031	0.18513690044129377	-0.4168937875684349	-0.5038002822094811	0.1883370594744463	-0.27993845239771836	Yes
hsa-miR-320d	3	Paired T vs AN	up	0.2327610682062694	0.16242873992489903	0.2719028319906926	0.2184269656664724	-0.20670159263755847	-0.640530592531857	0.3080814713134877	0.2784310304345282	Yes
hsa-miR-130a-3p	3	T vs HN	up	0.03884387716672964	0.8223481722203398	0.3914800613273205	0.8268551048604309	-0.6747756772969743	-0.7551845209106285	-0.2472860365414964	-0.2170327757928376	Yes
hsa-miR-28-3p	3	Paired T vs AN	up	0.09336026192395712	0.7052144638389685	0.2185294161992835	0.7140214288267593	-0.525440894018899	-0.5023114694816723	-0.2584476070891893	-0.11142012139623292	Yes
hsa-miR-210-3p	3	T vs HN	up	0.03120744258808996	0.7505299511983219	0.2865808756222239	0.7579958133953125	-0.7774696571421185	-0.7316045724341438	0.02005511908510848	-0.15512402732048375	Yes
hsa-miR-532-5p	3	Paired T vs AN	up	-0.1507268002192016	0.5503454280953429	-0.0271520519080169	0.5969896585345491	-0.214476123586209	-0.3523959611945558	-0.3287058380683334	-0.11503669328077289	Yes
hsa-miR-320a-3p	3	Paired T vs AN	up	0.05961071150751682	0.5840487210128841	0.17281667610412846	0.6553131555906304	-0.4078330793204461	-0.6792023059753247	-0.0632966847300701	0.00410833587703237	Yes
hsa-miR-25-3p	3	Paired T vs AN	up	0.3527775551799071	0.6454053146372296	0.6797212926266718	0.6941157250214317	-0.7089331496825344	-0.6437281866028433	-0.34986782336076666	-0.13423750205063106	Yes
hsa-miR-320b	3	Paired T vs AN	up	0.134957623218921	0.6569727514604908	0.4634430860664198	0.6864259775035599	-0.7863611968583549	-0.9381051610796408	0.12421569496032062	-0.02641852270413894	Yes
hsa-miR-320c	3	Shared	up	0.1827766282782375	0.5979829382854297	0.4870278565174691	0.609392203743196	-0.7622437718991004	-0.9066701991936428	0.1429320089993241	-0.0076615997558573	Yes
hsa-miR-548y	3	T vs HN	up	-0.06253526148515344	-0.00632819316618	-0.38380402686816206	-0.01423659685505105	0.07607342327003037	-0.2218297263864648	0.5362697305938744	0.43705318728752	Yes
hsa-miR-148a-3p	3	Paired T vs AN	up	-0.11712926434116606	0.6546839534582454	0.06060673883876315	0.6781774571595103	-0.4830531026210332	-0.49835310747930395	-0.01763343402001629	-0.04013110574156632	Yes
hsa-miR-4425	3	T vs HN	up	-0.18921628117709616	0.03004729019608519	-0.38924941049047346	0.10021878365086626	-0.2441637275670399	0.0405409814873828	0.34174355830766123	0.2381418801332524	Yes
hsa-miR-190b-5p	3	Paired T vs AN	up	0.1456104445824925	0.5238670638173034	0.09056816148495138	0.515568356667745	-0.2938661008269029	-0.4744952323026481	0.11793573272847016	0.42064676362862624	Yes
hsa-miR-3065-5p	3	Shared	up	-0.24864653188532032	0.48168098151127303	-0.15072491736317709	0.4753471298622329	-0.3457363157537072	-0.31450182370425067	0.13883907696163927	0.05201000733324503	Yes
hsa-miR-892a	3	Shared	up	-0.11703785950871838	0.2174683619057013	0.00215975794386869	0.31125736296887374	-0.5469511102083825	-0.5601439222266953	0.398172487014487	-0.15461985812045434	Yes
hsa-miR-892b	3	T vs HN	up	-0.1822979553985135	0.35481353391155207	0.14310896601550216	0.3571621574779125	-0.8250819883493877	-0.5712529164570512	0.5066787570916811	-0.13355416006638224	Yes
hsa-miR-891b	3	T vs HN	up	-0.14673502391998375	0.4302020392967571	0.21397997117621229	0.4257039949769773	-0.5656353571982569	-0.8064622730597166	0.4553893202326	-0.10670867365345534	Yes
hsa-miR-193a-5p	3	Paired T vs AN	up	0.16541689494956055	0.7101037896874557	0.4020652324142971	0.7562890959106124	-0.45200381223374314	-0.6671674742016167	-0.2729229678437014	-0.28627980168504896	Yes
hsa-miR-891a-5p	3	Shared	up	0.19751023648292465	0.6794527071858781	0.3750266764407115	0.6983523315600514	-0.6230714594105018	-0.7234643087345713	0.04823792140750207	-0.0334968243814731	Yes
hsa-miR-888-5p	3	Shared	up	0.00592815565270097	0.4467638979884752	0.20617202485084143	0.4848447591721856	-0.6597713264444354	-0.7092571208035975	0.3672597653877601	-0.11331952546150656	Yes
hsa-miR-500a-5p	3	Paired T vs AN	up	0.162455661534154	-0.0044082331591883	-0.12593416972199212	-0.02958783589911637	0.3968758080264082	0.303741957404336	-0.4425468521996928	0.2151346549589885	Yes
hsa-miR-16-5p	3	Paired T vs AN	up	0.43870232129507736	0.752689504469682	0.5901792478120832	0.6950733114907887	-0.2127377278308479	-0.3767604352965688	-0.5665543818380774	0.03830939553106031	Yes
hsa-miR-501-3p	3	Paired T vs AN	up	0.0995422279024037	0.5436370453561846	0.08039692528531925	0.5219821839045834	-0.11000204922962388	-0.15124506825483006	-0.4711812317167547	0.06911167873315605	Yes
hsa-miR-502-3p	3	Paired T vs AN	up	-0.04892685751614725	0.6640068840127654	0.18373760085482096	0.6826966183165325	-0.23701274796078603	-0.3424870876925004	-0.5185760718183163	-0.18459365137621583	Yes
hsa-miR-660-5p	3	Paired T vs AN	up	-0.10308771211923667	0.5305469909422262	0.03544447657288259	0.5446210469736976	-0.09087465872047436	-0.15509415050283218	-0.5751579635912939	-0.21346962981553735	Yes
hsa-miR-500a-3p	3	Paired T vs AN	up	-0.00489364350135784	0.5487111851783357	0.12720235837997382	0.5551037423759219	-0.08159237837960898	-0.21246775664082437	-0.5908941658980874	-0.14546711690780528	Yes
hsa-miR-3074-5p	3	Paired T vs AN	up	0.11443118286632048	0.22663156181234936	0.10089623954146484	0.2755829672705427	-0.1982810177931752	-0.22236944072578432	-0.32520369584674613	-0.3029306286688336	Yes
hsa-miR-3074-3p	3	Paired T vs AN	up	0.15348177077861608	0.2821202868548858	0.21058025623279095	0.3045643804909306	-0.0205756604057636	-0.02785874152102463	-0.6793547363256703	-0.23343910753237307	Yes
hsa-miR-216b-5p	3	Shared	up	0.19319567346852384	0.20986350790677705	-0.092373623613906	0.18945846685897305	-0.16538451847732927	-0.14556465801292648	-0.16164169572719944	0.07824961792313168	Yes
hsa-miR-216a-5p	3	Shared	up	0.2026622404443408	0.3523408141998227	0.0268537560934184	0.34038875211362	-0.19914974037045055	-0.22155879970775325	-0.22841964105612703	0.11267151822447746	Yes
hsa-miR-217-5p	3	Shared	up	0.29463595568740975	0.3080417066260936	0.05874906383250851	0.2678712703760852	-0.13183129817186326	-0.18757931967310293	-0.2862083647135383	0.14131798868450782	Yes
hsa-miR-548av-5p	4	Paired T vs AN	up	0.05881226886653465	0.03572874008814544	0.00854322016693455	-0.00180845662150596	0.02608950861961533	0.0976264804249838	-0.4063931972520169	0.03407733361208665	Yes
hsa-miR-556-3p	4	Shared	up	0.01022518476112881	0.15514433745430187	0.07737403148907622	0.17593568671073695	-0.0115918308289205	0.03895436287545941	-0.4473769510808005	-0.120839323319325	Yes
hsa-miR-130b-3p	4	Shared	up	0.1462467658658544	0.19636519141513128	0.1860436237617978	0.2000130762173369	0.01371709644296364	0.03303767107772532	-0.5360828892806753	-0.08062321486945566	Yes
hsa-miR-1269a	4	Shared	up	-0.6951091623509634	-0.08699686043491782	-0.3715727674190952	-0.0638833402534401	-0.15403004175487092	-0.08628028530694339	0.22653484486211892	-0.3870377986768009	Yes
hsa-miR-767-3p	4	Paired T vs AN	up	-0.20022418853873655	-0.2240371284985141	-0.45470734627435305	-0.17937103757272554	0.29521040435863694	0.4130214342504924	-0.21288234556431668	-0.00359221835273916	Yes
NovelmiRNA-78	4	T vs HN	up	-0.06746231885393601	-0.43015505211375377	-0.5099480377331674	-0.4974481373441019	0.4439473950570473	0.4917236894388058	0.07502298211956245	0.22083047768032196	No
hsa-miR-1911-5p	5	T vs HN	up	0.466199788343587	0.4747267053703122	0.5017453700201971	0.43792147772135304	0.12383696300120849	-0.4568684962875379	-0.1977023154847525	0.43961858233302054	Yes
NovelmiRNA-1734	5	Shared	up	0.6805395637939067	0.21366530758369617	0.5296451577334688	0.10323260070649744	0.3742001806279236	-0.07885821679435712	-0.5296679882423638	0.24517352801900505	No
hsa-miR-486-5p	5	T vs HN	down	0.1207770029469266	0.7452492684867729	0.6414792777132353	0.7258358671591485	-0.30067450008262103	-0.5640358209802571	-0.6426670326809988	-0.35039034728876833	Yes
hsa-miR-204-5p	5	Paired T vs AN	up	-0.14439530749725682	-0.16919206748600066	-0.0107223611166163	-0.22149319023002645	0.5009797636051403	0.40541802075992134	-0.5070012341545799	-0.22775229982466372	Yes
hsa-miR-873-3p	5	Paired T vs AN	up	0.09468372282022376	0.097064053287533	0.2229536684815676	0.10337474012053433	0.19409764744202496	0.16963613625030752	-0.6667865464354583	-0.2082358700550654	Yes
hsa-miR-378d	5	Shared	up	-0.4207693625136751	-0.4440189717999132	-0.3562184906508889	-0.35402523900919897	0.22997405836944673	0.2421048370462889	-0.115725547657604	-0.4937570419605411	Yes
hsa-miR-6499-5p	5	T vs HN	up	-0.10676235064334476	-0.3302866458921614	-0.23187999861585495	-0.32212166187359553	0.7127528206204768	0.6271269865740707	-0.6165058182182224	-0.3030822257710662	Yes
NovelmiRNA-104	5	Paired T vs AN	up	-0.2142970062191552	-0.122289107889568	-0.20089791845603672	-0.18828778477313507	0.5186548704072969	0.1612695917483891	-0.2703780888579171	-0.3103754123308696	No
hsa-miR-195-5p	5	T vs HN	up	-0.612080624846324	-0.19145269455003755	-0.5825229389973063	-0.1441840860587985	0.4358975943121489	0.3229370674497639	-0.04064085519765074	-0.2696334580321146	Yes
hsa-miR-10a-5p	5	Paired T vs AN	up	-0.03206854222409934	0.3204082324827805	-0.12426121433825273	0.2867790920852123	0.3255726491321645	0.08097745546319671	-0.3952075060561812	0.09978208736574028	Yes
NovelmiRNA-2360	5	T vs HN	up	0.05578221668660965	0.19268967082858085	-0.08533722629712272	0.21973557971165755	0.3939548897163958	-0.00317618358873124	-0.3362991289973564	0.18038640704525907	No
hsa-miR-96-5p	5	Paired T vs AN	up	-0.4855655925039733	-0.07742236589566769	-0.31808338689582344	-0.15463650660189762	0.33037479801288044	0.18394136215204304	-0.11765670441027123	-0.22876987979256985	Yes
hsa-miR-182-5p	5	Paired T vs AN	up	-0.3133188617473362	0.22924457033498208	-0.091718131398248	0.1301607841723886	0.0939797546250088	-0.0924073604229028	-0.20302175670949912	-0.1766802104202032	Yes
hsa-miR-183-5p	5	Paired T vs AN	up	-0.4156446441894372	0.01931580182534504	-0.28159235959653556	-0.0783413246990216	0.22111308628751808	0.07294565062138353	-0.1168434144785161	-0.18147826782546345	Yes
hsa-miR-10b-5p	5	Shared	up	-0.4692131092710574	-0.17323544201594715	-0.5121181715506784	-0.16750210856088613	0.01206843730676929	0.13575851284119306	0.30395060066907337	0.122043059083845	Yes
hsa-miR-362-5p	5	Paired T vs AN	up	0.02884002944785998	-0.4969878713637809	-0.498820360692692	-0.5022730722214157	0.8079740224794194	0.5905721774693783	-0.0850641115135197	0.37263698336740464	Yes
hsa-miR-455-5p	5	Shared	up	-0.4437018576048693	-0.3140652391989882	-0.6472187021482413	-0.2526538447709114	0.4014045403866286	0.3932486890238156	-0.20269652403714303	-0.20472392241321313	Yes
hsa-miR-135b-5p	5	Shared	up	-0.4256251285021456	-0.4788159826299754	-0.48685866499418495	-0.460561321230726	0.6880585836090185	0.5530404885191543	-0.2453768618581451	-0.2644835996294578	Yes
hsa-miR-206	5	Shared	up	-0.4333274506958677	-0.30475898298260906	-0.5100961158079119	-0.3041185581888427	0.5115500394968565	0.38690367587394886	-0.13466808372896116	-0.097045104042581	Yes
NovelmiRNA-3493	6	T vs HN	up	-0.418261478808188	-0.30555389956820855	-0.2979940380893828	-0.3096875241325362	0.446156128889671	0.6461869038321253	-0.5277196414372283	-0.6057857794543782	No
NovelmiRNA-679	6	Paired T vs AN	up	-0.2909421652978818	-0.20801720900865833	-0.3402411462063287	-0.26998103055292005	0.15265645488512866	0.4119179056003814	0.17950851835334014	0.1295860385304696	No
hsa-miR-3615	6	T vs HN	down	NA	NA	NA	NA	NA	NA	NA	NA	Yes
NovelmiRNA-2976	7	Paired T vs AN	down	NA	NA	NA	NA	NA	NA	NA	NA	No
NovelmiRNA-151	7	Paired T vs AN	down	0.06880072780713746	-0.11166644081769243	0.03086656260665493	-0.0932875998653086	0.04026646816732031	-0.03393123935489833	0.4527999937183449	0.10096721704034782	No
hsa-miR-6507-5p	7	Paired T vs AN	down	0.11493178331428064	0.514682670209943	0.5984571256848764	0.5809242857073924	-0.4015548672672243	-0.5336060213354441	-0.25718127381749695	-0.0931255771368363	Yes
hsa-miR-876-3p	7	Paired T vs AN	down	0.23288449936539088	0.2157073324959203	0.4692699131741074	0.11583431564023323	-0.17551936360070988	-0.07300602774653038	-0.14375377873948195	0.07479143781303453	Yes
NovelmiRNA-2979	7	Paired T vs AN	down	NA	NA	NA	NA	NA	NA	NA	NA	No
NovelmiRNA-1515	7	Paired T vs AN	down	NA	NA	NA	NA	NA	NA	NA	NA	No
hsa-miR-3059-5p	7	Shared	down	0.17480457378860653	-0.7134621090152267	-0.18056336171623927	-0.7982008704232486	0.5751770823593114	0.68435704103213435	0.09667020654717838	0.2697039304269991	Yes
hsa-miR-3085-3p	7	Paired T vs AN	down	0.2231494289487954	-0.4017237064784258	-0.18104427287784863	-0.5114141773213337	0.4931830311693137	0.5889649625060205	-0.3158241823168797	0.1262586609894103	Yes
hsa-miR-1197	7	Paired T vs AN	down	-0.07005530144349069	-0.7159443855089678	-0.4703256067420878	-0.8022469050855223	0.3813417934432733	0.6559145058797298	0.28858810761852116	0.21142869922196456	Yes
hsa-miR-323b-3p	7	Paired T vs AN	down	0.18968832687510584	-0.6257136567497957	-0.1419521020945108	-0.6833184500362511	0.39579823763240846	0.6416543023360924	-0.05648011243141651	0.08318354421360284	Yes
hsa-miR-668-3p	7	Paired T vs AN	down	0.08875893671383533	-0.7916673698566201	-0.2505144769353616	-0.8560652440163116	0.5704475081965061	0.6521830487702731	0.24535882430524109	0.28692545909919626	Yes
hsa-miR-433-3p	7	Paired T vs AN	down	0.06739085741322748	-0.7325641936222718	-0.2978235092201826	-0.8137915548250209	0.4885876556669639	0.6674264534409885	0.21144526284881796	0.16549928586307325	Yes
hsa-miR-2113	7	Paired T vs AN	down	0.4105688665885832	-0.5615067930064385	0.06437091153139791	-0.6404648958293394	0.4705964955322897	0.5173697405228191	0.08663426237734842	0.3747294313147304	Yes
hsa-miR-1843	7	Paired T vs AN	down	0.3363232797622939	-0.3088612911774155	0.14410857190424772	-0.30239568073366835	-0.07597824655354292	0.2721098458998449	0.02023820700775425	0.12942738328931214	Yes
hsa-miR-7-5p	7	Shared	down	0.22095528527311747	-0.01450851815503395	0.1685099157578909	-0.06562879652798398	0.2954198435590345	0.3261101431276403	-0.6645821665307453	-0.04155269480075777	Yes
hsa-miR-2682-3p	7	Paired T vs AN	down	0.09763076365095565	0.02993300757952925	0.1122832481194778	0.03102563515061002	0.07801232337688778	0.19033501099574915	-0.4449409542458204	-0.03853761546726676	Yes
hsa-miR-504-5p	7	Paired T vs AN	down	0.00389677458964637	-0.3722444304703541	-0.21674678654541293	-0.4283641215072911	-0.07645431142446585	0.17623540292249767	0.4273752456462606	0.3762808102589665	Yes
hsa-miR-137-3p	7	Shared	down	0.13849187718562114	-0.4470301525422275	-0.01183592048343407	-0.5095027953106431	0.2298401913897519	0.5065077805394512	0.04689892697840569	0.278357524265169	Yes
hsa-miR-760	7	Shared	down	0.06265020137694896	0.02215608134527711	0.02635006124440721	-0.08218998656440643	0.1564470699332916	0.27892123592892276	-0.4839884726296249	-0.00905097291354118	Yes
hsa-miR-342-3p	7	Shared	down	0.26688656879594536	0.01718701091813114	0.1622830134690702	-0.09608923959351036	0.3603380752852147	0.33827136337057034	-0.6284043731271619	0.0445892362165065	Yes
hsa-miR-3200-3p	7	Shared	down	0.19574723411550052	0.23616738964727085	0.3194713849163755	0.1212382314620438	0.0629302341305211	0.05824158011820568	-0.6340541661340034	-0.15092819897629814	Yes
hsa-miR-328-3p	7	Paired T vs AN	down	0.23472863234639135	0.241955527807577	0.3446492465175762	0.1804856618072858	0.13467372677446252	0.04479241385148678	-0.7644184865840077	-0.14804462376481475	Yes
hsa-miR-5010-3p	7	Shared	down	-0.03230886157025207	-0.1836612449828397	0.07993882874607998	-0.275093565773198	0.1715885028365153	0.3740315479427126	-0.355372802807051	-0.17726825267765473	Yes
hsa-miR-139-5p	7	Shared	down	0.4420224756457848	0.354198870204023	0.5347784263371864	0.21049654858349515	-0.18951848981598607	-0.15344080030066445	-0.3818913538721585	0.08691749776100344	Yes
hsa-miR-203a-3p	7	Shared	down	0.16497444807626818	0.2862712709181136	0.3750529867421932	0.21299348349716135	0.17050198167791486	0.08792277350514502	-0.7087542360906433	-0.1457882790172384	Yes
hsa-miR-744-5p	7	Shared	down	0.29979424702755203	0.34617473347958855	0.28449944538040034	0.2262540816092148	0.19531660445068016	0.04924255900481301	-0.64924585739988006	0.09986870141146736	Yes
hsa-miR-490-3p	7	Paired T vs AN	down	0.4061173526779524	-0.1735715983841855	0.08084121842019218	-0.31538696475405575	0.662022556826336	0.5567094926931079	-0.4443861020061539	0.2798001807140238	Yes
hsa-miR-766-3p	7	Shared	down	0.25185682230832185	0.20354108417959915	0.31172448542942194	0.1108762889278898	0.34194818090935797	0.19966853598829032	-0.7646824148012209	-0.10426310573034923	Yes
hsa-miR-1249-3p	7	Paired T vs AN	down	0.3328962966083057	-0.09691500011143012	0.24251727383808147	-0.20530682796102503	0.3414816543748557	0.3867256282513374	-0.4971582526118332	0.04772774576099405	Yes
hsa-miR-3943	7	Paired T vs AN	down	0.11058776765944808	-0.4376634534098873	-0.1141852524497811	-0.5168835752202291	0.44196029003817783	0.5416213245955641	-0.2946445344809406	0.10532659786895145	Yes
hsa-miR-129-5p	7	Paired T vs AN	down	0.01406201416628759	0.08358951703592694	0.1362441976551349	0.03640739264891071	0.5002178955437435	0.31801749822055464	-0.7846912341827083	-0.2982424276433678	Yes
hsa-miR-516a-5p	7	Paired T vs AN	down	0.20263218450364884	0.14790797506883063	0.28004831151698345	0.10788445176641838	0.14335410209055938	0.2065472333315402	-0.8019180742182141	-0.19220164126439676	Yes
hsa-miR-769-5p	7	Shared	down	0.3712506625958403	0.26672753206199534	0.4356134984378308	0.17099046954590033	0.11068879260262138	0.13893452590055064	-0.7567573332875646	-0.05401522841633258	Yes
hsa-miR-770-3p	7	Shared	down	0.31047373929096667	0.4085242380906127	0.5039681284640202	0.36631897815933706	0.13107588029484923	0.07848794853626515	-0.9703028062966244	-0.34868345901324255	Yes
NovelmiRNA-3143	7	Paired T vs AN	down	NA	NA	NA	NA	NA	NA	NA	NA	No
hsa-miR-520b-3p	7	Paired T vs AN	down	0.21752579002306963	0.09152726637867269	0.5700694423489878	0.16477796256165145	-0.11431209461979044	-0.1300821657956355	-0.4050706095436324	-0.21499135394111876	Yes
hsa-miR-6842-3p	7	Paired T vs AN	down	-0.11143601627464424	-0.26151864232518457	-0.00210365673181547	-0.23615231461203273	0.36271288464595286	0.22293909434793532	-0.4207913496110669	-0.38921524283574654	Yes
hsa-miR-128-2-3p	7	Paired T vs AN	down	-0.1726362861999701	-0.5788465352340177	-0.1373056908037651	-0.5832803299931879	0.4530783410947274	0.44837617415314	-0.1206014991911657	-0.23382392760174744	Yes
hsa-miR-128-1-3p	7	Paired T vs AN	down	-0.17168889400637272	-0.5919723408433089	-0.1481088480798369	-0.58936808849229	0.4576931772576502	0.44294342340357296	-0.11033053819238732	-0.2368688473407748	Yes
hsa-miR-185-5p	7	T vs HN	down	0.3379323524216755	0.8233793238776327	0.6351350966532672	0.7242955014650342	-0.437230980319333	-0.480798606762294	-0.5119981436168943	-0.05757246864946955	Yes
hsa-miR-29a-3p	7	Paired T vs AN	down	0.1151391526223662	0.716922537342007	0.42796914049811174	0.712322317460478	-0.24055950568246773	-0.1927293226962924	-0.7672010782828436	-0.35324210479143225	Yes
hsa-miR-491-5p	7	Paired T vs AN	down	0.2659624592923185	0.651386122586461	0.4344004681267304	0.6160481396915817	0.00249442806393683	-0.1973038216321912	-0.8650930631045946	-0.23012980383589457	Yes
hsa-miR-143-3p	7	Paired T vs AN	down	0.26009707534531434	0.4361973136902214	0.4490927078330757	0.3340124662468654	-0.08764750645050205	0.04376893542271879	-0.6614322257473171	-0.14561898318568037	Yes
hsa-miR-145-5p	7	Shared	down	0.30874226729843035	0.6840205756801517	0.5115574509160108	0.6148069654842957	-0.20687574671399925	-0.21900891211649248	-0.7955536976920496	-0.14478878609724324	Yes
hsa-miR-6733-3p	7	Paired T vs AN	down	0.1017731969386255	0.3849896606893145	0.2968393553987695	0.3962380680756032	-0.07505303745201333	-0.1509184469958112	-0.616134845980949	-0.20599631005915	Yes
hsa-miR-671-5p	7	Paired T vs AN	down	0.07051057984078704	0.25672993439302916	0.18981504683506617	0.27276440429517673	-0.00621976681858578	0.00501037827944171	-0.6337446715069563	-0.23397337183143216	Yes
hsa-miR-132-3p	7	Shared	down	0.13357737744333428	0.29231667774694053	0.24637667909763825	0.28648030837805877	-0.00134993865198946	-0.0063851207994008	-0.629624590050953	-0.1652362007196677	Yes
hsa-miR-582-5p	7	Shared	down	0.2033317212414049	0.4921379351605083	0.38291880747731255	0.4891477864128855	-0.5919358753177663	-0.26839799537275244	-0.305877667677615	-0.09004308131023568	Yes
hsa-miR-222-3p	7	Shared	down	0.22476583230047656	0.8689351173587913	0.6867735353724981	0.8017719957743881	-0.6485296177907792	-0.6712520718412628	-0.3270390517274055	-0.1734186932469309	Yes
hsa-miR-221-3p	7	Paired T vs AN	down	0.24265502159592667	0.9106072585388488	0.7012877279741346	0.8730911086261408	-0.6547353717459687	-0.645427035098008	-0.39856486731029606	-0.19753311193527295	Yes
hsa-miR-212-5p	7	Shared	down	0.05827556333699361	0.7722808978737908	0.5075349268875626	0.7212385925828052	-0.6208484184419221	-0.5705708879965331	-0.4017038163280298	-0.2581551608527809	Yes
hsa-miR-5002-5p	7	Paired T vs AN	down	0.10072042860216168	0.7127280783878968	0.6189776439293453	0.7736903344779125	-0.6628645977377887	-0.7678303640982164	-0.12754234291295818	-0.267039373679439	Yes
hsa-miR-1180-3p	7	Paired T vs AN	down	-0.05679402476146335	0.6400886852381693	0.17990096604858752	0.574040139331406	-0.35605878331974794	-0.42986466177932714	-0.15945282191640317	0.03387482424935645	Yes
hsa-miR-935	7	Paired T vs AN	down	0.17531350282833255	0.771542108161934	0.36143236069320667	0.6832439499082004	-0.5908008887839556	-0.6476232690089058	-0.03989911673923756	0.01569120068444416	Yes
hsa-miR-5004-3p	7	T vs HN	down	-0.12966459013741047	0.5581461753975235	0.13338101322975954	0.6032617505823005	-0.5162849712244062	-0.5867546856013496	0.17304257404335768	-0.16781560556654265	Yes
NovelmiRNA-1533	7	Paired T vs AN	down	0.2706373763357006	-0.2010071129340005	-0.2142814309868552	-0.2808381862982155	0.7542755527957877	0.3178182537649381	-0.10041854270320089	0.5359401851439244	No
hsa-miR-133a-3p	7	Paired T vs AN	down	-0.05982613820950997	0.11829120635307788	-0.2209673581956414	0.00679338525554603	-0.13771957901323953	0.08237724961537107	-0.01596377531392539	0.14178214468250733	Yes
hsa-miR-138-5p	7	Paired T vs AN	down	0.18141046780464704	0.10818011964751709	-0.02982437410096113	-0.01427584075008992	-0.18511163989194587	-0.10846670873797531	0.19990562091907524	0.3927365382701249	Yes
hsa-miR-496	7	Paired T vs AN	down	-0.5210491260780022	-0.38938790174658816	-0.4417622256014681	-0.41075719247346754	0.3461403004167401	0.5669423224049359	-0.2577432534975763	-0.4877628613407101	Yes
NovelmiRNA-3277	7	Paired T vs AN	down	-0.21429700621915523	-0.16918233229031876	-0.2576581370386365	-0.19557446795622796	-0.08804451140758822	-0.02011122701773506	0.32481723951283514	0.08709517548342302	No
NovelmiRNA-3557	7	Paired T vs AN	down	-0.1245779200489124	-0.21312028063394747	-0.18564061562663095	-0.2216136930402162	-0.0428861178944049	-0.03961763282988332	0.5740227313234143	0.13977960121154528	No
hsa-miR-203b-3p	7	Paired T vs AN	down	0.05150506806940851	0.04533908297481017	0.2170737601219657	-0.05656191351789608	0.02976004509323848	-0.2580937326506679	0.1344744385129354	0.16472118043200143	Yes
NovelmiRNA-3770	7	Paired T vs AN	down	-0.21429700621915523	-0.16918233229031876	-0.25765813703863644	-0.1955744679562279	-0.08804451140758822	-0.02011122701773505	0.32481723951283503	0.087095175483423	No
hsa-miR-324-3p	8	Paired T vs AN	up	-0.3385791344215809	-0.4600888485284862	-0.3461992159758357	-0.3831800290350501	0.1679874540286321	0.1708786011748956	0.6001671273612371	0.20913401964930584	Yes
NovelmiRNA-2497	8	Paired T vs AN	down	-0.09482503336165306	-0.2847016230385868	-0.01510828502518345	-0.16467016006764623	0.14452469611282423	0.16595545647121754	0.17220799499858194	-0.13628634771963896	No
hsa-miR-873-5p	8	T vs HN	up	-0.21924466538229953	-0.3679737322526741	-0.11960846040022356	-0.2348628533049752	0.13369532139096743	0.21344517550539388	0.14449985031344895	-0.1803683028882408	Yes
NovelmiRNA-2786	8	T vs HN	up	0.10238818490892618	-0.07156911957243733	0.37240432406825374	-0.03261485400817102	0.2161916241136395	-0.03573847997748825	-0.17633865023483072	-0.2793461876089956	No
hsa-miR-378i	9	Paired T vs AN	down	-0.3402350116555072	0.380599907710638	-0.1117159593850782	0.35830981805401646	-0.13470310030524224	-0.36447834472852886	-0.15574062425773383	-0.358640240346144	Yes
hsa-miR-3179	9	T vs HN	down	-0.169557030363978	0.35210289100905606	0.01217882502368814	0.3800516920349246	-0.4263852977377056	-0.4671072015297676	0.324583389829098	-0.08200940123864466	Yes
NovelmiRNA-2986	9	Paired T vs AN	down	-0.21429700621915523	-0.0855525196712917	-0.18943050598848368	-0.15743341308235378	0.03813171214968038	0.5189043501882702	-0.2703780888579171	-0.3103754123308697	No
NovelmiRNA-3690	9	T vs HN	down	NA	NA	NA	NA	NA	NA	NA	NA	No
hsa-miR-23c	9	T vs HN	down	-0.10603516328139972	-0.20998472447819172	-0.166939748940702	-0.21550796178707407	-0.03443614613359157	-0.04067654705658388	0.5845257096974685	0.1411788980563846	Yes
NovelmiRNA-2975	9	Paired T vs AN	down	-0.2142970062191553	-0.16918233229031876	-0.2576581370386365	-0.19557446795622793	-0.08804451140758822	-0.02011122701773505	0.32481723951283514	0.08709517548342302	No
