miRNA	row_cluster	Category	direction	Macrophage M1 (x)	Macrophage M2 (x)	immune score (x)	microenvironment score (x)	B cell (q)	NK cell (q)	T cell CD4+ (non-regulatory) (q)	T cell regulatory (Tregs) (q)	CD4	CD8A	GZMA	GZMB	PRF1	IFNG	Annotated
hsa-miR-378i	1	Paired T vs AN	down	-0.3930089713245194	-0.3929144001619895	-0.3639678100755728	-0.5094445896858253	0.2166135928794348	-0.20952319914639508	-0.23123376218599087	-0.6531599311527722	-0.29324502590202145	-0.3606970691448557	-0.6501515366608458	-0.6388690089585887	-0.20262051094933112	-0.4019415869010483	Yes
hsa-miR-1269a	1	T vs HN	up	-0.11505894911876968	-0.13525411038084154	-0.04399619673864288	-0.30578113901441195	0.4295114298986943	0.15354291145506138	-0.11756316316536757	-0.4177598076761504	0.0721638723237852	0.03142549419782915	-0.39645016820468354	-0.4001935799377059	-0.02995043795889992	-0.1272516495829777	Yes
hsa-miR-455-5p	1	T vs HN	up	-0.3564022209816228	-0.3171398020088728	-0.34224768636207414	-0.5269220792242015	0.11779080947407454	-0.1967842872849882	-0.414945651280478	-0.5374102866309023	-0.23131343465229293	-0.28603531420150335	-0.5901181514384223	-0.5332207191509425	-0.14215219964081924	-0.36927071398572225	Yes
hsa-miR-6499-5p	1	T vs HN	up	-0.1104205689879055	-0.27594625900182856	-0.06323208637470046	0.04957956289467651	0.17136813603658463	-0.3960324561112646	0.5400919936376819	-0.74958456031087906	-0.323076773740852	-0.4943812681206072	-0.5483859003424286	-0.7642952108236585	-0.2270884557209489	-0.24799634629991688	Yes
hsa-miR-206	1	T vs HN	up	0.10158079813011071	-0.06525175825688793	0.128255069987662	0.2669805513114783	-0.06674422303340138	-0.5015243006539606	0.5007685372203866	-0.6163126449088681	-0.14551448590376578	-0.5022120142834122	-0.29108551435453145	-0.5894723084734902	0.09346297376139318	0.03957315756880626	Yes
hsa-miR-891a-5p	1	T vs HN	up	0.48642495555551535	0.4711314927325904	0.4779663566311974	0.33918688236866884	-0.39606633264093055	-0.2702883947633577	-0.2719289839234657	-0.02471065165684437	0.4137766552561681	-0.01627661999141787	0.18974987187584985	0.03746281383253581	0.6621292744220109	0.47313274037341535	Yes
NovelmiRNA-222	1	Shared	up	0.6023890054338246	0.634577585098094	0.5454221922234433	0.46761456652759115	-0.7350673899126432	-0.3839153077117814	-0.45053980184045783	0.23714444283998232	0.4483442721433448	-0.01222393443277433	0.40305081126241754	0.28122592382725115	0.7982143612483834	0.5812452162586702	No
NovelmiRNA-2786	1	Shared	up	0.28483659724278854	0.12818262681192016	0.28496062054207183	0.45703518302372154	-0.3223531440496415	-0.6069525802983218	0.4293086710082976	-0.4575521637214224	0.00297570003586726	-0.4912781235934337	-0.02511577026582073	-0.36440415195757186	0.3744973184377291	0.2857884308247104	No
NovelmiRNA-78	1	Shared	up	0.5414032985863856	0.513697816933046	0.4468623175498451	0.6654413389444429	-0.9657104064324004	-0.705156735952536	-0.07053303696784116	0.18149639255353556	0.17346539057881535	-0.32265706045809917	0.4562445205658472	0.2299008292266791	0.6663840032548717	0.5323575319509585	No
NovelmiRNA-1756	1	Paired T vs AN	up	0.4091180671167709	0.3339893677688722	0.3260990042256467	0.6101234337597744	-0.8805916039112337	-0.83296957956685	0.12080906885007547	-0.07874751539001996	-0.00208731986163845	-0.5226054612157254	0.2583530450224703	-0.02528765093940293	0.527698679584976	0.3957081464805738	No
NovelmiRNA-1303	1	Paired T vs AN	up	0.44177162779476903	0.3635063267159879	0.36030695729534784	0.6443562458085484	-0.8788162949598753	-0.811924311507027	0.1405383252568304	-0.04906721164266178	0.03676345461715435	-0.4872453316140235	0.30567790499703645	0.01439100796410598	0.5552292271961983	0.4383400940081416	No
NovelmiRNA-3568	1	Paired T vs AN	up	-0.23289956055383185	-0.17055684466104987	-0.2949510873105507	-0.30591577819115173	-0.4680608565266007	-0.6259716529965723	-0.5449657016730894	-0.4039114784290527	-0.313736448146269	-0.5353558821528118	-0.4043818541355008	-0.39736433711938113	0.05379720026317962	-0.25	No
NovelmiRNA-3342	1	Paired T vs AN	up	-0.2328995605538318	-0.17055684466104987	-0.29495108731055075	-0.3059157781911517	-0.4680608565266007	-0.6259716529965724	-0.5449657016730894	-0.4039114784290526	-0.31373644814626894	-0.5353558821528117	-0.4043818541355008	-0.3973643371193811	0.0537972002631796	-0.24999999999999992	No
NovelmiRNA-903	1	Paired T vs AN	up	-0.5988349842558304	-0.5208842757613241	-0.6927883371174968	-0.468395821117213	-0.4231806035363822	-0.6280555774614531	-0.320634032442665	-0.3271800155830699	-0.7395844982246972	-0.6948197294840832	-0.4847129498566468	-0.39238789938517504	-0.4221488211246594	-0.6000636674370841	No
hsa-miR-3065-5p	1	T vs HN	up	-0.14195520812804888	-0.04668413401071411	-0.2341930090171949	-0.2058833779962797	-0.6703942011936393	-0.6532684226554778	-0.6464722677913742	-0.18420445957479376	-0.26405430419966547	-0.4840093897734928	-0.2221278403848284	-0.18689843263879716	0.14394351192471508	-0.158530486594342	Yes
hsa-miR-942-3p	1	Paired T vs AN	up	0.16979039774113408	0.23417351891273025	0.06887464645822317	0.1407943965123798	-0.8645666455569357	-0.7019335416762822	-0.5363491135944503	-0.00816457232043166	-0.04880255552064713	-0.4128424172335875	0.05667965375885314	-0.00140437600149293	0.4237786841502318	0.14613159278607407	Yes
NovelmiRNA-1819	1	Shared	up	0.3798910379117473	0.3187658231338118	0.29487282220072447	0.5505765642718923	-0.8888118016154192	-0.844602036077065	0.03499951200955325	-0.1016983260923596	-0.01510319102436844	-0.5341237405121476	0.20206125070849823	-0.05655592284187531	0.5242207003630626	0.3547590963941393	No
hsa-miR-301b-3p	1	T vs HN	up	-0.4381311931115987	-0.46062765777574816	-0.5116547023130193	-0.252920677328721	-0.49233549847958447	-0.9221430701939068	-0.07620419863732404	-0.6798321053560917	-0.6951850585990021	-0.9201913652642154	-0.5668795880175104	-0.6718411873009634	-0.22852918727233568	-0.4501886474281398	Yes
hsa-miR-214-5p	1	T vs HN	up	-0.26994910851391585	-0.2978375708835065	-0.3639086435309576	-0.03581364834671199	-0.6816493325225932	-0.9773634494886674	-0.0242574143785847	-0.5034172560889021	-0.6092351983374519	-0.8911761611188618	-0.3517757757875417	-0.49382068438862425	-0.08879671636378289	-0.28300865833021227	Yes
hsa-miR-3616-5p	1	T vs HN	up	-0.8810935475101053	-0.8693994247600488	-0.922168852554387	-0.7127404026325932	-0.00782971742430032	-0.5949836025473345	-0.05055470872914591	-0.7762876697607076	-0.9179712195024275	-0.8993575175820986	-0.7879493016621482	-0.7754999893212947	-0.6061971611111153	-0.7751459558237133	Yes
NovelmiRNA-2872	1	Shared	up	-0.39688425018087264	-0.44776373536808856	-0.47480394064381154	-0.13204549135282528	-0.5338751116497913	-0.9695088272083422	0.09133647746729326	-0.6579362515318903	-0.7145321669312814	-0.9573816942163568	-0.4986898434158353	-0.6460993477288215	-0.22717264225061343	-0.4064905222827736	No
NovelmiRNA-1805	1	T vs HN	up	-0.3912842172547434	-0.4300594820590864	-0.4701207450537768	-0.1583923908460922	-0.5454559100065155	-0.9628738515122668	0.01612746572245144	-0.6508536520566203	-0.6777400017353151	-0.9284115210062938	-0.5057878727101927	-0.6329252492586234	-0.1883332733026521	-0.3982020970017699	No
NovelmiRNA-1470	1	T vs HN	up	-0.38405077591142184	-0.4124505719884062	-0.46314024956568217	-0.17939399898007927	-0.5515860037025422	-0.9510496397575664	-0.04687492271624746	-0.6406886365492287	-0.6347136269808324	-0.888846403957785	-0.5049198793838978	-0.611897724418783	-0.15050544012286102	-0.3849727235555546	No
hsa-miR-449c-5p	2	T vs HN	up	-0.0727731748785498	-0.23707887111251044	-0.1132651555868627	0.32925604681124676	-0.40451054314961343	-0.8294906843358882	0.6634822877750166	-0.5485043522908966	-0.48798587539624694	-0.8061278236322933	-0.1895460062298993	-0.5067887294536897	-0.0827512251263099	-0.07644882350449406	Yes
NovelmiRNA-3473	2	Paired T vs AN	up	-0.25564839153310165	-0.39132628644292494	-0.2876171764530633	0.16989451774621975	-0.1711476287278315	-0.5608302211056394	0.7268920216022781	-0.4039114784290527	-0.5847080467092206	-0.650571402516957	-0.1938445555448866	-0.3973643371193811	-0.36330765561952855	-0.25	No
NovelmiRNA-3570	2	Paired T vs AN	up	-0.25564839153310165	-0.39132628644292494	-0.2876171764530633	0.16989451774621975	-0.1711476287278315	-0.5608302211056394	0.7268920216022781	-0.4039114784290527	-0.5847080467092206	-0.650571402516957	-0.1938445555448866	-0.3973643371193811	-0.36330765561952855	-0.25	No
hsa-miR-5683	2	T vs HN	up	0.5962178053619654	0.5187911750272305	0.6430539240344879	0.6512416006599012	0.18450548731686045	0.5211154965248468	0.5135502542332651	0.5744873130086993	0.5904691238987066	0.6013658285508505	0.6990528579864496	0.5975440865234347	0.3411236265742427	0.612108815432595	Yes
NovelmiRNA-1734	2	Shared	up	0.3956402973554678	0.3339942400473092	0.4440685901454816	0.46772665207047304	0.30533054476084187	0.5719570974231516	0.5146136653445114	0.519738166871075	0.45272451597424784	0.5712296169189088	0.5950045274646925	0.5484246620584946	0.15887009131382082	0.4467131538500531	No
NovelmiRNA-2707	2	Paired T vs AN	up	0.6412347174184908	0.5132223774230604	0.6105898095082486	0.8987464136649437	-0.4989167806823119	-0.29532286676929925	0.5780657311353835	0.289098714386042	0.3163126926924675	-0.03109213573750573	0.6524842322944926	0.356822055178883	0.5321172116557855	0.6613273966486484	No
NovelmiRNA-2639	2	Shared	up	0.38213510284237223	0.3824821726096469	0.3361089134745408	0.5266640570020484	-0.34703673289287706	0.06615713580527655	0.20520345698747808	0.6135654910383291	0.2038779823042993	0.2050865249381416	0.6224309359191946	0.5820348841987134	0.22212299209911535	0.3824299809617056	No
NovelmiRNA-529	2	Shared	up	0.5101355513428562	0.5137270314547879	0.466635308725375	0.6163212409479932	-0.3815235922725431	0.11331283930621086	0.16283505658404418	0.70293732599487	0.3848938716422971	0.33625220173263015	0.7617174861405046	0.7134855320804558	0.3930505564039844	0.5455834925087409	No
hsa-miR-320d	3	Paired T vs AN	up	-0.9831933193550934	-0.9798607878436096	-0.9757024655650758	-0.8724429006638191	0.394713867194164	-0.2753237347669882	0.03932851143829549	-0.8225782988176539	-0.9185492908956135	-0.6698285459147634	-0.9896327197998304	-0.8929526191810458	-0.8959814092612907	-0.9733937390405476	Yes
hsa-miR-378e	3	T vs HN	up	-0.632106009370097	-0.6685425098429946	-0.6388778851432014	-0.5471972890015625	0.03745985076733956	-0.5939496424907651	-0.01890937839645139	-0.896653328220909	-0.6860697837497834	-0.7695016237178312	-0.8352789390316098	-0.885608357683164	-0.4406132499825028	-0.6326387112250104	Yes
hsa-miR-188-3p	3	T vs HN	up	-0.4483198750455194	-0.57574391654675	-0.4569362564769983	-0.18875877002420804	-0.08160487364999659	-0.7652141540436563	0.40421854451071393	-0.9243471293194756	-0.6877663681151841	-0.90103873927786	-0.6834903137541336	-0.8962536816001515	-0.3560925364109402	-0.460357007672756	Yes
hsa-miR-130b-3p	3	T vs HN	up	-0.00101511462257393	0.0571634172582824	-0.11772927832669292	0.07298181191458351	-0.8842838168689522	-0.8011495612764649	-0.42255851048109416	-0.06970739517130535	-0.2703472312256606	-0.5618335413604217	-0.01658844735142706	-0.06511763082384434	0.22638377446811056	-0.0144699023551525	Yes
hsa-miR-216b-5p	3	Shared	up	-0.02882264148150561	-0.12464109058318172	-0.10471504794586306	0.3541489170780377	-0.5748099838711329	-0.7432385030925545	0.4679059587973339	-0.2044952116098869	-0.43599534017968455	-0.6554363300842304	0.02802654893776229	-0.18911280188608484	-0.05249279298076379	-0.02841383559579587	Yes
hsa-miR-216a-5p	3	Paired T vs AN	up	-0.15886275070004377	-0.28674233215201134	-0.19944574492768807	0.25916888516158443	-0.25873898675141727	-0.5583732424469802	0.6923361277444788	-0.2964264263921196	-0.505083782080465	-0.5984398305969648	-0.08057610576721444	-0.28794283438653984	-0.26685311009416884	-0.1532851280991245	Yes
hsa-miR-217-5p	3	Shared	up	-0.02955143123476543	-0.1585629024248735	-0.06457768179850208	0.3721558048933936	-0.2503005440601297	-0.45065257924993263	0.7175776508521311	-0.15508649590646606	-0.3645937618682016	-0.4591172452555048	0.06782765188934761	-0.14347933627462095	-0.1701575473094204	-0.022148281082029	Yes
hsa-miR-486-5p	3	T vs HN	down	-0.5068168825958633	-0.6672709751487194	-0.43642510104166954	-0.23254483052363029	0.6255997948579234	-0.04608867501843276	0.832089945006998	-0.6994207357575961	-0.5455415182002247	-0.39714833521608	-0.5683077063230935	-0.6960932749741248	-0.6705332203354037	-0.49791196096181234	Yes
hsa-miR-130a-3p	3	T vs HN	up	-0.2690720579774446	-0.2994019728931337	-0.364690538697498	-0.01888933049393046	-0.686254491273198	-0.975541313081532	0.00465367962920798	-0.4855194284180085	-0.6165879163771837	-0.8896633630370032	-0.3315339387126109	-0.47514603554749374	-0.09893295779246174	-0.2797437442566282	Yes
hsa-miR-345-5p	3	T vs HN	up	-0.21360415897693905	-0.27743881859538466	-0.3038594945455995	0.1003717429711202	-0.6688609356573613	-0.9730549949010802	0.1881340847559748	-0.471630514961242	-0.6044927405000097	-0.8905429179216505	-0.2639070393694787	-0.45533464693820264	-0.09537926730683705	-0.2215629451352989	Yes
hsa-miR-362-5p	3	T vs HN	up	-0.5047907786471357	-0.6352943114944253	-0.5341676277654133	-0.14278550887177424	-0.16190921164402722	-0.8236076265514904	0.5225688947717247	-0.8502577361673497	-0.8085890367142128	-0.9651596507582404	-0.6238681872534052	-0.8342213433624298	-0.4606826246115381	-0.5085952162482544	Yes
hsa-miR-1343-3p	3	Paired T vs AN	up	0.19370988555757296	0.31851687221617264	0.08037738942773007	0.17485733792226682	-0.7936732938601236	-0.3319829646883526	-0.5478936085164825	0.4868388755544123	0.06312120087186196	0.0213614795107543	0.35506044014728677	0.48989043595170306	0.28196697148036903	0.14686707240120528	Yes
hsa-miR-135b-5p	3	T vs HN	up	0.4803416479030786	0.5339034694291025	0.5575411688240103	0.1714840692783428	0.46672024284111374	0.9262188585691754	-0.17698202099356705	0.6468945794945782	0.8021889438881986	0.9642032631715804	0.5167665391848041	0.6471628868683518	0.35976286383191647	0.4876391989326154	Yes
hsa-miR-204-5p	3	T vs HN	up	0.03785130578894555	0.17476853477926138	0.03923178833528896	-0.13486582969311856	0.21809318055731527	0.6903904825117515	-0.3424992600645813	0.7039917769829523	0.28161103149720734	0.6711965274058307	0.360952113312841	0.644756978153099	-0.07267346915828896	0.0477469538096386	Yes
NovelmiRNA-1300	4	Paired T vs AN	down	NA	NA	NA	NA	NA	NA	NA	NA	NA	NA	NA	NA	NA	NA	No
hsa-miR-324-3p	4	T vs HN	down	NA	NA	NA	NA	NA	NA	NA	NA	NA	NA	NA	NA	NA	NA	Yes
hsa-miR-106b-3p	4	T vs HN	down	NA	NA	NA	NA	NA	NA	NA	NA	NA	NA	NA	NA	NA	NA	Yes
NovelmiRNA-1378	4	Paired T vs AN	down	NA	NA	NA	NA	NA	NA	NA	NA	NA	NA	NA	NA	NA	NA	No
hsa-miR-203b-3p	4	T vs HN	down	-0.41515834445451033	-0.3619304655127247	-0.4539751124974773	-0.26413416920064436	0.03743516365172979	0.04253279342915125	0.06314753745714019	0.13016756895801468	-0.3924311931124175	-0.03328645688214947	-0.07370972781736637	0.11023191048913555	-0.5048850666986879	-0.4010055268857541	Yes
NovelmiRNA-3495	4	Paired T vs AN	down	-0.4172850027688131	-0.33228345299813444	-0.3378364551829988	-0.6316773129534262	0.860896309550716	0.8270363201361146	-0.1702903816011919	0.08796789712950738	-5.622938461840821e-4	0.5238531356186749	-0.26388922080387656	0.03819668263595813	-0.5211379136744305	-0.40780065248356606	No
hsa-miR-3200-3p	5	T vs HN	down	0.03665629886974028	0.22823375032472396	0.04192645775304743	-0.31071766375837495	0.21305120359048227	0.7237774727356825	-0.7193817617617991	0.6643371025007928	0.387611035333014	0.7369974836899982	0.25954233596988474	0.6077304084074407	0.04444014187500804	0.03943808800815559	Yes
NovelmiRNA-696	5	Paired T vs AN	down	-0.25564839153310165	-0.0799185808980315	-0.2727062851995137	-0.44485127565686994	0.1878522566628679	0.524344619965252	-0.5449657016730894	0.49094032359908824	0.00777988377740373	0.446786506357977	0.06383227278925764	0.4147154866936794	-0.2787246091540452	-0.24999999999999992	No
hsa-miR-3617-3p	5	T vs HN	down	NA	NA	NA	NA	NA	NA	NA	NA	NA	NA	NA	NA	NA	NA	Yes
NovelmiRNA-3629	5	T vs HN	down	NA	NA	NA	NA	NA	NA	NA	NA	NA	NA	NA	NA	NA	NA	No
NovelmiRNA-2976	5	Paired T vs AN	down	NA	NA	NA	NA	NA	NA	NA	NA	NA	NA	NA	NA	NA	NA	No
hsa-miR-219a-5p	6	T vs HN	down	0.6214516777601424	0.6975539716149679	0.6736406566072196	0.26000124458297647	0.1999134571144416	0.7562788605764679	-0.3892607102293801	0.6875967686101891	0.89918614732347	0.914138377144872	0.5964111038085674	0.7021749205638833	0.5932918022709617	0.6251129656819995	Yes
hsa-miR-421	6	Shared	down	NA	NA	NA	NA	NA	NA	NA	NA	NA	NA	NA	NA	NA	NA	Yes
NovelmiRNA-1735	6	Paired T vs AN	down	NA	NA	NA	NA	NA	NA	NA	NA	NA	NA	NA	NA	NA	NA	No
hsa-miR-378d	6	T vs HN	up	-0.41746695938939365	-0.5916660749000802	-0.34807735701077247	-0.12622356271221005	0.5780205539247811	-0.0626031956688521	0.8863351376173942	-0.6595765995281775	-0.48728045399901143	-0.3828630164598658	-0.48753723330251586	-0.6488783770808123	-0.5932653233765407	-0.40823893620193463	Yes
NovelmiRNA-280	6	T vs HN	up	-0.4173247087323676	-0.5903038174327461	-0.34497881113214984	-0.1360731044819488	0.5988386377036302	-0.0416717748296729	0.8786647450419955	-0.6593518507126565	-0.4707163332921292	-0.35901406076311376	-0.49313486704514087	-0.6484293142588016	-0.5928547481289648	-0.4079564103307995	No
hsa-miR-2355-3p	6	Paired T vs AN	down	-0.25564839153310165	-0.39132628644292494	-0.2876171764530633	0.16989451774621978	-0.17114762872783157	-0.5608302211056394	0.7268920216022781	-0.4039114784290527	-0.5847080467092206	-0.650571402516957	-0.19384455554488664	-0.39736433711938113	-0.3633076556195285	-0.25	Yes
hsa-miR-136-3p	6	Paired T vs AN	down	-0.6073971678042346	-0.7308270490710022	-0.583640860930978	-0.38644164620617377	0.2321713196220863	-0.5393826312023813	0.44263704470301807	-0.9886045514009366	-0.7226963589507197	-0.7864268006131337	-0.822440906724245	-0.9720993303762278	-0.5542240934706162	-0.6115919570332362	Yes
