sample_id	RedCap
7316-10409	DIPG
7316-10410	High Grade Glioma- WHO grade IV Glioblastoma
7316-10411	High Grade Glioma
7316-10415	DIPG
7316-11297	Atypical Teratoid Rhabdoid Tumor
7316-11298	High-Grade Glioma, Diffuse pediatric-type high-grade glioma, H3-wildtype and IDH-wildtype
7316-11300	Medulloblastoma, SHH-activated and TP53-mutant
7316-11309	High-Grade Glioma, Diffuse midline glioma, H3 K27-altered
7316-11314	Medulloblastoma, Group 4
7316-11315	DIPG
7316-11670	Atypical Teratoid Rhabdoid Tumor (ATRT) subclass TYR CNS WHO grade IV
7316-11671	Diffuse Midline Glioma, H3 K27M altered
7316-11673	Medulloblastoma