miRNA	Genes	Term	Seq2	Max_Score	Max_Energy	Len1	Len2	Positions	GeneID	baseMean_b7h3_vs_untr_Day14	log2FoldChange_b7h3_vs_untr_Day14	lfcSE_b7h3_vs_untr_Day14	stat_b7h3_vs_untr_Day14	pvalue_b7h3_vs_untr_Day14	padj_b7h3_vs_untr_Day14	baseMean_stop_vs_untr_Day14	log2FoldChange_stop_vs_untr_Day14	lfcSE_stop_vs_untr_Day14	stat_stop_vs_untr_Day14	pvalue_stop_vs_untr_Day14	padj_stop_vs_untr_Day14	status_Day14	baseMean_b7h3_vs_untr_Day21	log2FoldChange_b7h3_vs_untr_Day21	lfcSE_b7h3_vs_untr_Day21	stat_b7h3_vs_untr_Day21	pvalue_b7h3_vs_untr_Day21	padj_b7h3_vs_untr_Day21	baseMean_stop_vs_untr_Day21	log2FoldChange_stop_vs_untr_Day21	lfcSE_stop_vs_untr_Day21	stat_stop_vs_untr_Day21	pvalue_stop_vs_untr_Day21	padj_stop_vs_untr_Day21	status_Day21	expr_pattern
NovelmiRNA-1309	Cbfa2t3	myeloid cell differentiation	ENSMUST00000127984	145	-23.96	23	5566	3279	ENSMUSG00000006362	324.89142467129625	0.6149184241454677	1.4763574186492887	0.4165105389642389	0.677036457134362	0.9727138580991316	324.89142467129625	1.5540105383165688	1.3917073228238244	1.1166216580390087	0.2641561272714404	1	Not DE	238.78376277924093	-1.847783720364667	0.5589587661245429	-3.305760339310893	9.471906598477872e-4	0.01788881221810089	238.78376277924093	-0.7754583119278667	0.55683769958164	-1.3926110112703929	0.1637374514251718	0.7202009499278119	B7H3 downregulated	B7H3 down, Day 21
NovelmiRNA-1309	Cd109	myeloid cell differentiation	ENSMUST00000093812	145	-27.4	23	1195	312	ENSMUSG00000046186	493.50888552416023	7.3341610622685165	1.5938258235921496	4.601607624689412	4.19242431358334e-6	0.00168367760433506	493.50888552416023	0.4991392801439875	1.5294679354292615	0.32634831275746806	0.7441608389785899	1	B7H3 upregulated	207.31837134066788	4.598977454912742	1.113391393408197	4.13060266330498	3.618134704967158e-5	0.00217603285945338	207.31837134066788	-0.9923473997310978	1.1424405261670671	-0.8686206213818957	0.38505467151146	0.8728931801264578	B7H3 upregulated	B7H3 up, multiple
NovelmiRNA-1309	Cd151	T cell activation	ENSMUST00000106000	152	-36.24	23	776	255	ENSMUSG00000025510	798.1560056158687	1.9340489149950957	1.1601463929641058	1.6670731613910503	0.09549985807310368	0.6163558537912163	798.1560056158687	-0.4105854369209481	1.0947927244693345	-0.3750348607038526	0.7076345405634139	1	Not DE	592.814647647322	1.3810259103367135	0.47572336864309334	2.903002041450721	0.00369604227810185	0.04298326013532222	592.814647647322	-0.2003612790717283	0.4773756711327404	-0.4197140558007516	0.6746943557224855	0.9554849533717288	B7H3 upregulated	B7H3 up, Day 21
NovelmiRNA-1309	Cd8a	T cell activation	ENSMUST00000066747	159	-34.09	23	2258	1326	ENSMUSG00000053977	30.726022334872088	8.809826633636808	2.624086419497338	3.3572928727417413	7.870969154782634e-4	0.04153238252109943	30.726022334872088	5.078188178113732	2.586050664812798	1.9636847209570576	0.04956666557053517	1	B7H3 upregulated	20.36773631201309	5.48967214094179	2.0812829383078286	2.6376385641277236	0.00834855104125201	0.07068313100256379	20.36773631201309	1.6119545801385833	2.129158059924722	0.7570854463456673	0.44899867264930265	0.8974676230733476	Not DE	B7H3 up, Day 14
NovelmiRNA-1309	Cdkn2a	T cell activation;regulation of T cell activation	ENSMUST00000060501	148	-31.61	23	264	130	ENSMUSG00000044303	954.216451081081	13.91776053801556	2.756404572075098	5.049244468324868	4.4356081382913156e-7	3.9441937534953576e-4	954.216451081081	4.657335468560937	2.7147003056713475	1.715598388091379	0.08623557374194753	1	B7H3 upregulated	312.39458547164645	11.925288652795734	3.2112099411980615	3.713643415150416	2.0429660288500236e-4	0.00670823884939222	312.39458547164645	6.208528486585146	3.218427649782725	1.92905640958071	0.05372385968912172	0.5387368718626271	B7H3 upregulated	B7H3 up, multiple
NovelmiRNA-1309	Cxcl12	T cell activation	ENSMUST00000112871	148	-23.44	23	2768	1078	ENSMUSG00000061353	550.1167589588011	-0.8501174982475481	1.404687194876975	-0.6052005751515397	0.5450457337193855	0.9528365073966926	550.1167589588011	-0.03389935100412599	1.3240064375442335	-0.02560361493936728	0.9795735027118776	1	Not DE	284.1876932079057	-1.2390013879994086	0.39575850560187287	-3.1307005925624387	0.00174389856202651	0.02656443514483672	284.1876932079057	-0.4766421185470679	0.3944012800141238	-1.2085207191264669	0.2268470311074576	0.7861783090997645	B7H3 downregulated	B7H3 down, Day 21
NovelmiRNA-1309	Foxo3	T cell activation;regulation of T cell activation;myeloid cell homeostasis;myeloid cell differentiation;regulation of myeloid cell differentiation	ENSMUST00000105502	163	-35.14	23	4490	567	ENSMUSG00000048756	1359.4214538536012	0.17034719103187287	0.9443466226555332	0.1803862977270476	0.8568493107097062	0.9888170810712228	1359.4214538536012	0.5831101744928388	0.8903057390839184	0.654954976582349	0.5124967423980273	1	Not DE	947.4644954712584	-1.7629678805843778	0.46091369945813127	-3.82494137765268	1.3080320738234475e-4	0.00503280912213974	947.4644954712584	-1.1029476710343882	0.4605828225593895	-2.394678257659445	0.01663495521664993	0.35208320048383435	B7H3 downregulated	B7H3 down, Day 21
NovelmiRNA-1309	Hmgb2	myeloid cell homeostasis;myeloid cell differentiation;regulation of myeloid cell differentiation	ENSMUST00000067925	152	-28.88	23	1872	927	ENSMUSG00000054717	1534.64933202687	5.905571045842861	1.398936676113166	4.221471312233389	2.427128487472809e-5	0.00553200317292922	1534.64933202687	1.1382760009011148	1.3217792042564995	0.8611695487684683	0.3891446688012086	1	B7H3 upregulated	651.4119991247544	3.276173837351789	1.0134706412061878	3.2326282618829807	0.00122657059662636	0.02116176019571901	651.4119991247544	0.04378295310440578	1.0155550995074585	0.0431123364213723	0.96561198540129	0.9958509465456176	B7H3 upregulated	B7H3 up, multiple
NovelmiRNA-1309	Hspb1	T cell activation;regulation of T cell activation	ENSMUST00000111155	156	-24.59	23	445	6	ENSMUSG00000004951	123.0520059495716	-1.384338147876078	0.7987740533363136	-1.7330785121198975	0.08308171503129748	0.5740321162420484	123.0520059495716	-1.6300655874311252	0.7535359095444377	-2.163222172672046	0.03052409567777914	1	Not DE	129.9514334558769	1.0506660737914322	0.3038772034941409	3.457535023062993	5.45141378574186e-4	0.01250729306101564	129.9514334558769	0.16078793469703004	0.3102642834328799	0.5182289528076268	0.6042985363992032	0.9426734851099264	B7H3 upregulated	B7H3 up, Day 21
NovelmiRNA-1309	Ifi203	myeloid cell differentiation	ENSMUST00000042228	150	-28.37	23	2129	563	ENSMUSG00000039997	107.96491614892884	4.737643317115776	1.492776973197417	3.1737114131443875	0.00150503250370935	0.05945564901390971	107.96491614892884	0.5321815321014555	1.429599265286471	0.3722592372729109	0.7096998451071045	1	Not DE	53.71324176267565	4.223056916051975	1.264127090372397	3.340690147545143	8.357043278407589e-4	0.0166667326897168	53.71324176267565	0.893993115389816	1.2850154488830716	0.6957061225737557	0.48661289046143535	0.9108918741632532	B7H3 upregulated	B7H3 up, Day 21
NovelmiRNA-1309	Irf8	myeloid cell differentiation	ENSMUST00000160943	146	-28.35	23	229	82	ENSMUSG00000041515	532.4356244087867	4.152287158986137	1.5030296589601255	2.7626115920153604	0.00573409567462069	0.1437012682014148	532.4356244087867	2.382714107918721	1.4189189016470585	1.6792461536405672	0.09310408039900418	1	Not DE	323.1218820144786	3.72599705545828	0.9568256909095574	3.894123131159189	9.855458248368896e-5	0.00416258718381108	323.1218820144786	1.0397446796208714	0.9598076275927684	1.0832844517276738	0.2786821844525984	0.8188136236556002	B7H3 upregulated	B7H3 up, Day 21
NovelmiRNA-1309	Itgb2	T cell activation	ENSMUST00000156644	155	-22.01	23	2151	319	ENSMUSG00000000290	226.03117904778895	1.9820346269454432	1.210608364651015	1.6372219826159955	0.10158409544741907	0.626698520203799	226.03117904778895	0.788249352470779	1.1433135331066686	0.6894428602877712	0.4905446194096677	1	Not DE	218.05080257787407	3.145366403963726	0.861186928987853	3.652361987960562	2.598392517666358e-4	0.00768925581979484	218.05080257787407	1.3731303244023991	0.8637457866540306	1.5897389551636685	0.11189365895373542	0.6593492900019613	B7H3 upregulated	B7H3 up, Day 21
NovelmiRNA-1309	Loxl3	T cell activation;regulation of T cell activation	ENSMUST00000000707	167	-33.76	23	1689	1245 1133	ENSMUSG00000000693	121.66247006559747	2.1723365387155407	1.196473222937544	1.8156165111510705	0.06942921904465069	0.5341110640241957	121.66247006559747	-0.5098894401212073	1.13582136323391	-0.4489169306249447	0.653491582188401	1	Not DE	76.63172030613347	1.9420530948965276	0.66055946626129	2.9400125107409054	0.00328198994837946	0.03960552026018445	76.63172030613347	0.06469161721987883	0.6715056959854449	0.09633815112311578	0.9232520117714887	0.9904909584823532	B7H3 upregulated	B7H3 up, Day 21
NovelmiRNA-1309	Pag1	T cell activation;regulation of T cell activation	ENSMUST00000161949	150	-29.3	23	6288	4840	ENSMUSG00000027508	313.67161922635586	-1.34590762322492	0.9807283442472576	-1.3723551798209217	0.16995289563154367	0.7557317631510228	313.67161922635586	-0.5706690037467649	0.9236401396808536	-0.6178477734239103	0.5366756885810251	1	Not DE	220.83336512426865	-1.2155383480584765	0.2839603780377568	-4.280661817885212	1.863383382135941e-5	0.00138516467094457	220.83336512426865	-0.7376860962378363	0.2828263271779606	-2.608265304006398	0.00910023923562851	0.2776340661053369	B7H3 downregulated	B7H3 down, Day 21
NovelmiRNA-1309	Smarca2	T cell activation;regulation of T cell activation	ENSMUST00000099537	148	-28.35	23	1070	21	ENSMUSG00000024921	3769.8868744353185	-0.5552203364413004	1.0100963907764906	-0.5496706467929129	0.5825452933510293	0.9622009970012504	3769.8868744353185	-0.14366285918363575	0.9522986903892124	-0.15085903260553632	0.8800869177912016	1	Not DE	3457.2329544441654	-0.8964694275127983	0.2870755789409282	-3.1227645027139896	0.00179161039495517	0.02700347735591805	3457.2329544441654	-0.3481413631154162	0.2869902874583471	-1.2130771608985005	0.22510032110538897	0.7855192745882019	B7H3 downregulated	B7H3 down, Day 21
NovelmiRNA-1309	Stat3	T cell activation;myeloid cell homeostasis;myeloid cell differentiation;regulation of myeloid cell differentiation	ENSMUST00000103114	149	-25.78	23	3701	2281	ENSMUSG00000004040	1288.8338857083877	1.7293267530430725	1.1306796361838591	1.529457768320387	0.12615100082110184	0.6725820369034782	1288.8338857083877	0.5201917836578527	1.0663555962079845	0.48782206002170536	0.6256758844790402	1	Not DE	770.6046370536307	1.5349707867979443	0.4314844953036997	3.5574181772570017	3.7451770277808144e-4	0.00990047935764988	770.6046370536307	0.3041282212537061	0.43250479896269534	0.7031788363576931	0.4819443065625108	0.9094057996784898	B7H3 upregulated	B7H3 up, Day 21
NovelmiRNA-1309	Tal1	myeloid cell homeostasis;myeloid cell differentiation;regulation of myeloid cell differentiation;myeloid cell development	ENSMUST00000030489	163	-35.63	23	3030	2047	ENSMUSG00000028717	31.05865719860552	-1.1842400216585864	1.172382623913451	-1.0101139316664	0.3124407082715723	0.8806891626030071	31.05865719860552	-2.422364103927796	1.1177025199029786	-2.167270862141447	0.03021420690184221	1	Not DE	38.84615841060113	3.249530267463741	0.7616826160952769	4.2662523717848195	1.987839059756152e-5	0.00145440949159481	38.84615841060113	0.9247035756359764	0.7856610757962023	1.1769751666758672	0.23920541824372543	0.7946043357526269	B7H3 upregulated	B7H3 up, Day 21
NovelmiRNA-1309	Vav1	T cell activation;regulation of T cell activation	ENSMUST00000005889	150	-27.1	23	327	272	ENSMUSG00000034116	117.99996892214762	1.5302302571240052	0.9920854921763772	1.542437893902751	0.12296721911842448	0.6672646347974759	117.99996892214762	0.20094814115218343	0.9396189844090224	0.2138613038758159	0.8306552170995651	1	Not DE	140.17397923643185	3.0315780763692945	0.9936094602177646	3.051076099562174	0.00228022773784906	0.03160775191827311	140.17397923643185	1.1989293376085266	0.9972394967012302	1.2022481475858773	0.22926740003622223	0.7870554388839872	B7H3 upregulated	B7H3 up, Day 21
mmu-let-7a-5p	Ccr2	T cell activation;alpha-beta T cell activation	ENSMUST00000171719	154	-25.41	22	777	271	ENSMUSG00000049103	29.589515879348593	4.783644220120774	1.8924259281186204	2.527784125678565	0.01147849054506834	0.2055192719207536	29.589515879348593	-0.09478952720596734	1.8718736836992105	-0.05063884813992554	0.9596133061818132	1	Not DE	17.22240769887499	5.019508078291508	1.7174306259017054	2.9226846211945867	0.0034702781963155	0.04115612635630333	17.22240769887499	2.8096769506349095	1.7389391996561514	1.61574191391538	0.10615012483092542	0.6503797395198946	B7H3 upregulated	B7H3 up, Day 21
mmu-let-7a-5p	Cd274	T cell activation;alpha-beta T cell activation	ENSMUST00000016640	150	-21.12	22	2683	2207	ENSMUSG00000016496	359.53192148563187	3.464676450676347	1.7907863714015095	1.9347234857303577	0.05302423676366141	0.4634283674491061	359.53192148563187	4.237040049462083	1.6904624988574963	2.5064383577427467	0.01219543202445617	0.976241334192727	Not DE	120.06335047317955	3.971221469791405	0.9258821411599664	4.289122009434341	1.793808170851972e-5	0.00135512727833792	120.06335047317955	1.8334708723313615	0.93142119209221	1.9684659184239917	0.04901445380521578	0.5275416381149034	B7H3 upregulated	B7H3 up, Day 21
mmu-let-7a-5p	Pag1	T cell activation	ENSMUST00000161949	150	-20.13	22	6288	5817	ENSMUSG00000027508	313.67161922635586	-1.34590762322492	0.9807283442472576	-1.3723551798209217	0.16995289563154367	0.7557317631510228	313.67161922635586	-0.5706690037467649	0.9236401396808536	-0.6178477734239103	0.5366756885810251	1	Not DE	220.83336512426865	-1.2155383480584765	0.2839603780377568	-4.280661817885212	1.863383382135941e-5	0.00138516467094457	220.83336512426865	-0.7376860962378363	0.2828263271779606	-2.608265304006398	0.00910023923562851	0.2776340661053369	B7H3 downregulated	B7H3 down, Day 21
mmu-let-7a-5p	Pycard	T cell activation	ENSMUST00000033056	157	-20.9	22	3004	1730	ENSMUSG00000030793	80.85716579399985	1.9953611567378	1.2346074724787963	1.616190733668242	0.10605308161086306	0.6363977224493479	80.85716579399985	1.5731748872911078	1.168033124417779	1.346858110787977	0.17802593487389867	1	Not DE	123.8797114310008	2.976183001025126	0.9095871812966274	3.2720151099563006	0.00106783868931896	0.01943654672115921	123.8797114310008	1.5545432676537436	0.9128248186938844	1.7030028498546546	0.08856753508201742	0.6144060940964128	B7H3 upregulated	B7H3 up, Day 21
mmu-let-7a-5p	Rasal3	T cell activation;alpha-beta T cell activation	ENSMUST00000136375	152	-21.58	22	1830	732	ENSMUSG00000052142	33.61222731016652	1.8758253317092584	1.0416439109310718	1.8008316585199975	0.07172941733974796	0.5414762030759921	33.61222731016652	1.726112617259176	0.9917958098340685	1.7403911169456965	0.0817903642609651	1	Not DE	48.683971946529546	3.0777691677354335	0.9612798841363794	3.2017409482156416	0.00136599781191771	0.0226455872762522	48.683971946529546	1.6127015961321691	0.9693006314574004	1.6637785469172526	0.0961566926809593	0.6345206100625553	B7H3 upregulated	B7H3 up, Day 21
mmu-let-7a-5p	Rc3h2	T cell activation;alpha-beta T cell activation	ENSMUST00000125619	156	-20.05	22	4140	144	ENSMUSG00000075376	912.1328964691196	0.5813273822179945	0.5895331127329562	0.9860809675695372	0.32409338234703466	0.8857571775841461	912.1328964691196	0.7358786131282955	0.5559370281865488	1.323672602864233	0.18561180119745332	1	Not DE	725.5015202251338	-0.7844591357698583	0.2637959407303591	-2.9737346738466255	0.00294199344757003	0.03717749258092803	725.5015202251338	-0.5393036957135837	0.2637800337926391	-2.0445205346267312	0.04090215090584098	0.4931705465196694	B7H3 downregulated	B7H3 down, Day 21
mmu-let-7a-5p	Ripor2	T cell activation	ENSMUST00000238974	156	-21.06	22	357	170	ENSMUSG00000036006	709.0159838701978	-0.18031580753270307	1.2009947960115326	-0.1501387084536306	0.8806551811623685	0.9930322168113752	709.0159838701978	1.3807913857846268	1.131784640360066	1.2200124798878185	0.22246014397698513	1	Not DE	490.09553385021536	-2.1499323560335775	0.745645858362963	-2.883315627546932	0.00393512931723002	0.04472809983572032	490.09553385021536	-0.7995996887471194	0.7445266605189075	-1.0739705253668526	0.28283589211000665	0.819215121335888	B7H3 downregulated	B7H3 down, Day 21
mmu-let-7a-5p	Rora	T cell activation;alpha-beta T cell activation	ENSMUST00000034766	156	-21.05	22	9285	2035	ENSMUSG00000032238	1341.034226408193	-2.2327574777161052	0.779913337867457	-2.862827662136422	0.00419878871853462	0.11959103186975226	1341.034226408193	-2.3077607096601493	0.7352568446579674	-3.1387136705047496	0.00169691169725579	0.38953627946679154	Not DE	1054.329804139525	-1.5478297488442816	0.49554329591827073	-3.1235005328365153	0.00178713541653952	0.02695789332870979	1054.329804139525	-1.6069711858936218	0.4957394930626681	-3.2415637817471183	0.00118875829601246	0.11260608826582603	B7H3 downregulated	B7H3 down, Day 21
mmu-let-7a-5p	Slamf7	T cell activation	ENSMUST00000192195	149	-20.99	22	2522	639	ENSMUSG00000038179	14.51034846256597	7.693155399211485	2.9182064187441576	2.636261557714692	0.00838250900712068	0.1753341467322743	14.51034846256597	4.244565813910542	2.866046532376771	1.4809828681987882	0.13861113875836997	1	Not DE	13.108314265499963	7.322226204348124	2.394706974701771	3.057671056084016	0.00223064289309355	0.03119207488732172	13.108314265499963	2.6406472836921173	2.504290643740047	1.0544492071209544	0.2916773036804621	0.8218700360435369	B7H3 upregulated	B7H3 up, Day 21
mmu-miR-185-5p	Arid1a	T cell activation;regulation of T cell activation	ENSMUST00000105897	159	-20.21	22	1323	726	ENSMUSG00000007880	1651.1659785162624	-0.5634089116574551	0.910408224638876	-0.6188530555959528	0.5360131667213367	0.9496193954809642	1651.1659785162624	0.3954030947596346	0.8581532669111099	0.4607604608706706	0.6449704719671704	1	Not DE	1012.9924873018394	-0.8483745394226724	0.2674761946889521	-3.171775867415964	0.00151509890783366	0.02412733342174871	1012.9924873018394	-0.12961895711786942	0.2670036989179513	-0.48545753352166326	0.6273518293598355	0.9462715778749184	B7H3 downregulated	B7H3 down, Day 21
mmu-miR-185-5p	Btk	antigen receptor-mediated signaling pathway	ENSMUST00000033617	159	-28.12	22	400	17 132	ENSMUSG00000031264	18.44156858036756	1.88400939272204	1.3872113700017534	1.3581271271728823	0.17442334880594557	0.763262510274778	18.44156858036756	1.2903167896700272	1.3235410686582116	0.9748974325202716	0.3296111398155831	1	Not DE	27.355104043376663	4.337923535946608	1.1037802989547592	3.930060665201642	8.492443215267783e-5	0.00380297746295268	27.355104043376663	2.1545867320248453	1.12460302246332	1.915864255197766	0.05538237633965869	0.5408570699761734	B7H3 upregulated	B7H3 up, Day 21
mmu-miR-185-5p	Cbfa2t3	myeloid cell differentiation	ENSMUST00000127984	157	-22.79	22	5566	87	ENSMUSG00000006362	324.89142467129625	0.6149184241454677	1.4763574186492887	0.4165105389642389	0.677036457134362	0.9727138580991316	324.89142467129625	1.5540105383165688	1.3917073228238244	1.1166216580390087	0.2641561272714404	1	Not DE	238.78376277924093	-1.847783720364667	0.5589587661245429	-3.305760339310893	9.471906598477872e-4	0.01788881221810089	238.78376277924093	-0.7754583119278667	0.55683769958164	-1.3926110112703929	0.1637374514251718	0.7202009499278119	B7H3 downregulated	B7H3 down, Day 21
mmu-miR-185-5p	Cd44	T cell activation;regulation of T cell activation;T cell proliferation;regulation of T cell proliferation;alpha-beta T cell activation	ENSMUST00000005218	159	-20.96	22	2992	1739	ENSMUSG00000005087	486.2854633426651	5.300725301271219	1.4061874362546445	3.7695723661061913	1.6352749083207486e-4	0.01631618392997795	486.2854633426651	1.4683761796054589	1.3310994098097189	1.1031303663603635	0.2699705554217353	1	B7H3 upregulated	319.5649817267466	2.315526280133496	1.0576927375629464	2.189223956920374	0.02858056621383206	0.15267066470763296	319.5649817267466	-1.1840786261187697	1.062865200466497	-1.1140440251492585	0.26526030015643354	0.8112908955599104	Not DE	B7H3 up, Day 14
mmu-miR-185-5p	Cd47	T cell activation;regulation of T cell activation	ENSMUST00000084838	161	-21.46	22	4133	2401	ENSMUSG00000055447	3093.0313366560877	0.4010677108884621	0.6094149700156818	0.6581192301169458	0.510461519991324	0.9448184540853044	3093.0313366560877	0.5067026611753482	0.5745908964409743	0.8818494416007512	0.3778582307822959	1	Not DE	2417.7597662041926	-0.7595799844128786	0.2447849618567279	-3.1030500348197823	0.00191537254701417	0.02815888374070595	2417.7597662041926	-0.6986089251811398	0.2448643391927709	-2.853044781793056	0.00433025188887854	0.20650423992429975	B7H3 downregulated	B7H3 down, Day 21
mmu-miR-185-5p	Cd79b	antigen receptor-mediated signaling pathway	ENSMUST00000044228	154	-21.02	22	466	376	ENSMUSG00000040592	12.416112625765598	4.266907522134093	2.461044062257983	1.7337794099546713	0.0829572303282581	0.5738853690628979	12.416112625765598	3.530933063421533	2.373147358252523	1.4878692851258717	0.13678536924915602	1	Not DE	13.620476861356114	5.683443345029795	1.9469506385354245	2.9191512268154436	0.00350985907239815	0.04151360693212483	13.620476861356114	3.5554097246866205	1.9694017068513991	1.805324790934028	0.07102387246343954	0.5805088169173132	B7H3 upregulated	B7H3 up, Day 21
mmu-miR-185-5p	Creb1	myeloid cell differentiation;regulation of myeloid cell differentiation	ENSMUST00000087366	152	-20.72	22	7170	6234	ENSMUSG00000025958	713.2778725936959	-0.0577030366366898	0.7707720723223914	-0.07486394319247507	0.9403229651829424	0.9950521178807944	713.2778725936959	0.2761930703280038	0.7266054052531352	0.3801142522904622	0.7038606066312287	1	Not DE	540.4993454407593	-0.9759458889465198	0.30458252656411594	-3.2042083961802024	0.0013543440702275	0.02251263882031119	540.4993454407593	-0.8797396839918037	0.3048217097345267	-2.8860794880980776	0.00390073626033953	0.19745901565448504	B7H3 downregulated	B7H3 down, Day 21
mmu-miR-185-5p	Cxcl12	T cell activation;T cell proliferation	ENSMUST00000112871	160	-27.98	22	2768	2361 1058	ENSMUSG00000061353	550.1167589588011	-0.8501174982475481	1.404687194876975	-0.6052005751515397	0.5450457337193855	0.9528365073966926	550.1167589588011	-0.03389935100412599	1.3240064375442335	-0.02560361493936728	0.9795735027118776	1	Not DE	284.1876932079057	-1.2390013879994086	0.39575850560187287	-3.1307005925624387	0.00174389856202651	0.02656443514483672	284.1876932079057	-0.4766421185470679	0.3944012800141238	-1.2085207191264669	0.2268470311074576	0.7861783090997645	B7H3 downregulated	B7H3 down, Day 21
mmu-miR-185-5p	Dab2	myeloid cell differentiation	ENSMUST00000078019	155	-23	22	1936	939	ENSMUSG00000022150	133.51861694661338	0.7371743037674934	1.0718391856009988	0.687765770901674	0.49160029445596226	0.9398918106073704	133.51861694661338	-0.47686085555646063	1.0133739431218782	-0.4705675124104792	0.6379496120455479	1	Not DE	110.42795901784788	1.6486059557503276	0.552118966160891	2.9859614626422983	0.00282688265263214	0.03633111149136641	110.42795901784788	0.0440447444394168	0.5596500433063941	0.07870051108939774	0.9372708389522236	0.9929470486879668	B7H3 upregulated	B7H3 up, Day 21
mmu-miR-185-5p	Dlk1	myeloid cell differentiation;regulation of myeloid cell differentiation	ENSMUST00000056110	153	-21.61	22	2976	2168	ENSMUSG00000040856	571.7875817558787	-6.989727919201759	1.6876456475772648	-4.141703520070111	3.44735782502213e-5	0.00678710456695674	571.7875817558787	-2.48614513019046	1.5759697996250266	-1.5775334849576388	0.11467282360445812	1	B7H3 downregulated	476.72645097149854	0.3515174331657025	1.109743692540714	0.3167555134834038	0.751429122319974	0.8965313050193844	476.72645097149854	-0.8862072452895643	1.1105049268679976	-0.7980218942287548	0.4248577847896496	0.8867000901158846	Not DE	B7H3 down, Day 14
mmu-miR-185-5p	Dock8	T cell activation;regulation of T cell activation;T cell proliferation	ENSMUST00000025831	147	-23.49	22	1385	713	ENSMUSG00000052085	158.81221892853577	2.9964138614389477	1.205819748738575	2.484960015436419	0.01295659865784107	0.22024846649688776	158.81221892853577	1.176357164006111	1.1416723749258015	1.0303806852491844	0.30283133647649607	1	Not DE	83.88117227204994	2.5488425723794035	0.7946323246851036	3.207574740166098	0.0013385927337333	0.02233070678967656	83.88117227204994	0.6480363100666116	0.8027798987028233	0.8072403296516828	0.41952803461246946	0.8854685455771781	B7H3 upregulated	B7H3 up, Day 21
mmu-miR-185-5p	Epsti1	myeloid cell differentiation;macrophage differentiation	ENSMUST00000022591	157	-23.75	22	678	135	ENSMUSG00000022014	242.18732253405315	4.0001665758310185	1.4819433663112926	2.6992708809027155	0.00694915877751125	0.16062055626178534	242.18732253405315	0.09663283301408532	1.4047324579726876	0.06879091635253165	0.9451560486607395	1	Not DE	116.0136467481698	4.37103671183647	1.219622617882517	3.5839255912008023	3.384685451589835e-4	0.00923315317210117	116.0136467481698	1.4680940757624157	1.2270856802471364	1.1964071453158347	0.23153771431899473	0.7888898182979727	B7H3 upregulated	B7H3 up, Day 21
mmu-miR-185-5p	Foxo3	T cell activation;regulation of T cell activation;myeloid cell differentiation;regulation of myeloid cell differentiation	ENSMUST00000105502	150	-21.76	22	4490	2928 1750	ENSMUSG00000048756	1359.4214538536012	0.17034719103187287	0.9443466226555332	0.1803862977270476	0.8568493107097062	0.9888170810712228	1359.4214538536012	0.5831101744928388	0.8903057390839184	0.654954976582349	0.5124967423980273	1	Not DE	947.4644954712584	-1.7629678805843778	0.46091369945813127	-3.82494137765268	1.3080320738234475e-4	0.00503280912213974	947.4644954712584	-1.1029476710343882	0.4605828225593895	-2.394678257659445	0.01663495521664993	0.35208320048383435	B7H3 downregulated	B7H3 down, Day 21
mmu-miR-185-5p	Hmga1	T cell activation;myeloid cell differentiation	ENSMUST00000232265	160	-23.73	22	1183	894	ENSMUSG00000046711	2947.5725714690207	1.872629159307311	1.197770491208989	1.5634290317313984	0.1179517160291942	0.6593059787015059	2947.5725714690207	-1.1096801972435353	1.1296446461143008	-0.9823267883936436	0.32593888126759585	1	Not DE	2128.349229471185	1.8125502369265665	0.49267583435408135	3.678991561059404	2.3415801516870537e-4	0.00721657139949456	2128.349229471185	-0.12704073607955252	0.4932417181682784	-0.2575628366378577	0.7967443142397701	0.978354018139267	B7H3 upregulated	B7H3 up, Day 21
mmu-miR-185-5p	Il33	myeloid cell differentiation;macrophage differentiation	ENSMUST00000120388	145	-21.87	22	1677	202	ENSMUSG00000024810	671.4195860810672	-2.49954521638283	0.6400455805199627	-3.90526126959933	9.412363761081668e-5	0.01181251652015749	671.4195860810672	-1.3611945367230205	0.6019644865807463	-2.26125388966851	0.0237435397795136	1	B7H3 downregulated	694.463592759633	0.7339748563069501	0.35318202267512067	2.078177283055279	0.03769303361693613	0.17938216049606687	694.463592759633	0.15713924251870645	0.35392286083935504	0.44399291457477136	0.6570477066141696	0.9518203407194896	Not DE	B7H3 down, Day 14
mmu-miR-185-5p	Il7	T cell activation;regulation of T cell activation	ENSMUST00000194279	147	-20.15	22	3846	736	ENSMUSG00000040329	12.902522758427104	5.1334945281157704	2.52348952640743	2.034284063553883	0.04192296302929892	0.41435207673534286	12.902522758427104	0.9791337632399736	2.4957852554789155	0.3923149081398383	0.6948255496780832	1	Not DE	6.873729987623057	6.3622112875789725	1.9963770488110584	3.18687859658975	0.00143817127632133	0.02334233624380413	6.873729987623057	2.2496493730474447	2.162225380769039	1.040432414241346	0.29813904876809577	0.8243655434222713	B7H3 upregulated	B7H3 up, Day 21
mmu-miR-185-5p	Itgal	T cell activation;regulation of T cell activation;T cell proliferation;regulation of T cell proliferation	ENSMUST00000117762	156	-24.02	22	1527	1150 336	ENSMUSG00000030830	80.1700891262204	4.928652803145603	1.6670617223023998	2.9564908948533586	0.00311161418508886	0.0991765283120388	80.1700891262204	2.582394150050223	1.5887075688228809	1.6254685259437602	0.10406276494293704	1	Not DE	46.050896809807426	4.286182042079407	1.100335636966211	3.895340565263385	9.806084821923464e-5	0.00415808882658335	46.050896809807426	1.8519516050820597	1.115244038659927	1.6605796945638531	0.09679788989072606	0.6361365244254765	B7H3 upregulated	B7H3 up, Day 21
mmu-miR-185-5p	Klf13	myeloid cell differentiation;regulation of myeloid cell differentiation	ENSMUST00000063694	146	-24.42	22	5157	2198 1244	ENSMUSG00000052040	2890.263909582951	0.20738254280523352	1.100557150424653	0.18843414240252257	0.8505363372882667	0.9882455559747562	2890.263909582951	0.7551395547866951	1.03759357335638	0.7277797146950225	0.4667484440225678	1	Not DE	1952.2896981915296	-1.3955653835389532	0.2777346251156455	-5.024815983811366	5.039154765675642e-7	1.2322059495436334e-4	1952.2896981915296	-0.3094499458952795	0.27726650649120926	-1.1160740249925956	0.26439044964642633	0.8112000875515022	B7H3 downregulated	B7H3 down, Day 21
mmu-miR-185-5p	Pla2g2f	T cell activation;regulation of T cell activation;T cell proliferation;regulation of T cell proliferation	ENSMUST00000030526	152	-23.43	22	1679	672	ENSMUSG00000028749	32.69335724237185	8.96108759509709	3.5021575486496728	2.5587334294975443	0.01050542636156403	0.19600368068776375	32.69335724237185	4.448132481957989	3.396077953804415	1.3097851528923308	0.19026852720365853	1	Not DE	32.25441956784425	5.594730136589826	1.714811239302162	3.262592411551132	0.00110398172535366	0.01991883144075004	32.25441956784425	1.2384584101716345	1.7656801978646344	0.7014058444272028	0.48304977568602336	0.9097589961371676	B7H3 upregulated	B7H3 up, Day 21
mmu-miR-185-5p	Ppp3ca	T cell activation;regulation of T cell activation;T cell proliferation;regulation of T cell proliferation;myeloid cell differentiation;regulation of myeloid cell differentiation	ENSMUST00000070198	152	-22.93	22	2502	728	ENSMUSG00000028161	24719.168635897204	0.8577199782312241	1.2175605180899227	0.7044577788846118	0.4811477346805912	0.936570362239046	24719.168635897204	2.1193932854809847	1.1479238927464104	1.8462837988416911	0.06485100888716963	1	Not DE	16591.133697440848	-1.2130198024176366	0.35273067242177364	-3.438940521076041	5.83995528435671e-4	0.01312330459546373	16591.133697440848	-0.20906365722141823	0.3526931772683391	-0.5927635426368246	0.5533394095502333	0.9281177905963336	B7H3 downregulated	B7H3 down, Day 21
mmu-miR-185-5p	Rabgap1l	myeloid cell differentiation	ENSMUST00000195442	154	-22.31	22	198	80	ENSMUSG00000026721	1318.4602904197554	0.30869916567566946	1.180742887098552	0.2614448658117587	0.7937494618727337	0.9829785083922854	1318.4602904197554	0.7406397335719264	1.1131961890783943	0.665327226986912	0.5058412197007955	1	Not DE	1005.7299392891292	-0.9752622000397416	0.30662418479658465	-3.1806434338724237	0.00146948374257835	0.02363940534546957	1005.7299392891292	-0.2684747542331543	0.3062073944666441	-0.8767742356476631	0.38060927582537063	0.8707901351470206	B7H3 downregulated	B7H3 down, Day 21
mmu-miR-185-5p	Rac2	T cell activation;regulation of T cell activation;T cell proliferation;regulation of T cell proliferation;myeloid cell differentiation	ENSMUST00000043214	158	-24.44	22	2321	118 74	ENSMUSG00000033220	103.57532074160076	2.8645328031378328	1.2598097145033027	2.2737821197602166	0.02297908982149233	0.30259537755635185	103.57532074160076	1.2968441838327336	1.1940275972872212	1.0861090537430689	0.27743074724299266	1	Not DE	209.1780106768649	4.571627085890499	1.0849007327560851	4.2138667141248245	2.5103546450131123e-5	0.00168525803001445	209.1780106768649	1.6178978470846417	1.0897116484756095	1.4847027186943522	0.13762259123213808	0.6904873802997453	B7H3 upregulated	B7H3 up, Day 21
mmu-miR-185-5p	Rasal3	T cell activation;regulation of T cell activation;T cell proliferation;regulation of T cell proliferation;alpha-beta T cell activation	ENSMUST00000063824	166	-20.89	22	421	312	ENSMUSG00000052142	33.61222731016652	1.8758253317092584	1.0416439109310718	1.8008316585199975	0.07172941733974796	0.5414762030759921	33.61222731016652	1.726112617259176	0.9917958098340685	1.7403911169456965	0.0817903642609651	1	Not DE	48.683971946529546	3.0777691677354335	0.9612798841363794	3.2017409482156416	0.00136599781191771	0.0226455872762522	48.683971946529546	1.6127015961321691	0.9693006314574004	1.6637785469172526	0.0961566926809593	0.6345206100625553	B7H3 upregulated	B7H3 up, Day 21
mmu-miR-185-5p	Ripor2	T cell activation;regulation of T cell activation;T cell proliferation;regulation of T cell proliferation	ENSMUST00000238974	146	-22.03	22	357	203	ENSMUSG00000036006	709.0159838701978	-0.18031580753270307	1.2009947960115326	-0.1501387084536306	0.8806551811623685	0.9930322168113752	709.0159838701978	1.3807913857846268	1.131784640360066	1.2200124798878185	0.22246014397698513	1	Not DE	490.09553385021536	-2.1499323560335775	0.745645858362963	-2.883315627546932	0.00393512931723002	0.04472809983572032	490.09553385021536	-0.7995996887471194	0.7445266605189075	-1.0739705253668526	0.28283589211000665	0.819215121335888	B7H3 downregulated	B7H3 down, Day 21
mmu-miR-185-5p	Rora	T cell activation;alpha-beta T cell activation	ENSMUST00000034766	146	-26.62	22	9285	7477 4119	ENSMUSG00000032238	1341.034226408193	-2.2327574777161052	0.779913337867457	-2.862827662136422	0.00419878871853462	0.11959103186975226	1341.034226408193	-2.3077607096601493	0.7352568446579674	-3.1387136705047496	0.00169691169725579	0.38953627946679154	Not DE	1054.329804139525	-1.5478297488442816	0.49554329591827073	-3.1235005328365153	0.00178713541653952	0.02695789332870979	1054.329804139525	-1.6069711858936218	0.4957394930626681	-3.2415637817471183	0.00118875829601246	0.11260608826582603	B7H3 downregulated	B7H3 down, Day 21
mmu-miR-185-5p	Rsad2	T cell activation;alpha-beta T cell activation	ENSMUST00000020970	145	-21.47	22	2660	1800	ENSMUSG00000020641	306.07389230010443	4.425444266806721	1.3456252726194835	3.288764232401683	0.00100628279056123	0.04837435927225522	306.07389230010443	1.717707765857674	1.2733911061419958	1.3489239539781523	0.17736139331247497	1	B7H3 upregulated	178.2569286664114	2.8768539356395872	1.0136198509055825	2.8381981006679826	0.00453690152181199	0.04868167345616051	178.2569286664114	0.9822554133938526	1.0165740309470452	0.966240906703842	0.33392364798157625	0.8497605608795208	B7H3 upregulated	B7H3 up, multiple
mmu-miR-185-5p	Runx3	T cell activation;regulation of T cell activation;alpha-beta T cell activation	ENSMUST00000056977	158	-21.82	22	2158	311	ENSMUSG00000070691	24.252987969488572	8.483991705880026	2.7115912875758	3.128787050154904	0.00175529468562642	0.06681459672798677	24.252987969488572	4.577876590529851	2.673503135942126	1.712313903427173	0.08683883582045797	1	Not DE	10.653826732385753	6.9025101869410825	2.1858163876829537	3.157863682346164	0.00158929857104246	0.02488249759414759	10.653826732385753	3.941800843210057	2.2313266818129174	1.7665727189742593	0.07729981316020769	0.5918451755645422	B7H3 upregulated	B7H3 up, Day 21
mmu-miR-185-5p	Slamf7	T cell activation	ENSMUST00000192195	157	-22.44	22	2522	609	ENSMUSG00000038179	14.51034846256597	7.693155399211485	2.9182064187441576	2.636261557714692	0.00838250900712068	0.1753341467322743	14.51034846256597	4.244565813910542	2.866046532376771	1.4809828681987882	0.13861113875836997	1	Not DE	13.108314265499963	7.322226204348124	2.394706974701771	3.057671056084016	0.00223064289309355	0.03119207488732172	13.108314265499963	2.6406472836921173	2.504290643740047	1.0544492071209544	0.2916773036804621	0.8218700360435369	B7H3 upregulated	B7H3 up, Day 21
mmu-miR-185-5p	Tnfsf13b	T cell activation;regulation of T cell activation;T cell proliferation;regulation of T cell proliferation	ENSMUST00000208683	146	-21.45	22	958	622	ENSMUSG00000031497	44.48613622817032	1.7980452380846417	1.3812150364619389	1.3017851606151327	0.19298983797666264	0.7822020530162973	44.48613622817032	-0.9551073399871842	1.3208275895159014	-0.7231128025855684	0.4696105843603752	1	Not DE	47.46462148502573	2.365123818661726	0.6551603450249435	3.609992327254911	3.062060627297776e-4	0.00863510389949952	47.46462148502573	-0.12483485280484764	0.6819895171473995	-0.1830451197065348	0.8547626162348271	0.98568101216781	B7H3 upregulated	B7H3 up, Day 21
mmu-miR-204-5p	Ccr2	T cell proliferation;T cell activation;regulation of T cell proliferation;regulation of T cell activation	ENSMUST00000171719	159	-21.92	22	777	582	ENSMUSG00000049103	29.589515879348593	4.783644220120774	1.8924259281186204	2.527784125678565	0.01147849054506834	0.2055192719207536	29.589515879348593	-0.09478952720596734	1.8718736836992105	-0.05063884813992554	0.9596133061818132	1	Not DE	17.22240769887499	5.019508078291508	1.7174306259017054	2.9226846211945867	0.0034702781963155	0.04115612635630333	17.22240769887499	2.8096769506349095	1.7389391996561514	1.61574191391538	0.10615012483092542	0.6503797395198946	B7H3 upregulated	B7H3 up, Day 21
mmu-miR-204-5p	Cd47	T cell activation;regulation of T cell activation	ENSMUST00000084838	147	-21.59	22	4133	3719	ENSMUSG00000055447	3093.0313366560877	0.4010677108884621	0.6094149700156818	0.6581192301169458	0.510461519991324	0.9448184540853044	3093.0313366560877	0.5067026611753482	0.5745908964409743	0.8818494416007512	0.3778582307822959	1	Not DE	2417.7597662041926	-0.7595799844128786	0.2447849618567279	-3.1030500348197823	0.00191537254701417	0.02815888374070595	2417.7597662041926	-0.6986089251811398	0.2448643391927709	-2.853044781793056	0.00433025188887854	0.20650423992429975	B7H3 downregulated	B7H3 down, Day 21
mmu-miR-204-5p	Clec4a2	T cell activation	ENSMUST00000041779	148	-24.67	22	1492	1201	ENSMUSG00000030148	11.553815539736004	1.410814298677371	1.3430429537689672	1.0504610405186356	0.29350619409482753	0.8654511660903524	11.553815539736004	0.2352907460526702	1.2947888757260912	0.181721321880159	0.8558014321317976	1	Not DE	27.44967803279009	4.429511929534033	1.4325063632676605	3.092141189118326	0.00198718308607309	0.02882889185915877	27.44967803279009	1.9100064165366315	1.4528866965419247	1.3146286087433496	0.18863475040548697	0.7481827439114564	B7H3 upregulated	B7H3 up, Day 21
mmu-miR-204-5p	Cxcl12	T cell proliferation;T cell activation	ENSMUST00000112871	146	-22.34	22	2768	2009	ENSMUSG00000061353	550.1167589588011	-0.8501174982475481	1.404687194876975	-0.6052005751515397	0.5450457337193855	0.9528365073966926	550.1167589588011	-0.03389935100412599	1.3240064375442335	-0.02560361493936728	0.9795735027118776	1	Not DE	284.1876932079057	-1.2390013879994086	0.39575850560187287	-3.1307005925624387	0.00174389856202651	0.02656443514483672	284.1876932079057	-0.4766421185470679	0.3944012800141238	-1.2085207191264669	0.2268470311074576	0.7861783090997645	B7H3 downregulated	B7H3 down, Day 21
mmu-miR-204-5p	H2-Eb2	T cell activation;regulation of T cell activation	ENSMUST00000050325	145	-21.4	22	2501	380	ENSMUSG00000067341	51.316307929285045	5.201476274800097	1.9803880768734936	2.6264934310308745	0.00862696576298991	0.17732571678946257	51.316307929285045	-0.5235688933859487	1.9479544239039883	-0.2687788209832134	0.7880998922109608	1	Not DE	22.431023679941255	8.091460222035884	2.1760408900874197	3.7184320657277814	2.0046318587286783e-4	0.0066406556974356	22.431023679941255	3.5117448738405432	2.2423642164687685	1.5660903113102522	0.11732747597864623	0.66895929694601	B7H3 upregulated	B7H3 up, Day 21
mmu-miR-204-5p	Pla2g2f	T cell proliferation;T cell activation;regulation of T cell proliferation;regulation of T cell activation	ENSMUST00000030526	152	-26.84	22	1679	898	ENSMUSG00000028749	32.69335724237185	8.96108759509709	3.5021575486496728	2.5587334294975443	0.01050542636156403	0.19600368068776375	32.69335724237185	4.448132481957989	3.396077953804415	1.3097851528923308	0.19026852720365853	1	Not DE	32.25441956784425	5.594730136589826	1.714811239302162	3.262592411551132	0.00110398172535366	0.01991883144075004	32.25441956784425	1.2384584101716345	1.7656801978646344	0.7014058444272028	0.48304977568602336	0.9097589961371676	B7H3 upregulated	B7H3 up, Day 21
mmu-miR-204-5p	Pnp	T cell proliferation;T cell activation;regulation of T cell proliferation;regulation of T cell activation	ENSMUST00000048615	149	-23.28	22	1791	505	ENSMUSG00000115338	429.41457474022747	1.713172673466174	1.2203492282508144	1.4038380439030125	0.16036708238317476	0.7389857271232001	429.41457474022747	-0.4912689432569244	1.1521488288574586	-0.4263936489386504	0.6698210284682694	1	Not DE	324.20066608510615	1.993376234698031	0.6527182739400343	3.0539611257783843	0.00225841343480315	0.03145136708787027	324.20066608510615	0.4480871887063418	0.654737708444157	0.684376633463077	0.4937373671506473	0.9124021531593935	B7H3 upregulated	B7H3 up, Day 21
mmu-miR-204-5p	Pycard	T cell proliferation;T cell activation;regulation of T cell proliferation;regulation of T cell activation	ENSMUST00000033056	149	-24.32	22	3004	2721	ENSMUSG00000030793	80.85716579399985	1.9953611567378	1.2346074724787963	1.616190733668242	0.10605308161086306	0.6363977224493479	80.85716579399985	1.5731748872911078	1.168033124417779	1.346858110787977	0.17802593487389867	1	Not DE	123.8797114310008	2.976183001025126	0.9095871812966274	3.2720151099563006	0.00106783868931896	0.01943654672115921	123.8797114310008	1.5545432676537436	0.9128248186938844	1.7030028498546546	0.08856753508201742	0.6144060940964128	B7H3 upregulated	B7H3 up, Day 21
mmu-miR-204-5p	Rora	T cell activation	ENSMUST00000034766	152	-23.11	22	9285	511 1399	ENSMUSG00000032238	1341.034226408193	-2.2327574777161052	0.779913337867457	-2.862827662136422	0.00419878871853462	0.11959103186975226	1341.034226408193	-2.3077607096601493	0.7352568446579674	-3.1387136705047496	0.00169691169725579	0.38953627946679154	Not DE	1054.329804139525	-1.5478297488442816	0.49554329591827073	-3.1235005328365153	0.00178713541653952	0.02695789332870979	1054.329804139525	-1.6069711858936218	0.4957394930626681	-3.2415637817471183	0.00118875829601246	0.11260608826582603	B7H3 downregulated	B7H3 down, Day 21
mmu-miR-204-5p	Slc11a1	T cell proliferation;T cell activation	ENSMUST00000027368	149	-21.26	22	556	330	ENSMUSG00000026177	91.02255480253118	1.9657809325185245	1.1904053798352947	1.6513542074133698	0.09866626952677236	0.6202062118194751	91.02255480253118	1.637393609889468	1.1258692118181264	1.4543373179601375	0.14585280900236455	1	Not DE	116.06981688088256	4.020531282204691	1.025928727131672	3.918918708364308	8.894710530913926e-5	0.00392346736287246	116.06981688088256	1.3326902126134892	1.0336038480880183	1.2893626654725858	0.19727203448773672	0.7582918172152419	B7H3 upregulated	B7H3 up, Day 21
mmu-miR-204-5p	Spn	T cell proliferation;T cell activation;regulation of T cell proliferation;regulation of T cell activation	ENSMUST00000049931	156	-22.98	22	2444	1317 1283	ENSMUSG00000051457	39.620810252424974	9.203548379468163	2.620792760167385	3.511742141290238	4.4517971009000375e-4	0.02907059700360089	39.620810252424974	5.16570093216727	2.5822573371003377	2.000459387974061	0.04545068107789307	1	B7H3 upregulated	17.16368896790872	4.058807564780575	1.4083275082710498	2.882005457497183	0.00395152889330155	0.04484965740210363	17.16368896790872	1.4270420463763116	1.444197849160542	0.9881208777632492	0.32309345203326284	0.8428157333640934	B7H3 upregulated	B7H3 up, multiple
mmu-miR-204-5p	Stat6	T cell activation	ENSMUST00000092074	166	-24.83	22	976	188	ENSMUSG00000002147	196.74613273330544	1.2195222368007883	0.9727498994480916	1.2536852869300812	0.20995641781434296	0.7992707170261443	196.74613273330544	0.20723471569314425	0.9191349721944636	0.2254671206758294	0.8216159007769869	1	Not DE	133.2408236061892	1.688736299771144	0.5822676713201901	2.9002748786348205	0.00372835545680495	0.04311621518933617	133.2408236061892	0.695879485047522	0.5856996870213589	1.1881165390176232	0.23478749921035855	0.7911163534881657	B7H3 upregulated	B7H3 up, Day 21
mmu-miR-467d-5p	Atf2	T cell activation	ENSMUST00000124737	155	-30.31	21	2514	1237 1253	ENSMUSG00000027104	1242.3621092694618	-0.2897779202365572	0.8452014933294235	-0.34285069598618667	0.7317107849174378	0.9759026836962544	1242.3621092694618	0.22698824746936833	0.7967507362106374	0.28489242262759495	0.7757265614042179	1	Not DE	952.0308205682576	-0.8511657208769011	0.24544758572222772	-3.467810524077278	5.247171182285172e-4	0.01215701916425891	952.0308205682576	-0.2749159090458298	0.24505830529899356	-1.1218387751045908	0.26193099634304196	0.8107446156400318	B7H3 downregulated	B7H3 down, Day 21
mmu-miR-467d-5p	Cd1d1	T cell activation;T cell selection;regulation of macrophage activation	ENSMUST00000063869	151	-30.31	21	746	479 495	ENSMUSG00000028076	14.870847497947928	0.9731257386673732	1.5477802115696913	0.6287234656401708	0.5295301129032701	0.9474665437880356	14.870847497947928	-0.2781135050091177	1.477867499119946	-0.18818568320551823	0.8507310951336136	1	Not DE	23.951283273674104	3.7436064394005624	0.910686959818239	4.110750021223249	3.94375984994205e-5	0.00225510255542532	23.951283273674104	1.0322679193315532	0.9525405987845014	1.0836996561078749	0.27849798815668597	0.8188136236556002	B7H3 upregulated	B7H3 up, Day 21
mmu-miR-467d-5p	Efnb2	T cell activation	ENSMUST00000001319	162	-24.88	21	3154	2070	ENSMUSG00000001300	1053.9270224360512	1.205960070781718	1.5274445528474196	0.7895278873027507	0.4298035371243656	0.9226290385935116	1053.9270224360512	2.9577139826397763	1.4400069456689983	2.053958136476683	0.03997974370172595	1	Not DE	522.7278898852492	-1.5581248693023084	0.46150503292284306	-3.3761817491658954	7.349934897556055e-4	0.01536458831678084	522.7278898852492	-0.14307103702366186	0.4599823668829522	-0.3110359164269181	0.7557733175187873	0.9708292205254052	B7H3 downregulated	B7H3 down, Day 21
mmu-miR-467d-5p	Loxl3	T cell activation;T cell selection	ENSMUST00000000707	183	-27.88	21	1689	1480 1445	ENSMUSG00000000693	121.66247006559747	2.1723365387155407	1.196473222937544	1.8156165111510705	0.06942921904465069	0.5341110640241957	121.66247006559747	-0.5098894401212073	1.13582136323391	-0.4489169306249447	0.653491582188401	1	Not DE	76.63172030613347	1.9420530948965276	0.66055946626129	2.9400125107409054	0.00328198994837946	0.03960552026018445	76.63172030613347	0.06469161721987883	0.6715056959854449	0.09633815112311578	0.9232520117714887	0.9904909584823532	B7H3 upregulated	B7H3 up, Day 21
mmu-miR-467d-5p	Ncor1	T cell activation	ENSMUST00000101066	154	-30.45	21	1417	1195	ENSMUSG00000018501	2750.4277536991844	0.5778449374788452	0.6270643763287039	0.9215081565659566	0.35678518473350834	0.9006495193795725	2750.4277536991844	0.6383183519871779	0.5912507801207679	1.079606781841025	0.28031732015696875	1	Not DE	1850.82877433091	-0.931885533680924	0.275715288534068	-3.3798834248024594	7.251658049518917e-4	0.0152448883701651	1850.82877433091	-0.3133470508430343	0.2755115405427251	-1.1373282230783428	0.25540110057295323	0.805490018867356	B7H3 downregulated	B7H3 down, Day 21
mmu-miR-467d-5p	Ntrk3	cellular response to macrophage colony-stimulating factor stimulus;response to macrophage colony-stimulating factor	ENSMUST00000039431	182	-30.31	21	16600	16338 11692 5388 5346 5362 11710 11726	ENSMUSG00000059146	1562.4534619028225	0.1341940570298483	1.646002824622183	0.08152723374618186	0.9350226675648784	0.9944588449084684	1562.4534619028225	1.3099679449851356	1.551769944787987	0.8441766444729746	0.39857070360667607	1	Not DE	1257.0955797704694	-1.3653330312213778	0.31604439553700825	-4.320067213663024	1.559816841020334e-5	0.00128754799496175	1257.0955797704694	-0.6201397317171067	0.31565942775095285	-1.964584856962932	0.04946230604865818	0.5285466428964739	B7H3 downregulated	B7H3 down, Day 21
mmu-miR-467d-5p	Pten	T cell activation	ENSMUST00000013807	151	-28.09	21	6132	5751 216	ENSMUSG00000013663	3097.0652938599483	0.6500318982830251	0.9020468124136688	0.7206188075136478	0.47114407910001493	0.9334261717003098	3097.0652938599483	0.8904503339421341	0.8504780894274534	1.0469997346334816	0.2950997005815371	1	Not DE	2194.9476384560985	-0.9364635427909522	0.21422638035348696	-4.371373596686499	1.2346732169968664e-5	0.00107723789036008	2194.9476384560985	-0.19005596831569224	0.21393312475499812	-0.8883896242498649	0.3743312046491556	0.8673980254956842	B7H3 downregulated	B7H3 down, Day 21
mmu-miR-467d-5p	Ptprc	T cell activation;gamma-delta T cell activation;T cell selection	ENSMUST00000182283	169	-23.36	21	1099	228 212	ENSMUSG00000026395	121.31752595465298	2.5197695044349793	1.326339807703166	1.8997918103645592	0.05746044610119735	0.4846863685194967	121.31752595465298	0.4208246551388454	1.2560512757455773	0.3350377992244376	0.7375965726964331	1	Not DE	109.60823127844344	3.37559172180997	0.9170855520714408	3.680781704809817	2.325200107067516e-4	0.00719486069016996	109.60823127844344	1.2776943647333288	0.9231375281687502	1.3840780227708014	0.1663345655174231	0.7235554766997025	B7H3 upregulated	B7H3 up, Day 21
mmu-miR-467d-5p	Rora	T cell activation;regulation of macrophage activation	ENSMUST00000034766	151	-30.31	21	9285	5795 5811 5841 3615	ENSMUSG00000032238	1341.034226408193	-2.2327574777161052	0.779913337867457	-2.862827662136422	0.00419878871853462	0.11959103186975226	1341.034226408193	-2.3077607096601493	0.7352568446579674	-3.1387136705047496	0.00169691169725579	0.38953627946679154	Not DE	1054.329804139525	-1.5478297488442816	0.49554329591827073	-3.1235005328365153	0.00178713541653952	0.02695789332870979	1054.329804139525	-1.6069711858936218	0.4957394930626681	-3.2415637817471183	0.00118875829601246	0.11260608826582603	B7H3 downregulated	B7H3 down, Day 21
mmu-miR-467d-5p	Rsad2	T cell activation	ENSMUST00000020970	151	-28.67	21	2660	1445	ENSMUSG00000020641	306.07389230010443	4.425444266806721	1.3456252726194835	3.288764232401683	0.00100628279056123	0.04837435927225522	306.07389230010443	1.717707765857674	1.2733911061419958	1.3489239539781523	0.17736139331247497	1	B7H3 upregulated	178.2569286664114	2.8768539356395872	1.0136198509055825	2.8381981006679826	0.00453690152181199	0.04868167345616051	178.2569286664114	0.9822554133938526	1.0165740309470452	0.966240906703842	0.33392364798157625	0.8497605608795208	B7H3 upregulated	B7H3 up, multiple
mmu-miR-467d-5p	Tnfrsf1b	T cell activation	ENSMUST00000030336	151	-30.31	21	2324	1741 1757	ENSMUSG00000028599	113.5790765773694	2.185119449772921	1.1119849860773376	1.965062008149225	0.04940706112222067	0.4501843618079143	113.5790765773694	0.4330619283072664	1.0540358655661206	0.410860713999205	0.6811746707926163	1	Not DE	85.8560275073175	2.1769820987280206	0.7670489621544405	2.838126646587782	0.00453791732622907	0.04868167345616051	85.8560275073175	0.1736512299380513	0.7761691093848938	0.2237286022316298	0.8229684886626136	0.9826173512559488	B7H3 upregulated	B7H3 up, Day 21
mmu-miR-467d-5p	Tnfrsf9	T cell activation	ENSMUST00000105672	151	-28.67	21	1232	235 639	ENSMUSG00000028965	59.662498758718	9.877641784077944	2.8939346670817865	3.4132221077535427	6.419959603836149e-4	0.03531857228630955	59.662498758718	4.261486959041678	2.846786521977311	1.4969464433468476	0.13440719417860736	1	B7H3 upregulated	26.228382957298138	4.439202313685531	1.6333746985651512	2.7178101372484695	0.00657155355404907	0.06066853017806656	26.228382957298138	0.7407894496226597	1.675782543181357	0.44205583393673625	0.6584488032447264	0.9520112805160704	Not DE	B7H3 up, Day 14
mmu-miR-6958-3p	Cd44	T cell activation;regulation of T cell activation	ENSMUST00000005218	165	-24.59	23	2992	2825	ENSMUSG00000005087	486.2854633426651	5.300725301271219	1.4061874362546445	3.7695723661061913	1.6352749083207486e-4	0.01631618392997795	486.2854633426651	1.4683761796054589	1.3310994098097189	1.1031303663603635	0.2699705554217353	1	B7H3 upregulated	319.5649817267466	2.315526280133496	1.0576927375629464	2.189223956920374	0.02858056621383206	0.15267066470763296	319.5649817267466	-1.1840786261187697	1.062865200466497	-1.1140440251492585	0.26526030015643354	0.8112908955599104	Not DE	B7H3 up, Day 14
mmu-miR-6958-3p	Cd84	T cell activation;macrophage activation;regulation of macrophage activation	ENSMUST00000155802	161	-20.07	23	2121	1200	ENSMUSG00000038147	68.95307248743265	1.6297391817289728	1.079389134717578	1.5098717684937546	0.13107614765360362	0.6812058349749235	68.95307248743265	0.9225573785223306	1.022682636356245	0.9020954749064144	0.3670061524653882	1	Not DE	58.223608365441294	2.4853676467377364	0.8655108761567882	2.8715614271350987	0.00408449391050929	0.04575421026697088	58.223608365441294	0.7858935697471509	0.8747702581442772	0.8983999655113243	0.3689723548645793	0.8634538243211409	B7H3 upregulated	B7H3 up, Day 21
mmu-miR-6958-3p	Cgas	T cell activation;regulation of T cell activation	ENSMUST00000070742	161	-24.16	23	2399	2222	ENSMUSG00000032344	67.99473067934788	5.18275159434876	1.5510385632978472	3.3414717834797716	8.333548644154977e-4	0.04236396374041315	67.99473067934788	1.3519708034152538	1.4952757911567245	0.9041615007819982	0.36590977122304746	1	B7H3 upregulated	24.806806729854237	2.3400255092560385	1.1868268731333818	1.9716654233469268	0.04864781328183579	0.210053662181607	24.806806729854237	-0.2267455773345576	1.2171341820211892	-0.18629464251675268	0.852213708577225	0.985082642962426	Not DE	B7H3 up, Day 14
mmu-miR-6958-3p	Crtc3	macrophage activation	ENSMUST00000122255	153	-25.37	23	3116	874 394 2237	ENSMUSG00000030527	204.84098164532625	-0.4230862238713101	0.6427960461215133	-0.6581966806176192	0.5104117574891798	0.9448184540853044	204.84098164532625	-0.1048130379293998	0.6054560802032104	-0.17311418838872872	0.8625616726092131	1	Not DE	175.52246829409071	-1.0793333910096838	0.3723831073281981	-2.8984488548735867	0.0037501346730749	0.04323356250894794	175.52246829409071	-0.8063067316732991	0.3722123656484052	-2.166254552743535	0.03029174051794449	0.44493465807022986	B7H3 downregulated	B7H3 down, Day 21
mmu-miR-6958-3p	Epha8	macrophage colony-stimulating factor signaling pathway;cellular response to macrophage colony-stimulating factor stimulus;response to macrophage colony-stimulating factor	ENSMUST00000030420	145	-22.61	23	1629	293	ENSMUSG00000028661	83.05990088819814	-3.525591797203427	1.652249789309341	-2.133812829037893	0.03285810531745867	0.3655350441964378	83.05990088819814	-1.4939056838034637	1.5465359946531712	-0.9659689066199132	0.33405974005629757	1	Not DE	91.32424413401888	-2.2469956521054995	0.7412273692987643	-3.0314526219279547	0.00243380111996555	0.03306269006830404	91.32424413401888	-1.7264658868921456	0.7394921731289746	-2.3346641785092066	0.0195609709832523	0.3799473436775764	B7H3 downregulated	B7H3 down, Day 21
mmu-miR-6958-3p	Fes	myeloid cell differentiation;regulation of myeloid cell differentiation	ENSMUST00000205617	170	-29.39	23	2179	1516 447 111	ENSMUSG00000053158	57.818138060839544	-0.1028381473377704	1.0168872346265994	-0.10113033563208464	0.9194469971347708	0.9944588449084684	57.818138060839544	-0.5326973514690538	0.9612159800267271	-0.5541911105704275	0.5794480613736358	1	Not DE	68.42073937863579	2.614052729192537	0.7437655643026653	3.514619195422691	4.4038498902787586e-4	0.01085426344309555	68.42073937863579	1.0044888472904774	0.7522327243371392	1.335343192062834	0.18176404831080575	0.7385841252740053	B7H3 upregulated	B7H3 up, Day 21
mmu-miR-6958-3p	Foxo3	T cell activation;regulation of T cell activation;myeloid cell differentiation;regulation of myeloid cell differentiation	ENSMUST00000105502	154	-28.82	23	4490	2114	ENSMUSG00000048756	1359.4214538536012	0.17034719103187287	0.9443466226555332	0.1803862977270476	0.8568493107097062	0.9888170810712228	1359.4214538536012	0.5831101744928388	0.8903057390839184	0.654954976582349	0.5124967423980273	1	Not DE	947.4644954712584	-1.7629678805843778	0.46091369945813127	-3.82494137765268	1.3080320738234475e-4	0.00503280912213974	947.4644954712584	-1.1029476710343882	0.4605828225593895	-2.394678257659445	0.01663495521664993	0.35208320048383435	B7H3 downregulated	B7H3 down, Day 21
mmu-miR-6958-3p	H2-DMa	T cell activation;regulation of T cell activation	ENSMUST00000237402	184	-39.43	23	1862	344	ENSMUSG00000037649	813.441246744916	4.306377221972285	1.4271411343562006	3.0174851794983404	0.00254881504034057	0.087487531641092	813.441246744916	2.4154746900764796	1.3469112420836795	1.793343625478785	0.07291799578750353	1	Not DE	352.47114115795	2.7039480276473338	0.8509512392219903	3.1775593042434553	0.00148520312131648	0.02382924687576521	352.47114115795	1.0168999585604188	0.8524801499224742	1.192872301663443	0.23291938845396337	0.7899393985124676	B7H3 upregulated	B7H3 up, Day 21
mmu-miR-6958-3p	Igtp	T cell activation	ENSMUST00000094169	159	-23.36	23	1200	520	ENSMUSG00000078853	3847.245910578556	6.883886738466219	1.7442485996064154	3.94662018935807	7.926214180470741e-5	0.01107188735609408	3847.245910578556	5.076394464797249	1.645592158871375	3.0848436153699716	0.0020365920638266	0.4297783013100665	B7H3 upregulated	1373.2634781706631	6.1078480585909505	1.4396466455768413	4.2426022228139475	2.209428476382815e-5	0.00155194226192364	1373.2634781706631	2.4348467611568263	1.4405469607023356	1.6902238021936626	0.09098514633792784	0.6218259477610358	B7H3 upregulated	B7H3 up, multiple
mmu-miR-6958-3p	Il7	T cell activation;regulation of T cell activation	ENSMUST00000194279	161	-25.59	23	3846	133	ENSMUSG00000040329	12.902522758427104	5.1334945281157704	2.52348952640743	2.034284063553883	0.04192296302929892	0.41435207673534286	12.902522758427104	0.9791337632399736	2.4957852554789155	0.3923149081398383	0.6948255496780832	1	Not DE	6.873729987623057	6.3622112875789725	1.9963770488110584	3.18687859658975	0.00143817127632133	0.02334233624380413	6.873729987623057	2.2496493730474447	2.162225380769039	1.040432414241346	0.29813904876809577	0.8243655434222713	B7H3 upregulated	B7H3 up, Day 21
mmu-miR-6958-3p	Kmt2a	T cell activation	ENSMUST00000002095	145	-21.78	23	4547	85	ENSMUSG00000002028	950.0685210142816	-0.22389823305089623	0.6664628885793753	-0.33595003846073884	0.7369085424443802	0.9759026836962544	950.0685210142816	0.4370691472265846	0.6281069022389778	0.6958515272935044	0.4865218161679551	1	Not DE	599.8895506276259	-0.8690275973694358	0.2681425353000878	-3.240916613236599	0.00119146030756191	0.02081024281553628	599.8895506276259	-0.5257828783309716	0.2679582546704926	-1.9621820532363337	0.04974129260406714	0.5288225188851643	B7H3 downregulated	B7H3 down, Day 21
mmu-miR-6958-3p	Nr3c1	myeloid cell differentiation	ENSMUST00000115567	153	-25.14	23	3937	569 1522	ENSMUSG00000024431	1448.6648463939882	-0.1145085048929004	0.7688821071066552	-0.148928559833187	0.881610005030019	0.9932016765475654	1448.6648463939882	0.14650628716111114	0.7248788842358793	0.20211140143163175	0.8398296347463905	1	Not DE	967.7879950200036	-0.8832539923514279	0.25858829523094257	-3.4156766127507927	6.362375613214493e-4	0.01395966805147321	967.7879950200036	-0.32110433808119115	0.25823685893853043	-1.2434488995919262	0.2137024603268547	0.7737820897038333	B7H3 downregulated	B7H3 down, Day 21
mmu-miR-6958-3p	Ntrk3	macrophage colony-stimulating factor signaling pathway;cellular response to macrophage colony-stimulating factor stimulus;response to macrophage colony-stimulating factor	ENSMUST00000039431	157	-25.71	23	16600	13494 1833 9399	ENSMUSG00000059146	1562.4534619028225	0.1341940570298483	1.646002824622183	0.08152723374618186	0.9350226675648784	0.9944588449084684	1562.4534619028225	1.3099679449851356	1.551769944787987	0.8441766444729746	0.39857070360667607	1	Not DE	1257.0955797704694	-1.3653330312213778	0.31604439553700825	-4.320067213663024	1.559816841020334e-5	0.00128754799496175	1257.0955797704694	-0.6201397317171067	0.31565942775095285	-1.964584856962932	0.04946230604865818	0.5285466428964739	B7H3 downregulated	B7H3 down, Day 21
mmu-miR-6958-3p	Psg16	T cell activation	ENSMUST00000071399	154	-20.82	23	2781	2075	ENSMUSG00000066760	19.538230148168708	-1.0674940732012363	2.0541153550247397	-0.5196855525128867	0.6032827581992718	0.96413343641736	19.538230148168708	-1.5188464039088465	1.9396991171775544	-0.7830319612244354	0.43360834363892703	1	Not DE	31.73072550900891	-2.608284871805028	0.8901452005252297	-2.9301791104035733	0.00338766678074092	0.04048643051658482	31.73072550900891	-2.8143518091911126	0.8987962828283941	-3.1312454923986963	0.00174066587188748	0.13185003606449028	B7H3 downregulated	B7H3 down, Day 21
mmu-miR-6958-3p	Rabgap1l	myeloid cell differentiation	ENSMUST00000191941	156	-24.13	23	1539	598	ENSMUSG00000026721	1318.4602904197554	0.30869916567566946	1.180742887098552	0.2614448658117587	0.7937494618727337	0.9829785083922854	1318.4602904197554	0.7406397335719264	1.1131961890783943	0.665327226986912	0.5058412197007955	1	Not DE	1005.7299392891292	-0.9752622000397416	0.30662418479658465	-3.1806434338724237	0.00146948374257835	0.02363940534546957	1005.7299392891292	-0.2684747542331543	0.3062073944666441	-0.8767742356476631	0.38060927582537063	0.8707901351470206	B7H3 downregulated	B7H3 down, Day 21
mmu-miR-6958-3p	Runx3	T cell activation;regulation of T cell activation	ENSMUST00000056977	160	-25.66	23	2158	1717	ENSMUSG00000070691	24.252987969488572	8.483991705880026	2.7115912875758	3.128787050154904	0.00175529468562642	0.06681459672798677	24.252987969488572	4.577876590529851	2.673503135942126	1.712313903427173	0.08683883582045797	1	Not DE	10.653826732385753	6.9025101869410825	2.1858163876829537	3.157863682346164	0.00158929857104246	0.02488249759414759	10.653826732385753	3.941800843210057	2.2313266818129174	1.7665727189742593	0.07729981316020769	0.5918451755645422	B7H3 upregulated	B7H3 up, Day 21
mmu-miR-6958-3p	Slamf7	T cell activation	ENSMUST00000192195	148	-24.98	23	2522	2231	ENSMUSG00000038179	14.51034846256597	7.693155399211485	2.9182064187441576	2.636261557714692	0.00838250900712068	0.1753341467322743	14.51034846256597	4.244565813910542	2.866046532376771	1.4809828681987882	0.13861113875836997	1	Not DE	13.108314265499963	7.322226204348124	2.394706974701771	3.057671056084016	0.00223064289309355	0.03119207488732172	13.108314265499963	2.6406472836921173	2.504290643740047	1.0544492071209544	0.2916773036804621	0.8218700360435369	B7H3 upregulated	B7H3 up, Day 21
mmu-miR-6958-3p	Socs1	T cell activation;regulation of T cell activation;myeloid cell differentiation	ENSMUST00000229866	161	-31.95	23	1993	1540 1092	ENSMUSG00000038037	250.2241486601425	5.493660343843907	1.5852018919731317	3.4655903274287927	5.290687723937522e-4	0.03238533617768779	250.2241486601425	1.5296601304777444	1.5047573235984089	1.016549384069309	0.30936784339405554	1	B7H3 upregulated	80.41574263018202	3.060844473764041	1.0171448778804129	3.00925122893251	0.00261892456835551	0.03456682825164688	80.41574263018202	-0.13568910043505378	1.0335682327506517	-0.1312821893470373	0.8955520806842244	0.9870629419913526	B7H3 upregulated	B7H3 up, multiple
mmu-miR-6958-3p	Spn	T cell activation;regulation of T cell activation	ENSMUST00000049931	156	-29.8	23	2444	1191	ENSMUSG00000051457	39.620810252424974	9.203548379468163	2.620792760167385	3.511742141290238	4.4517971009000375e-4	0.02907059700360089	39.620810252424974	5.16570093216727	2.5822573371003377	2.000459387974061	0.04545068107789307	1	B7H3 upregulated	17.16368896790872	4.058807564780575	1.4083275082710498	2.882005457497183	0.00395152889330155	0.04484965740210363	17.16368896790872	1.4270420463763116	1.444197849160542	0.9881208777632492	0.32309345203326284	0.8428157333640934	B7H3 upregulated	B7H3 up, multiple
mmu-miR-6958-3p	Tcirg1	T cell activation;myeloid cell differentiation	ENSMUST00000135070	161	-25.89	23	2107	349 1841 158 594	ENSMUSG00000001750	154.53969837511815	1.4243734570666176	1.2476996672970715	1.141599612791658	0.253620485060354	0.836211694591968	154.53969837511815	-0.06188003993842579	1.1791200490996128	-0.05247984714166973	0.9581463528548486	1	Not DE	210.64109660411367	2.7898750609224128	0.5877286394059269	4.746876149752382	2.0658235767118585e-6	3.338370899966363e-4	210.64109660411367	0.9789828404725768	0.5917784217767306	1.6543064168060064	0.09806526986508032	0.6399376224557208	B7H3 upregulated	B7H3 up, Day 21
mmu-miR-6958-3p	Zeb1	T cell activation;regulation of T cell activation	ENSMUST00000025081	166	-24.27	23	2401	1122	ENSMUSG00000024238	1020.5389382370392	-0.571700082367731	0.7421677726873833	-0.7703111121325165	0.4411153663379483	0.9281044197580616	1020.5389382370392	0.14052116577798565	0.6994519559619353	0.2009018125980234	0.8407753503623143	1	Not DE	720.1552844315464	-0.8189084617195085	0.28187990276038144	-2.9051679587659027	0.00367056073196351	0.04276721043436355	720.1552844315464	-0.7131793417397078	0.2820529411867832	-2.528530065096612	0.01145412758349455	0.30406395268276093	B7H3 downregulated	B7H3 down, Day 21
