CellType	BA_0TFPN4X7	BA_8RWAXDMN	BA_9N6PPMTD	BA_CF4XNYZ2	BA_DW517KX8	BA_DY4AAVK3	BA_GYXN4QJA	BA_KHXQWS0J	BA_M94YPB6M	BA_QKAF661T	BA_W1SB4C0J	BA_YCQE6PJN	BA_YV8ZZHJ5	BA_Z5XSSDJD	Reference
fat cell	9.99999999999922e-06	2.31102285216384e-05	6.56499516061667e-07	1.21172632067539e-05	7.31427362907228e-06	1.50559477892398e-05	1.28265598012901e-05	1.74506271683815e-05	6.34815738094573e-07	0	1.07102005076979e-06	9.99999999999988e-06	1.48236342726826e-05	1.58113561443274e-05	MouseRNAseqData
neuron	0.1448326	0.248329533445576	0.396263142373857	0.352075001656902	0.475489181891353	0.401694037679276	0.263593009702663	0.36006973952437	0.522006157187052	0	0.470740340049953	0.4486466	0.487213433774307	0.210487100712231	MouseRNAseqData
astrocyte	0.02021	0.0452204159651484	0.0597516101633968	0.0805362396443649	0.0787451131790438	0.056552264504523	0.0516199393583574	0.059329127972688	0.0829865175809232	1.39730116210629e-20	0.075754124687791	0.07853	0.0838435389105802	0.0352781205485548	MouseRNAseqData
endothelial cell	0.00195	0.000180368402633277	0.000221602181696889	0.00352619894976611	0.000685093696916691	0	0.00238990026953722	0.000159110233092848	0.00133651606945656	0.0026	0.00182412213774235	0.00154	0.00174352742573238	0.00269810671198736	MouseRNAseqData
erythrocyte	9.99999999999975e-06	0	0	0	0	0	0	0	0	0	0	7.54899734314424e-21	0	0	MouseRNAseqData
fibroblast	0.000498541666666667	3.64346954901764e-28	6.02677862297118e-24	5.25168727331289e-25	5.39681384826763e-29	0.000190068845470374	0	3.65830895593127e-05	3.64250036280381e-05	0.00152	4.39684973669797e-05	0.000148541666666667	9.1377130582117e-05	0.00022581472578378	MouseRNAseqData
granulocyte	9.99999999999952e-06	6.44242941088251e-21	0	1.21267978604489e-25	6.7243740869109e-26	0	2.69070908690438e-28	0	0	0	0	0	0	0	MouseRNAseqData
macrophage	0.0438307669371418	0.000679333942727128	0.0022237996123461	0.00159833615994761	0.00115309655417778	0.00338374428827566	0	0.00420295951617858	0.00372493274404118	0.0274501122750155	0.00355247019179736	0.00601551596120543	0.00296606489512359	0.0127567007596492	MouseRNAseqData
Microglia	0.0052282255335055	3.12274996079514e-22	0	1.03849011762411e-22	0	0	2.93129895888277e-22	0	0	0.00172514105463453	0	0.00140035512058398	0	0	MouseRNAseqData
monocyte	0.0125731732089722	1.49241442729232e-23	0.000368183631360742	1.89415003894895e-05	0.000158163740931397	0.00055586838679825	0	0.000719654073232744	0.000833544388291615	0.0112957267167369	0.000671780576477901	0.00125164475974325	0.000400702364752962	0.00538230339372389	MouseRNAseqData
natural killer cell	0.00216454729670732	9.97884988273405e-06	2.77333763333971e-05	9.83941585437277e-06	8.06676962220787e-06	7.77821830820103e-05	0	0.000163427829829204	5.35641718166642e-05	0.0105794010139499	0.000270259143970082	0.000124242002233758	3.90307773180264e-05	0.00214913347524587	MouseRNAseqData
oligodendrocyte	0.0464	0.192480415965148	0.0750816101633968	0.200496239644365	0.0883251131790439	0.091932264504523	0.152009939358357	0.117709127972688	0.134786517580923	2.34701622832781e-20	0.0762041246877911	0.08296	0.0919235389105802	0.101198120548555	MouseRNAseqData
T cell	0.00575947142399644	0.000108751762509772	0.00103122994557133	0	0.000366365250341282	0.00140920333135154	4.51433819300815e-22	0.00069930320145779	0.000433762162744906	0.0147317301172447	0.000820458172753247	0.00110147687709415	0.000284122393524654	0.00360047502876133	MouseRNAseqData
Dendritic cells	0.0122617297580487	1.63840587692799e-20	0.00010778361525796	0	9.03192540045497e-05	0.000584925416618602	1.86935287891054e-20	0.000313209806409083	0.000308727674427284	0.0187487513304028	0.000947237027229858	0.000756383892779617	0.00052506318518647	0.00579983482625907	MouseRNAseqData
Cardiomyocytes	0	2.28300072607493e-06	3.8312159589992e-07	1.95334074239774e-06	9.35142103253295e-07	2.48672072022398e-21	1.87626336755469e-06	8.51500568999271e-07	7.25503974338075e-08	0	1.22402337686446e-07	0	5.51272696245476e-07	6.64155238441083e-07	MouseRNAseqData
hepatocyte	0	0	0	0	0	0	0	0	0	0	0	0	0	0	MouseRNAseqData
B cell	0.00239	2.99788498827339e-05	0.000229978868317938	2.98909863699396e-05	5.99484207473027e-05	0.000179968129261564	2.15960503707482e-24	0.000189953034129393	0.000309995998367233	0.00463	0.000139993248704037	0.00024	0.000119969593676078	0.000689963367459603	MouseRNAseqData
epithelial cell	2.71050543121376e-20	0.0170004159651484	0.000811610163396804	0.00104623964436491	0.00540511317904384	0.00182226450452297	0.00147993935835738	0.00582912797268804	0.00150651758092318	0.00732	0.00018412468779105	0.00348	0.00143353891058022	0.00106812054855483	MouseRNAseqData
B cell	0	0	0	0	0	0	0	0	0	0	0	0	0	0	TabulaMurisBlood
natural killer cell	0	0	0	8.46844517141387e-22	0	6.77488510560224e-21	0	0	0	9.99999999999999e-06	0	3.38742315334201e-21	0	0	TabulaMurisBlood
T cell	0.00147542582966813	2e-05	0.000609404238304678	0.000192407037185126	0.000506005597760896	0.00107820871651339	4.60011114590513e-27	0.000452415033986405	0.000550811675329868	0.00239400631747301	0.000855605757696921	0.00104121151539384	0.000564406237504998	0.00159761695321871	TabulaMurisBlood
macrophage	0.00372870851659336	0	0.000529788084766093	0.000879648140743702	0.000699720111955218	0.00108956417433027	0.000129688747007183	0.00187924830067973	0.0014594162335066	0.00128968412634946	0.000719712115153938	0.00143942423030788	0.0007796881247501	0.00211915233906437	TabulaMurisBlood
monocyte	0.0118108516593363	1e-05	0.000158808476609356	0.000114814074370252	8.20111955217913e-05	0.000406417433026789	0	0.000594830067972811	0.000431623350659736	0.00504841263494602	0.000451211515393842	0.000782423030787685	0.000358812475009996	0.00364523390643742	TabulaMurisBlood
granulocyte	0	0	0	0	0	0	0	0	0	0	0	0	0	0	TabulaMurisBlood
macrophage	0.0511424922617025	0.000839499577014885	0.003584471388669	0.00196453290447098	0.00179363831795413	0.00372311554882786	9.89858671205761e-22	0.0054615942019502	0.00802937039365258	0.0370538654941931	0.00648874439722405	0.0101648244617337	0.00507518561462585	0.014635464953087	ImmGenData
monocyte	0.0167886722833425	2.46891394148249e-27	0.000171425623636961	3.70604856311287e-05	0	0.000802514360293848	7.61221391012653e-22	0.00115869619175558	0.00133594698900894	0.0174787823982404	0.00127907128632072	0.00123382479670443	0.00132656969237857	0.00588257410047321	ImmGenData
B cell	0.00551	0.00020009477809449	0.00074	9.02359028032407e-05	0.000110808339853316	0.00047	0	0.000370996345118599	0.00045	0.0057	3e-04	0.000411045575170219	0.000290008032359077	0.00088	ImmGenData
dendritic cell	0.00641589269912745	0.000722930141600747	0.00109337376171057	0.00155851295269821	0.000941483044863899	0.00160009093363928	1.87967169071156e-23	0.00178344274027061	0.00663102833491045	0.00868553214450152	0.0023274998514291	0.00471621848654528	0.00233995368942996	0.00714296622568066	ImmGenData
stromal cell	0.00346083742156304	0.00183589006253654	0	0.00570790644609242	0.00293214756019302	0.0021804259863542	0.00387208386393783	0.00249324814603537	0.0039480752994866	0	0.00402575242441529	0.00570391785510554	0.0060068910439247	0.00130090587564176	ImmGenData
eosinophil	0.000428359818163963	0.000550025546311867	0.000240141015079395	0.000205090484246485	4.32245021199832e-05	0.000413945313748545	9.98496864678713e-23	0.000478541979917258	0.000203857094064012	0.000786347643116409	0.000135179909854469	0.000165059497048067	9.07002511739572e-05	0.000606262731187371	ImmGenData
fibroblast	0.00798231146605819	0.00442699803386721	0	0.00268422133485453	0.000368175397198594	0.00506416374962919	0.00231861038152609	0.00444299828864803	0.00430899258414147	0.0105589323951236	0.00129146377638334	0.00527746263548203	0.00446174557900742	0.00587775926982316	ImmGenData
neutrophil	0.00265023599409703	1.0017042001308e-05	0.000176428632840897	0.000139227906549351	8.26833272926605e-05	0.000253280950827211	0	0.000325860496005092	0.000472167771062314	0.00126585870003666	0.000243352681534985	0.000354295316735325	0.00043236313140878	0.00128744637290681	ImmGenData
endothelial cell	0.00779900057045066	0.00307292414087654	0.000459601040763226	0.00858249857387336	0.000900961143375463	0	0.0044868143318519	0.00257710439247005	0.00355145236737022	0.0113296111637234	0.00394070964061609	0.00367477923559612	0.00655351968054763	0.00897668454078722	ImmGenData
T cell	0.00536264390099314	8.35081891730069e-05	0.00128842038511247	5.76051965029765e-05	0.000534491493164568	0.00145192608669728	1.17542365043785e-20	0.000982900667301264	0.000285954893527178	0.012137377876771	0.00115151388117876	0.00142012383011427	0.000370132145539874	0.00374631810016291	ImmGenData
natural killer cell	0.00495077318808239	2.78780354002947e-05	7.39553786503324e-05	6.17866626347158e-06	3.83999970618541e-05	0.00021938695963263	0	0.000592442906105181	0.000416041277673861	0.0154064654787483	0.000986833425854829	0.000495752644836203	0.000165912245431739	0.00474418279804513	ImmGenData
basophil	0.00174357583712158	0.000384457562359623	0.000238330395519179	0.000246560614911532	6.74362733377316e-06	0.000163042805963572	0	0.000679197042085057	0.000380752977207	0.00130778442410174	0.000523850418544699	0.000345727927144832	0.000288943744767209	0.00156153619310026	ImmGenData
epithelial cell	0.00525	0.00271020109245184	0.00237	0.00032	0.00118034881967578	0.00265	0	0.00329	0.00292	0.00401	0.00316	0.00168	0.00302	0.00505	ImmGenData
mast cell	0.00165	0.000409993123207631	2e-04	0.00059	0.000269988071354929	1e-04	0	0.00061	3e-04	0.00043	0.00016	0.00049	0.00023	0.00115	ImmGenData
stem cell	0.0159065102186043	0.000682378179048231	0.000530917664836006	0.00141341707744576	0.00099380853330348	0.00122078062904579	4.66767733422454e-21	0.00416136067588774	0.00135767917019331	0.020833846343876	0.00308547970237363	0.00219943674711555	0.00176992763812547	0.0137093357383383	ImmGenData
gamma-delta T cell	0.00350261623741531	0	0.000602977285397919	0.000144968756031901	0.000104758141838647	0.000662438872162579	0	0.000724140424647731	0.000188919128440378	0.0120102321857257	0.000988764794020503	0.000746038416312346	0	0.00340223379329167	ImmGenData
mature NK T cell	0.0038028869720455	6.52586590004605e-05	0.000290141824784038	6.7762635780344e-21	9.8344273276652e-05	0.000509425937633771	9.00418080058074e-05	0.000394720050204331	0.000190018671654658	0.00928965702008133	0.00111199555896824	0.000237432720867227	0.000177525988668949	0.00363922569383388	ImmGenData
CD4-positive, alpha-beta T cell	0.00426563689198314	8.4083970111944e-05	0.00166830414034946	0.000105269307239928	0.00110730719077794	0.00211403724622718	0	0.00155958150643201	0.000864020731953292	0.00387069361192944	0.00100885854966429	0.0029420019828183	0.00115284808687453	0.00202491553973265	ImmGenData
CD8-positive, alpha-beta T cell	0.00346832718651665	2.26175166426943e-05	0.000253106323470745	0	0	0.000438893318393471	3.34840452942468e-05	0	5.38550347992656e-05	0.0100832595575207	0.00054941501589363	0	0.000173481718280437	0.00422363435060975	ImmGenData
