miRNA	Gene_symbol	pearson_r	pearson_pvalue
hsa-miR-891a-5p	CD3D	NA	NA
hsa-miR-891a-5p	CD3E	0.6421396337735819	0.24271374448477334
hsa-miR-891a-5p	CD3G	0.47313274037341535	0.42088667624232984
hsa-miR-891a-5p	CD4	0.4137766552561681	0.48860845766789274
hsa-miR-891a-5p	CD8A	-0.016276619991417877	0.9792768788728166
hsa-miR-891a-5p	CD8B	0.6944711362411766	0.19316663855754526
hsa-miR-891a-5p	GZMA	0.18974987187584985	0.7598606760603251
hsa-miR-891a-5p	GZMB	0.037462813832535816	0.952312023645524
hsa-miR-891a-5p	PRF1	0.6621292744220109	0.22341977383773343
hsa-miR-891a-5p	IFNG	0.47313274037341535	0.42088667624232984
hsa-miR-891a-5p	GPR65	0.45646305815663807	0.43967884986951267
hsa-miR-455-5p	CD3D	NA	NA
hsa-miR-455-5p	CD3E	-0.18419982530561854	0.7668025847384975
hsa-miR-455-5p	CD3G	-0.36927071398572225	0.5407453620859032
hsa-miR-455-5p	CD4	-0.23131343465229293	0.7081304840526382
hsa-miR-455-5p	CD8A	-0.28603531420150335	0.6408374555326988
hsa-miR-455-5p	CD8B	0.1393489596825738	0.8231512873208647
hsa-miR-455-5p	GZMA	-0.5901181514384223	0.2948687758378671
hsa-miR-455-5p	GZMB	-0.5332207191509425	0.3547889557144829
hsa-miR-455-5p	PRF1	-0.14215219964081924	0.8196176235921758
hsa-miR-455-5p	IFNG	-0.36927071398572225	0.5407453620859032
hsa-miR-455-5p	GPR65	-0.37962762267537525	0.5285179855987961
hsa-miR-3616-5p	CD3D	NA	NA
hsa-miR-3616-5p	CD3E	-0.641661759695936	0.24318029509420247
hsa-miR-3616-5p	CD3G	-0.7751459558237132	0.12358497546903566
hsa-miR-3616-5p	CD4	-0.9179712195024277	0.027852624440746394
hsa-miR-3616-5p	CD8A	-0.8993575175820986	0.03774318813929687
hsa-miR-3616-5p	CD8B	-0.004538238710733095	0.9942217548445906
hsa-miR-3616-5p	GZMA	-0.7879493016621482	0.11341567433267245
hsa-miR-3616-5p	GZMB	-0.7754999893212947	0.12330028529292231
hsa-miR-3616-5p	PRF1	-0.6061971611111153	0.2784630394124099
hsa-miR-3616-5p	IFNG	-0.7751459558237133	0.12358497546903548
hsa-miR-3616-5p	GPR65	-0.7580527289353439	0.13755905270804863
hsa-miR-135b-5p	CD3D	NA	NA
hsa-miR-135b-5p	CD3E	0.3753277921706916	0.5335876678908699
hsa-miR-135b-5p	CD3G	0.4876391989326154	0.40468749742878213
hsa-miR-135b-5p	CD4	0.8021889438881986	0.10241988618249448
hsa-miR-135b-5p	CD8A	0.9642032631715804	0.008086363083185036
hsa-miR-135b-5p	CD8B	-0.1777480997280427	0.7748815216294246
hsa-miR-135b-5p	GZMA	0.5167665391848041	0.3726193421829815
hsa-miR-135b-5p	GZMB	0.6471628868683518	0.23782431549608288
hsa-miR-135b-5p	PRF1	0.35976286383191647	0.5520181608434718
hsa-miR-135b-5p	IFNG	0.4876391989326154	0.40468749742878213
hsa-miR-135b-5p	GPR65	0.478570156752665	0.41479761511970126
hsa-miR-203b-3p	CD3D	NA	NA
hsa-miR-203b-3p	CD3E	-0.5134372183403344	0.37625272841292007
hsa-miR-203b-3p	CD3G	-0.4010055268857541	0.5034584637916664
hsa-miR-203b-3p	CD4	-0.3924311931124175	0.5134797416834247
hsa-miR-203b-3p	CD8A	-0.03328645688214947	0.9576261944864375
hsa-miR-203b-3p	CD8B	-0.37031938739047204	0.5395047984488537
hsa-miR-203b-3p	GZMA	-0.07370972781736637	0.9062349123458907
hsa-miR-203b-3p	GZMB	0.11023191048913555	0.8599331299739708
hsa-miR-203b-3p	PRF1	-0.5048850666986879	0.3856244715121736
hsa-miR-203b-3p	IFNG	-0.4010055268857541	0.5034584637916664
hsa-miR-203b-3p	GPR65	-0.35241333915357304	0.5607624652340926
hsa-miR-324-3p	CD3D	NA	NA
hsa-miR-324-3p	CD3E	NA	NA
hsa-miR-324-3p	CD3G	NA	NA
hsa-miR-324-3p	CD4	NA	NA
hsa-miR-324-3p	CD8A	NA	NA
hsa-miR-324-3p	CD8B	NA	NA
hsa-miR-324-3p	GZMA	NA	NA
hsa-miR-324-3p	GZMB	NA	NA
hsa-miR-324-3p	PRF1	NA	NA
hsa-miR-324-3p	IFNG	NA	NA
hsa-miR-324-3p	GPR65	NA	NA
hsa-miR-216b-5p	CD3D	NA	NA
hsa-miR-216b-5p	CD3E	-0.03356593499167672	0.9572705507555586
hsa-miR-216b-5p	CD3G	-0.028413835595795873	0.963827249467853
hsa-miR-216b-5p	CD4	-0.43599534017968455	0.46300007236676766
hsa-miR-216b-5p	CD8A	-0.6554363300842304	0.22983091027823396
hsa-miR-216b-5p	CD8B	0.19479087156114683	0.7535620376718383
hsa-miR-216b-5p	GZMA	0.028026548937762297	0.9643201617630521
hsa-miR-216b-5p	GZMB	-0.18911280188608484	0.7606571321755577
hsa-miR-216b-5p	PRF1	-0.05249279298076379	0.9331948071750258
hsa-miR-216b-5p	IFNG	-0.028413835595795873	0.963827249467853
hsa-miR-216b-5p	GPR65	-0.023076700864826463	0.970620439939752
hsa-miR-1269a	CD3D	NA	NA
hsa-miR-1269a	CD3E	-0.03261835432956524	0.9584763870886995
hsa-miR-1269a	CD3G	-0.12725164958297772	0.8384165053583815
hsa-miR-1269a	CD4	0.0721638723237852	0.9081979142016547
hsa-miR-1269a	CD8A	0.03142549419782915	0.9599944048000355
hsa-miR-1269a	CD8B	-0.0978145860163281	0.8756574826760288
hsa-miR-1269a	GZMA	-0.39645016820468354	0.5087775168416959
hsa-miR-1269a	GZMB	-0.4001935799377059	0.5044056890675138
hsa-miR-1269a	PRF1	-0.029950437958899925	0.9618716200038435
hsa-miR-1269a	IFNG	-0.1272516495829777	0.8384165053583815
hsa-miR-1269a	GPR65	-0.17367519572038126	0.7799866182423973
hsa-miR-6499-5p	CD3D	NA	NA
hsa-miR-6499-5p	CD3E	-0.18998804086663926	0.7595629461010116
hsa-miR-6499-5p	CD3G	-0.2479963462999169	0.6875084225873109
hsa-miR-6499-5p	CD4	-0.323076773740852	0.595918414066726
hsa-miR-6499-5p	CD8A	-0.4943812681206072	0.39720930333514914
hsa-miR-6499-5p	CD8B	-0.2287235462376208	0.7113396117903643
hsa-miR-6499-5p	GZMA	-0.5483859003424286	0.33854759603262785
hsa-miR-6499-5p	GZMB	-0.7642952108236585	0.13240432911520353
hsa-miR-6499-5p	PRF1	-0.2270884557209489	0.7133666853733193
hsa-miR-6499-5p	IFNG	-0.24799634629991688	0.6875084225873109
hsa-miR-6499-5p	GPR65	-0.3243022303549126	0.59444211565836
hsa-miR-486-5p	CD3D	NA	NA
hsa-miR-486-5p	CD3E	-0.605513237906079	0.27915582449683035
hsa-miR-486-5p	CD3G	-0.49791196096181234	0.393306210992775
hsa-miR-486-5p	CD4	-0.5455415182002247	0.3415794223823346
hsa-miR-486-5p	CD8A	-0.39714833521608	0.507961559671192
hsa-miR-486-5p	CD8B	-0.7936820618895285	0.10894822470012878
hsa-miR-486-5p	GZMA	-0.5683077063230935	0.3175051409703259
hsa-miR-486-5p	GZMB	-0.6960932749741248	0.1916821807972835
hsa-miR-486-5p	PRF1	-0.6705332203354037	0.21544115586156748
hsa-miR-486-5p	IFNG	-0.49791196096181234	0.393306210992775
hsa-miR-486-5p	GPR65	-0.5669987578149313	0.31887720292791394
hsa-miR-130a-3p	CD3D	NA	NA
hsa-miR-130a-3p	CD3E	-0.1275406175094092	0.8380515778552435
hsa-miR-130a-3p	CD3G	-0.2797437442566282	0.6485209001213776
hsa-miR-130a-3p	CD4	-0.6165879163771837	0.2679939600124211
hsa-miR-130a-3p	CD8A	-0.8896633630370032	0.04326054028246488
hsa-miR-130a-3p	CD8B	0.4569615916225779	0.4391141648682201
hsa-miR-130a-3p	GZMA	-0.3315339387126109	0.58574357132144
hsa-miR-130a-3p	GZMB	-0.47514603554749374	0.41862972568288986
hsa-miR-130a-3p	PRF1	-0.09893295779246174	0.8742404344221033
hsa-miR-130a-3p	IFNG	-0.2797437442566282	0.6485209001213776
hsa-miR-130a-3p	GPR65	-0.2594974423167952	0.673344138642214
hsa-miR-5683	CD3D	NA	NA
hsa-miR-5683	CD3E	0.4057521288275062	0.4979284127443137
hsa-miR-5683	CD3G	0.6121088154325951	0.27249379148932007
hsa-miR-5683	CD4	0.5904691238987066	0.29450806584967254
hsa-miR-5683	CD8A	0.6013658285508505	0.28336665008925854
hsa-miR-5683	CD8B	-0.23157457630385545	0.7078070160287847
hsa-miR-5683	GZMA	0.6990528579864496	0.18898217613456428
hsa-miR-5683	GZMB	0.5975440865234347	0.28726142649625247
hsa-miR-5683	PRF1	0.3411236265742427	0.5742449538277218
hsa-miR-5683	IFNG	0.612108815432595	0.27249379148932024
hsa-miR-5683	GPR65	0.5852265949616654	0.29990793228200296
hsa-miR-378d	CD3D	NA	NA
hsa-miR-378d	CD3E	-0.5226986905880098	0.3661665706402657
hsa-miR-378d	CD3G	-0.4082389362019347	0.4950362185747514
hsa-miR-378d	CD4	-0.48728045399901143	0.4050863225165125
hsa-miR-378d	CD8A	-0.3828630164598658	0.5247096811122626
hsa-miR-378d	CD8B	-0.7512010377974836	0.14328317880336047
hsa-miR-378d	GZMA	-0.48753723330251586	0.40480084568537994
hsa-miR-378d	GZMB	-0.6488783770808123	0.23616075679281578
hsa-miR-378d	PRF1	-0.5932653233765407	0.29163839496887234
hsa-miR-378d	IFNG	-0.40823893620193463	0.4950362185747514
hsa-miR-378d	GPR65	-0.48054785090753854	0.4125879776612827
hsa-miR-378e	CD3D	NA	NA
hsa-miR-378e	CD3E	-0.46398676157898827	0.43117420010791313
hsa-miR-378e	CD3G	-0.6326387112250103	0.2520348538517721
hsa-miR-378e	CD4	-0.6860697837497834	0.20090633770725427
hsa-miR-378e	CD8A	-0.7695016237178312	0.12815006708303356
hsa-miR-378e	CD8B	-0.004193100050845366	0.9946611948448768
hsa-miR-378e	GZMA	-0.8352789390316098	0.07823928704623673
hsa-miR-378e	GZMB	-0.885608357683164	0.04563829970401716
hsa-miR-378e	PRF1	-0.4406132499825028	0.4577152436822333
hsa-miR-378e	IFNG	-0.6326387112250104	0.252034853851772
hsa-miR-378e	GPR65	-0.6537777466480759	0.2314273461047317
hsa-miR-206	CD3D	NA	NA
hsa-miR-206	CD3E	0.1277775176160576	0.8377524151804182
hsa-miR-206	CD3G	0.039573157568806264	0.9496270450310649
hsa-miR-206	CD4	-0.14551448590376578	0.8153811439589407
hsa-miR-206	CD8A	-0.5022120142834122	0.3885649261502793
hsa-miR-206	CD8B	0.10132132312903258	0.8712147558539749
hsa-miR-206	GZMA	-0.29108551435453145	0.634680874981573
hsa-miR-206	GZMB	-0.5894723084734902	0.2955328368485108
hsa-miR-206	PRF1	0.09346297376139318	0.8811727253206718
hsa-miR-206	IFNG	0.03957315756880626	0.9496270450310649
hsa-miR-206	GPR65	-0.03077523244704902	0.9608219432592979
hsa-miR-217-5p	CD3D	NA	NA
hsa-miR-217-5p	CD3E	-0.12238089424415315	0.8445696397861895
hsa-miR-217-5p	CD3G	-0.022148281082029	0.9718022384215013
hsa-miR-217-5p	CD4	-0.36459376186820164	0.5462848689637263
hsa-miR-217-5p	CD8A	-0.4591172452555048	0.43667434677802597
hsa-miR-217-5p	CD8B	-0.1444875055880778	0.816674916575617
hsa-miR-217-5p	GZMA	0.06782765188934761	0.9137054156410985
hsa-miR-217-5p	GZMB	-0.14347933627462095	0.8179451821460696
hsa-miR-217-5p	PRF1	-0.1701575473094204	0.7843987423527056
hsa-miR-217-5p	IFNG	-0.022148281082029	0.9718022384215013
hsa-miR-217-5p	GPR65	-0.036466268956117064	0.9535799967840208
hsa-miR-345-5p	CD3D	NA	NA
hsa-miR-345-5p	CD3E	-0.10754040545865919	0.8633396838061101
hsa-miR-345-5p	CD3G	-0.2215629451352989	0.720222674268009
hsa-miR-345-5p	CD4	-0.6044927405000097	0.2801903871679065
hsa-miR-345-5p	CD8A	-0.8905429179216505	0.04275014326038545
hsa-miR-345-5p	CD8B	0.38714853985866077	0.5196738072717542
hsa-miR-345-5p	GZMA	-0.2639070393694787	0.6679253422737836
hsa-miR-345-5p	GZMB	-0.45533464693820264	0.4409575917815897
hsa-miR-345-5p	PRF1	-0.09537926730683703	0.8787437256098019
hsa-miR-345-5p	IFNG	-0.2215629451352989	0.720222674268009
hsa-miR-345-5p	GPR65	-0.2105085018030698	0.7339651780953378
hsa-miR-204-5p	CD3D	NA	NA
hsa-miR-204-5p	CD3E	-0.08826507645226182	0.8877635088585563
hsa-miR-204-5p	CD3G	0.047746953809638594	0.9392297973179591
hsa-miR-204-5p	CD4	0.28161103149720734	0.6462389670577775
hsa-miR-204-5p	CD8A	0.6711965274058307	0.21481485573372913
hsa-miR-204-5p	CD8B	-0.25415605140946984	0.6799168813554031
hsa-miR-204-5p	GZMA	0.360952113312841	0.5506056940676359
hsa-miR-204-5p	GZMB	0.644756978153099	0.24016274774932175
hsa-miR-204-5p	PRF1	-0.07267346915828896	0.9075507790097099
hsa-miR-204-5p	IFNG	0.0477469538096386	0.9392297973179591
hsa-miR-204-5p	GPR65	0.1007059050909333	0.8719943224741582
hsa-miR-219a-5p	CD3D	NA	NA
hsa-miR-219a-5p	CD3E	0.5890287600267196	0.2959891214994662
hsa-miR-219a-5p	CD3G	0.6251129656819995	0.25948492550167573
hsa-miR-219a-5p	CD4	0.89918614732347	0.037838624657495316
hsa-miR-219a-5p	CD8A	0.914138377144872	0.029809768079130685
hsa-miR-219a-5p	CD8B	0.15815288188336415	0.7994761156515304
hsa-miR-219a-5p	GZMA	0.5964111038085674	0.28841873022775477
hsa-miR-219a-5p	GZMB	0.7021749205638833	0.1861457614380699
hsa-miR-219a-5p	PRF1	0.5932918022709617	0.2916112553118643
hsa-miR-219a-5p	IFNG	0.6251129656819995	0.25948492550167573
hsa-miR-219a-5p	GPR65	0.6266586082056502	0.2579500746463532
hsa-miR-449c-5p	CD3D	NA	NA
hsa-miR-449c-5p	CD3E	-0.04706554081545655	0.9400964238196166
hsa-miR-449c-5p	CD3G	-0.07644882350449406	0.9027572318013273
hsa-miR-449c-5p	CD4	-0.48798587539624694	0.4043021760980033
hsa-miR-449c-5p	CD8A	-0.8061278236322933	0.09943882826197754
hsa-miR-449c-5p	CD8B	0.12006173042177493	0.847500714413745
hsa-miR-449c-5p	GZMA	-0.1895460062298993	0.760115535230202
hsa-miR-449c-5p	GZMB	-0.5067887294536897	0.3835336154429502
hsa-miR-449c-5p	PRF1	-0.0827512251263099	0.8947582408041574
hsa-miR-449c-5p	IFNG	-0.07644882350449406	0.9027572318013273
hsa-miR-449c-5p	GPR65	-0.11045209923681434	0.8596544888796863
hsa-miR-421	CD3D	NA	NA
hsa-miR-421	CD3E	NA	NA
hsa-miR-421	CD3G	NA	NA
hsa-miR-421	CD4	NA	NA
hsa-miR-421	CD8A	NA	NA
hsa-miR-421	CD8B	NA	NA
hsa-miR-421	GZMA	NA	NA
hsa-miR-421	GZMB	NA	NA
hsa-miR-421	PRF1	NA	NA
hsa-miR-421	IFNG	NA	NA
hsa-miR-421	GPR65	NA	NA
hsa-miR-301b-3p	CD3D	NA	NA
hsa-miR-301b-3p	CD3E	-0.26386586855939853	0.6679759044741553
hsa-miR-301b-3p	CD3G	-0.45018864742813974	0.4467996320673537
hsa-miR-301b-3p	CD4	-0.6951850585990021	0.19251291194147455
hsa-miR-301b-3p	CD8A	-0.9201913652642154	0.02673869145804157
hsa-miR-301b-3p	CD8B	0.3578087138819272	0.5543406034004204
hsa-miR-301b-3p	GZMA	-0.5668795880175104	0.31900219337991753
hsa-miR-301b-3p	GZMB	-0.6718411873009634	0.21420664846165868
hsa-miR-301b-3p	PRF1	-0.22852918727233568	0.7115805229991699
hsa-miR-301b-3p	IFNG	-0.4501886474281398	0.4467996320673536
hsa-miR-301b-3p	GPR65	-0.44005631282834695	0.458351910454112
hsa-miR-214-5p	CD3D	NA	NA
hsa-miR-214-5p	CD3E	-0.119635010681064	0.8480401147459227
hsa-miR-214-5p	CD3G	-0.2830086583302122	0.6445318382557014
hsa-miR-214-5p	CD4	-0.6092351983374519	0.27539113513169905
hsa-miR-214-5p	CD8A	-0.8911761611188618	0.04238387186196929
hsa-miR-214-5p	CD8B	0.47407231781610776	0.41983304230690655
hsa-miR-214-5p	GZMA	-0.3517757757875417	0.5615222538992165
hsa-miR-214-5p	GZMB	-0.49382068438862425	0.39782984721194936
hsa-miR-214-5p	PRF1	-0.08879671636378289	0.8870892618215935
hsa-miR-214-5p	IFNG	-0.28300865833021227	0.6445318382557013
hsa-miR-214-5p	GPR65	-0.2639180092668246	0.6679118701549467
hsa-miR-3065-5p	CD3D	NA	NA
hsa-miR-3065-5p	CD3E	0.06978834633151565	0.9112148990900283
hsa-miR-3065-5p	CD3G	-0.15853048659434196	0.7990013997584496
hsa-miR-3065-5p	CD4	-0.26405430419966547	0.6677444899950482
hsa-miR-3065-5p	CD8A	-0.4840093897734928	0.40872704759818373
hsa-miR-3065-5p	CD8B	0.7088893703293828	0.18008724607049192
hsa-miR-3065-5p	GZMA	-0.2221278403848284	0.7195213496091136
hsa-miR-3065-5p	GZMB	-0.18689843263879716	0.7634262779854387
hsa-miR-3065-5p	PRF1	0.14394351192471508	0.8173603102229988
hsa-miR-3065-5p	IFNG	-0.158530486594342	0.7990013997584496
hsa-miR-3065-5p	GPR65	-0.10895405722044016	0.86155034293865
hsa-miR-3200-3p	CD3D	NA	NA
hsa-miR-3200-3p	CD3E	-0.001187992912558277	0.9984874008006612
hsa-miR-3200-3p	CD3G	0.0394380880081556	0.9497988866835394
hsa-miR-3200-3p	CD4	0.387611035333014	0.5191309183956258
hsa-miR-3200-3p	CD8A	0.7369974836899982	0.1553643819946368
hsa-miR-3200-3p	CD8B	-0.05275141369215909	0.9328659772859114
hsa-miR-3200-3p	GZMA	0.25954233596988474	0.673288936710086
hsa-miR-3200-3p	GZMB	0.6077304084074407	0.27691157596228966
hsa-miR-3200-3p	PRF1	0.04444014187500804	0.9434356840361539
hsa-miR-3200-3p	IFNG	0.03943808800815559	0.9497988866835395
hsa-miR-3200-3p	GPR65	0.09860383809536025	0.8746574336754236
hsa-miR-362-5p	CD3D	NA	NA
hsa-miR-362-5p	CD3E	-0.4425696197485285	0.45548034372855534
hsa-miR-362-5p	CD3G	-0.5085952162482544	0.38155199911299154
hsa-miR-362-5p	CD4	-0.8085890367142128	0.09758974878623805
hsa-miR-362-5p	CD8A	-0.9651596507582404	0.007765597270757987
hsa-miR-362-5p	CD8B	-0.09923044286918525	0.8738635284716022
hsa-miR-362-5p	GZMA	-0.6238681872534052	0.26072278432094403
hsa-miR-362-5p	GZMB	-0.8342213433624298	0.0789807484953196
hsa-miR-362-5p	PRF1	-0.4606826246115381	0.434904529996336
hsa-miR-362-5p	IFNG	-0.5085952162482544	0.38155199911299154
hsa-miR-362-5p	GPR65	-0.5398537176553602	0.3476621089320413
NovelmiRNA-3023	CD3D	NA	NA
NovelmiRNA-3023	CD3E	NA	NA
NovelmiRNA-3023	CD3G	NA	NA
NovelmiRNA-3023	CD4	NA	NA
NovelmiRNA-3023	CD8A	NA	NA
NovelmiRNA-3023	CD8B	NA	NA
NovelmiRNA-3023	GZMA	NA	NA
NovelmiRNA-3023	GZMB	NA	NA
NovelmiRNA-3023	PRF1	NA	NA
NovelmiRNA-3023	IFNG	NA	NA
NovelmiRNA-3023	GPR65	NA	NA
NovelmiRNA-2639	CD3D	NA	NA
NovelmiRNA-2639	CD3E	0.24404871824246552	0.692380208079556
NovelmiRNA-2639	CD3G	0.3824299809617056	0.5252190778390953
NovelmiRNA-2639	CD4	0.20387798230429927	0.7422242049105322
NovelmiRNA-2639	CD8A	0.20508652493814158	0.7407179544091503
NovelmiRNA-2639	CD8B	0.07799406488033904	0.9007956444824899
NovelmiRNA-2639	GZMA	0.6224309359191946	0.2621540047314123
NovelmiRNA-2639	GZMB	0.5820348841987134	0.3032078226674761
NovelmiRNA-2639	PRF1	0.22212299209911537	0.7195273684242252
NovelmiRNA-2639	IFNG	0.3824299809617056	0.5252190778390953
NovelmiRNA-2639	GPR65	0.41302058105277545	0.48948501110331055
NovelmiRNA-1805	CD3D	NA	NA
NovelmiRNA-1805	CD3E	-0.2201607358817368	0.7219639333934782
NovelmiRNA-1805	CD3G	-0.39820209700177	0.5067305228757029
NovelmiRNA-1805	CD4	-0.6777400017353151	0.20866378046846865
NovelmiRNA-1805	CD8A	-0.9284115210062938	0.02274464733770003
NovelmiRNA-1805	CD8B	0.3880005480744617	0.5186737873263246
NovelmiRNA-1805	GZMA	-0.5057878727101927	0.38463255236799226
NovelmiRNA-1805	GZMB	-0.6329252492586234	0.25175235383220956
NovelmiRNA-1805	PRF1	-0.18833327330265207	0.7616318234151636
NovelmiRNA-1805	IFNG	-0.39820209700176995	0.5067305228757029
NovelmiRNA-1805	GPR65	-0.3875395744888606	0.5192147934643353
NovelmiRNA-280	CD3D	NA	NA
NovelmiRNA-280	CD3E	-0.5223369516900165	0.36655927443800296
NovelmiRNA-280	CD3G	-0.40795641033079955	0.49536462356914357
NovelmiRNA-280	CD4	-0.4707163332921292	0.4235991828844975
NovelmiRNA-280	CD8A	-0.35901406076311376	0.5529078676001796
NovelmiRNA-280	CD8B	-0.7636690707244865	0.1329187293056955
NovelmiRNA-280	GZMA	-0.49313486704514087	0.39858932871683767
NovelmiRNA-280	GZMB	-0.6484293142588016	0.2365959173770284
NovelmiRNA-280	PRF1	-0.5928547481289648	0.29205930000055935
NovelmiRNA-280	IFNG	-0.4079564103307995	0.49536462356914357
NovelmiRNA-280	GPR65	-0.4815951978596085	0.41141890252079805
NovelmiRNA-2786	CD3D	NA	NA
NovelmiRNA-2786	CD3E	0.3989026703912806	0.5059124311200066
NovelmiRNA-2786	CD3G	0.2857884308247104	0.6411386753047392
NovelmiRNA-2786	CD4	0.002975700035867262	0.9962112266325456
NovelmiRNA-2786	CD8A	-0.4912781235934337	0.4006472082347267
NovelmiRNA-2786	CD8B	0.42763422615611013	0.4726020510917266
NovelmiRNA-2786	GZMA	-0.025115770265820733	0.968024970424406
NovelmiRNA-2786	GZMB	-0.36440415195757186	0.546509679100149
NovelmiRNA-2786	PRF1	0.37449731843772915	0.5345679338675875
NovelmiRNA-2786	IFNG	0.2857884308247104	0.6411386753047392
NovelmiRNA-2786	GPR65	0.23343440572031976	0.7055039025452678
NovelmiRNA-3629	CD3D	NA	NA
NovelmiRNA-3629	CD3E	NA	NA
NovelmiRNA-3629	CD3G	NA	NA
NovelmiRNA-3629	CD4	NA	NA
NovelmiRNA-3629	CD8A	NA	NA
NovelmiRNA-3629	CD8B	NA	NA
NovelmiRNA-3629	GZMA	NA	NA
NovelmiRNA-3629	GZMB	NA	NA
NovelmiRNA-3629	PRF1	NA	NA
NovelmiRNA-3629	IFNG	NA	NA
NovelmiRNA-3629	GPR65	NA	NA
NovelmiRNA-1734	CD3D	NA	NA
NovelmiRNA-1734	CD3E	0.22058094883034568	0.7214420547872917
NovelmiRNA-1734	CD3G	0.44671315385005306	0.45075484842756364
NovelmiRNA-1734	CD4	0.45272451597424784	0.44391862581507446
NovelmiRNA-1734	CD8A	0.5712296169189088	0.3144477882069212
NovelmiRNA-1734	CD8B	-0.370827005425141	0.5389044949296639
NovelmiRNA-1734	GZMA	0.5950045274646925	0.28985718993272935
NovelmiRNA-1734	GZMB	0.5484246620584946	0.3385063264702441
NovelmiRNA-1734	PRF1	0.15887009131382082	0.7985744814687159
NovelmiRNA-1734	IFNG	0.4467131538500531	0.45075484842756364
NovelmiRNA-1734	GPR65	0.42763494180380107	0.4726012274191343
hsa-miR-106b-3p	CD3D	NA	NA
hsa-miR-106b-3p	CD3E	NA	NA
hsa-miR-106b-3p	CD3G	NA	NA
hsa-miR-106b-3p	CD4	NA	NA
hsa-miR-106b-3p	CD8A	NA	NA
hsa-miR-106b-3p	CD8B	NA	NA
hsa-miR-106b-3p	GZMA	NA	NA
hsa-miR-106b-3p	GZMB	NA	NA
hsa-miR-106b-3p	PRF1	NA	NA
hsa-miR-106b-3p	IFNG	NA	NA
hsa-miR-106b-3p	GPR65	NA	NA
hsa-miR-3617-3p	CD3D	NA	NA
hsa-miR-3617-3p	CD3E	NA	NA
hsa-miR-3617-3p	CD3G	NA	NA
hsa-miR-3617-3p	CD4	NA	NA
hsa-miR-3617-3p	CD8A	NA	NA
hsa-miR-3617-3p	CD8B	NA	NA
hsa-miR-3617-3p	GZMA	NA	NA
hsa-miR-3617-3p	GZMB	NA	NA
hsa-miR-3617-3p	PRF1	NA	NA
hsa-miR-3617-3p	IFNG	NA	NA
hsa-miR-3617-3p	GPR65	NA	NA
hsa-miR-188-3p	CD3D	NA	NA
hsa-miR-188-3p	CD3E	-0.3444899959049567	0.5702184797132747
hsa-miR-188-3p	CD3G	-0.460357007672756	0.43527253911500596
hsa-miR-188-3p	CD4	-0.6877663681151841	0.19933647603855345
hsa-miR-188-3p	CD8A	-0.9010387392778599	0.03681100237133699
hsa-miR-188-3p	CD8B	-0.02189868907274805	0.972119951758033
hsa-miR-188-3p	GZMA	-0.6834903137541336	0.20329975611304868
hsa-miR-188-3p	GZMB	-0.8962536816001515	0.039483566437236425
hsa-miR-188-3p	PRF1	-0.3560925364109402	0.5563817604819021
hsa-miR-188-3p	IFNG	-0.460357007672756	0.43527253911500596
hsa-miR-188-3p	GPR65	-0.5039823173780889	0.3866169353101759
hsa-miR-130b-3p	CD3D	NA	NA
hsa-miR-130b-3p	CD3E	0.1683401414609331	0.7866793518486606
hsa-miR-130b-3p	CD3G	-0.014469902355152506	0.981576991051282
hsa-miR-130b-3p	CD4	-0.2703472312256606	0.6600234251526038
hsa-miR-130b-3p	CD8A	-0.5618335413604217	0.32430607533724415
hsa-miR-130b-3p	CD8B	0.7697635488053618	0.12793713589087227
hsa-miR-130b-3p	GZMA	-0.01658844735142706	0.9788799015569167
hsa-miR-130b-3p	GZMB	-0.06511763082384434	0.9171482889025003
hsa-miR-130b-3p	PRF1	0.22638377446811056	0.714240546188355
hsa-miR-130b-3p	IFNG	-0.014469902355152508	0.981576991051282
hsa-miR-130b-3p	GPR65	0.038606572486605144	0.9508567987123151
hsa-miR-3615	CD3D	NA	NA
hsa-miR-3615	CD3E	NA	NA
hsa-miR-3615	CD3G	NA	NA
hsa-miR-3615	CD4	NA	NA
hsa-miR-3615	CD8A	NA	NA
hsa-miR-3615	CD8B	NA	NA
hsa-miR-3615	GZMA	NA	NA
hsa-miR-3615	GZMB	NA	NA
hsa-miR-3615	PRF1	NA	NA
hsa-miR-3615	IFNG	NA	NA
hsa-miR-3615	GPR65	NA	NA
NovelmiRNA-529	CD3D	NA	NA
NovelmiRNA-529	CD3E	0.41372245943730906	0.4886712785071247
NovelmiRNA-529	CD3G	0.5455834925087409	0.3415346331071894
NovelmiRNA-529	CD4	0.3848938716422971	0.5223220284696769
NovelmiRNA-529	CD8A	0.33625220173263015	0.5800808623849709
NovelmiRNA-529	CD8B	0.18471689969759675	0.7661555224162293
NovelmiRNA-529	GZMA	0.7617174861405046	0.13452582041158095
NovelmiRNA-529	GZMB	0.7134855320804558	0.1759732802349374
NovelmiRNA-529	PRF1	0.3930505564039844	0.5127545083508235
NovelmiRNA-529	IFNG	0.5455834925087409	0.3415346331071894
NovelmiRNA-529	GPR65	0.5758627420278422	0.3096154309430984
NovelmiRNA-1819	CD3D	NA	NA
NovelmiRNA-1819	CD3E	0.5086191581948378	0.38152575257283594
NovelmiRNA-1819	CD3G	0.35475909639413933	0.5579686909228179
NovelmiRNA-1819	CD4	-0.015103191024368448	0.9807707510412887
NovelmiRNA-1819	CD8A	-0.5341237405121476	0.353816611510198
NovelmiRNA-1819	CD8B	0.8215129582267943	0.08805634439277821
NovelmiRNA-1819	GZMA	0.20206125070849823	0.7444891912701559
NovelmiRNA-1819	GZMB	-0.056555922841875314	0.9280291687810713
NovelmiRNA-1819	PRF1	0.5242207003630626	0.3645153968574411
NovelmiRNA-1819	IFNG	0.3547590963941393	0.5579686909228179
NovelmiRNA-1819	GPR65	0.36154765116149346	0.5498986379209805
NovelmiRNA-222	CD3D	NA	NA
NovelmiRNA-222	CD3E	0.7593997020005567	0.1364418730108573
NovelmiRNA-222	CD3G	0.5812452162586703	0.3040256911586704
NovelmiRNA-222	CD4	0.4483442721433448	0.4488976258642265
NovelmiRNA-222	CD8A	-0.012223934432774334	0.9844363909038907
NovelmiRNA-222	CD8B	0.9409860697835468	0.01705624631565724
NovelmiRNA-222	GZMA	0.40305081126241754	0.5010740455016425
NovelmiRNA-222	GZMB	0.28122592382725115	0.6467094845759266
NovelmiRNA-222	PRF1	0.7982143612483834	0.10545486709531461
NovelmiRNA-222	IFNG	0.5812452162586702	0.30402569115867056
NovelmiRNA-222	GPR65	0.5992980095954477	0.28547225656661224
NovelmiRNA-78	CD3D	NA	NA
NovelmiRNA-78	CD3E	0.6496555908888231	0.23540812180920812
NovelmiRNA-78	CD3G	0.5323575319509586	0.3557190195562814
NovelmiRNA-78	CD4	0.17346539057881535	0.7802496957741256
NovelmiRNA-78	CD8A	-0.32265706045809917	0.5964241897232054
NovelmiRNA-78	CD8B	0.8836999387679269	0.04677121974396796
NovelmiRNA-78	GZMA	0.4562445205658472	0.4399264369028153
NovelmiRNA-78	GZMB	0.22990082922667907	0.7098805916105113
NovelmiRNA-78	PRF1	0.6663840032548717	0.21937033520575755
NovelmiRNA-78	IFNG	0.5323575319509585	0.3557190195562814
NovelmiRNA-78	GPR65	0.5542305999879898	0.3323389895510645
NovelmiRNA-1470	CD3D	NA	NA
NovelmiRNA-1470	CD3E	-0.1894167373732804	0.7602771437857908
NovelmiRNA-1470	CD3G	-0.3849727235555547	0.5222293672759695
NovelmiRNA-1470	CD4	-0.6347136269808324	0.24999111245088268
NovelmiRNA-1470	CD8A	-0.888846403957785	0.04373633291765767
NovelmiRNA-1470	CD8B	0.4362330053685969	0.46272776100277996
NovelmiRNA-1470	GZMA	-0.5049198793838978	0.3855862113155058
NovelmiRNA-1470	GZMB	-0.611897724418783	0.2727063491952563
NovelmiRNA-1470	PRF1	-0.15050544012286102	0.809096461774949
NovelmiRNA-1470	IFNG	-0.3849727235555546	0.5222293672759694
NovelmiRNA-1470	GPR65	-0.3712340579826468	0.5384232136740396
NovelmiRNA-2872	CD3D	NA	NA
NovelmiRNA-2872	CD3E	-0.25065789306878755	0.6842266572633537
NovelmiRNA-2872	CD3G	-0.40649052228277366	0.4970692840867081
NovelmiRNA-2872	CD4	-0.7145321669312814	0.17504026646088797
NovelmiRNA-2872	CD8A	-0.9573816942163568	0.010493784973596243
NovelmiRNA-2872	CD8B	0.3284710408641798	0.589424905466507
NovelmiRNA-2872	GZMA	-0.4986898434158353	0.3924475034940698
NovelmiRNA-2872	GZMB	-0.6460993477288215	0.2388572572811413
NovelmiRNA-2872	PRF1	-0.22717264225061343	0.7132622972282273
NovelmiRNA-2872	IFNG	-0.4064905222827736	0.4970692840867081
NovelmiRNA-2872	GPR65	-0.399400270539939	0.5053315256289913
hsa-miR-216a-5p	CD3D	NA	NA
hsa-miR-216a-5p	CD3E	-0.22556164654526165	0.7152602359103323
hsa-miR-216a-5p	CD3G	-0.1532851280991245	0.8055983211843175
hsa-miR-216a-5p	CD4	-0.505083782080465	0.385406089412378
hsa-miR-216a-5p	CD8A	-0.5984398305969648	0.28634731600814356
hsa-miR-216a-5p	CD8B	-0.14707231258733802	0.8134189974739258
hsa-miR-216a-5p	GZMA	-0.08057610576721444	0.8975184381263361
hsa-miR-216a-5p	GZMB	-0.28794283438653984	0.638510893132654
hsa-miR-216a-5p	PRF1	-0.26685311009416884	0.6643087882829339
hsa-miR-216a-5p	IFNG	-0.1532851280991245	0.8055983211843175
hsa-miR-216a-5p	GPR65	-0.16703675117257386	0.7883153809329333
hsa-miR-1343-3p	CD3D	NA	NA
hsa-miR-1343-3p	CD3E	0.2190838205004179	0.7233016273996693
hsa-miR-1343-3p	CD3G	0.14686707240120528	0.8136774797204724
hsa-miR-1343-3p	CD4	0.06312120087186196	0.9196849913340297
hsa-miR-1343-3p	CD8A	0.021361479510754306	0.9728037881817446
hsa-miR-1343-3p	CD8B	0.6125193555163856	0.2720805246938063
hsa-miR-1343-3p	GZMA	0.35506044014728677	0.5576099856759875
hsa-miR-1343-3p	GZMB	0.48989043595170306	0.4021868377163931
hsa-miR-1343-3p	PRF1	0.28196697148036903	0.6458041353675643
hsa-miR-1343-3p	IFNG	0.14686707240120528	0.8136774797204724
hsa-miR-1343-3p	GPR65	0.2328234262605077	0.7062603907195065
hsa-miR-378i	CD3D	NA	NA
hsa-miR-378i	CD3E	-0.23151866974856156	0.7078762639982078
hsa-miR-378i	CD3G	-0.40194158690104825	0.5023669030302604
hsa-miR-378i	CD4	-0.29324502590202145	0.632051269997194
hsa-miR-378i	CD8A	-0.3606970691448557	0.5509085503712745
hsa-miR-378i	CD8B	0.048056476816298856	0.9388361527894711
hsa-miR-378i	GZMA	-0.6501515366608458	0.23492820338517992
hsa-miR-378i	GZMB	-0.6388690089585887	0.24591172502042138
hsa-miR-378i	PRF1	-0.20262051094933112	0.7437918481315909
hsa-miR-378i	IFNG	-0.40194158690104836	0.5023669030302601
hsa-miR-378i	GPR65	-0.4264689724244333	0.4739436051530287
hsa-miR-2355-3p	CD3D	NA	NA
hsa-miR-2355-3p	CD3E	-0.3200936046491274	0.5995149386302806
hsa-miR-2355-3p	CD3G	-0.25	0.6850376424742927
hsa-miR-2355-3p	CD4	-0.5847080467092206	0.3004434213207921
hsa-miR-2355-3p	CD8A	-0.650571402516957	0.23452211567254336
hsa-miR-2355-3p	CD8B	-0.23086925401403224	0.7086807241715116
hsa-miR-2355-3p	GZMA	-0.19384455554488664	0.7547439578201663
hsa-miR-2355-3p	GZMB	-0.39736433711938113	0.5077091697162602
hsa-miR-2355-3p	PRF1	-0.3633076556195285	0.5478100860140376
hsa-miR-2355-3p	IFNG	-0.25	0.6850376424742927
hsa-miR-2355-3p	GPR65	-0.269934055143546	0.6605299383725295
hsa-miR-136-3p	CD3D	NA	NA
hsa-miR-136-3p	CD3E	-0.5347801385603774	0.35311023493226934
hsa-miR-136-3p	CD3G	-0.6115919570332363	0.2730143189280735
hsa-miR-136-3p	CD4	-0.7226963589507197	0.1678115961531579
hsa-miR-136-3p	CD8A	-0.7864268006131337	0.11461117702831453
hsa-miR-136-3p	CD8B	-0.30955274396267146	0.6122534512794051
hsa-miR-136-3p	GZMA	-0.822440906724245	0.08738345540548544
hsa-miR-136-3p	GZMB	-0.9720993303762278	0.005570957503459614
hsa-miR-136-3p	PRF1	-0.5542240934706162	0.33234588516115743
hsa-miR-136-3p	IFNG	-0.6115919570332362	0.2730143189280735
hsa-miR-136-3p	GPR65	-0.665706159390171	0.22001409975579655
hsa-miR-320d	CD3D	NA	NA
hsa-miR-320d	CD3E	-0.9120213451461284	0.03090892921337828
hsa-miR-320d	CD3G	-0.9733937390405477	0.005188821858483512
hsa-miR-320d	CD4	-0.9185492908956137	0.027561175988126265
hsa-miR-320d	CD8A	-0.6698285459147634	0.21610707004111498
hsa-miR-320d	CD8B	-0.49754690934522494	0.39370934546517666
hsa-miR-320d	GZMA	-0.9896327197998305	0.0012651866225114803
hsa-miR-320d	GZMB	-0.8929526191810458	0.04136172325857484
hsa-miR-320d	PRF1	-0.8959814092612907	0.03963742346411431
hsa-miR-320d	IFNG	-0.9733937390405476	0.005188821858483546
hsa-miR-320d	GPR65	-0.9815755572083705	0.0029937911987276827
NovelmiRNA-903	CD3D	NA	NA
NovelmiRNA-903	CD3E	-0.4778295553491346	0.4156257733224446
NovelmiRNA-903	CD3G	-0.6000636674370842	0.2846921306819388
NovelmiRNA-903	CD4	-0.7395844982246972	0.1531427149221273
NovelmiRNA-903	CD8A	-0.6948197294840832	0.19284735929788466
NovelmiRNA-903	CD8B	0.20364584893053983	0.7425135655620372
NovelmiRNA-903	GZMA	-0.4847129498566468	0.4079433402937271
NovelmiRNA-903	GZMB	-0.39238789938517504	0.5135304435633266
NovelmiRNA-903	PRF1	-0.4221488211246594	0.4789244776625899
NovelmiRNA-903	IFNG	-0.6000636674370841	0.2846921306819389
NovelmiRNA-903	GPR65	-0.5448830284285477	0.3422822641764032
NovelmiRNA-3568	CD3D	NA	NA
NovelmiRNA-3568	CD3E	-0.010548207103740418	0.9865698546483588
NovelmiRNA-3568	CD3G	-0.25	0.6850376424742927
NovelmiRNA-3568	CD4	-0.313736448146269	0.6071918824178261
NovelmiRNA-3568	CD8A	-0.5353558821528118	0.35249093968751394
NovelmiRNA-3568	CD8B	0.5766679447576468	0.3087775602745433
NovelmiRNA-3568	GZMA	-0.4043818541355008	0.4995235580680101
NovelmiRNA-3568	GZMB	-0.39736433711938113	0.5077091697162602
NovelmiRNA-3568	PRF1	0.05379720026317962	0.9315363314236836
NovelmiRNA-3568	IFNG	-0.25	0.6850376424742927
NovelmiRNA-3568	GPR65	-0.22461290136658485	0.7164372172930678
NovelmiRNA-1735	CD3D	NA	NA
NovelmiRNA-1735	CD3E	NA	NA
NovelmiRNA-1735	CD3G	NA	NA
NovelmiRNA-1735	CD4	NA	NA
NovelmiRNA-1735	CD8A	NA	NA
NovelmiRNA-1735	CD8B	NA	NA
NovelmiRNA-1735	GZMA	NA	NA
NovelmiRNA-1735	GZMB	NA	NA
NovelmiRNA-1735	PRF1	NA	NA
NovelmiRNA-1735	IFNG	NA	NA
NovelmiRNA-1735	GPR65	NA	NA
hsa-miR-942-3p	CD3D	NA	NA
hsa-miR-942-3p	CD3E	0.36206319364279804	0.5492866981857792
hsa-miR-942-3p	CD3G	0.14613159278607407	0.8146038179428738
hsa-miR-942-3p	CD4	-0.048802555520647134	0.9378873305552664
hsa-miR-942-3p	CD8A	-0.4128424172335875	0.48969161312867304
hsa-miR-942-3p	CD8B	0.8901293905122909	0.042989869516899856
hsa-miR-942-3p	GZMA	0.05667965375885314	0.9278718823890599
hsa-miR-942-3p	GZMB	-0.0014043760014929398	0.9982118935269946
hsa-miR-942-3p	PRF1	0.4237786841502318	0.47704403705502557
hsa-miR-942-3p	IFNG	0.14613159278607407	0.8146038179428738
hsa-miR-942-3p	GPR65	0.18995853527751863	0.7595998296485407
NovelmiRNA-1756	CD3D	NA	NA
NovelmiRNA-1756	CD3E	0.5220815674538467	0.3668365810641849
NovelmiRNA-1756	CD3G	0.39570814648057373	0.5096450213805734
NovelmiRNA-1756	CD4	-0.002087319861638456	0.9973423437395124
NovelmiRNA-1756	CD8A	-0.5226054612157254	0.3662677706925855
NovelmiRNA-1756	CD8B	0.7768568203820264	0.12221102926789991
NovelmiRNA-1756	GZMA	0.2583530450224703	0.6747515397699665
NovelmiRNA-1756	GZMB	-0.02528765093940293	0.967806194662318
NovelmiRNA-1756	PRF1	0.527698679584976	0.3607490887002942
NovelmiRNA-1756	IFNG	0.39570814648057373	0.5096450213805734
NovelmiRNA-1756	GPR65	0.39845053206582515	0.5064403827577593
NovelmiRNA-1378	CD3D	NA	NA
NovelmiRNA-1378	CD3E	NA	NA
NovelmiRNA-1378	CD3G	NA	NA
NovelmiRNA-1378	CD4	NA	NA
NovelmiRNA-1378	CD8A	NA	NA
NovelmiRNA-1378	CD8B	NA	NA
NovelmiRNA-1378	GZMA	NA	NA
NovelmiRNA-1378	GZMB	NA	NA
NovelmiRNA-1378	PRF1	NA	NA
NovelmiRNA-1378	IFNG	NA	NA
NovelmiRNA-1378	GPR65	NA	NA
NovelmiRNA-3473	CD3D	NA	NA
NovelmiRNA-3473	CD3E	-0.3200936046491274	0.5995149386302806
NovelmiRNA-3473	CD3G	-0.24999999999999994	0.6850376424742928
NovelmiRNA-3473	CD4	-0.5847080467092206	0.3004434213207921
NovelmiRNA-3473	CD8A	-0.650571402516957	0.23452211567254336
NovelmiRNA-3473	CD8B	-0.23086925401403222	0.7086807241715116
NovelmiRNA-3473	GZMA	-0.1938445555448866	0.7547439578201665
NovelmiRNA-3473	GZMB	-0.3973643371193811	0.5077091697162601
NovelmiRNA-3473	PRF1	-0.36330765561952855	0.5478100860140376
NovelmiRNA-3473	IFNG	-0.25	0.6850376424742927
NovelmiRNA-3473	GPR65	-0.269934055143546	0.6605299383725295
NovelmiRNA-3342	CD3D	NA	NA
NovelmiRNA-3342	CD3E	-0.010548207103740416	0.9865698546483588
NovelmiRNA-3342	CD3G	-0.25	0.6850376424742927
NovelmiRNA-3342	CD4	-0.31373644814626894	0.6071918824178261
NovelmiRNA-3342	CD8A	-0.5353558821528117	0.35249093968751405
NovelmiRNA-3342	CD8B	0.5766679447576467	0.30877756027454345
NovelmiRNA-3342	GZMA	-0.4043818541355008	0.4995235580680101
NovelmiRNA-3342	GZMB	-0.3973643371193811	0.5077091697162601
NovelmiRNA-3342	PRF1	0.053797200263179606	0.9315363314236836
NovelmiRNA-3342	IFNG	-0.24999999999999994	0.6850376424742928
NovelmiRNA-3342	GPR65	-0.22461290136658485	0.7164372172930678
NovelmiRNA-3495	CD3D	NA	NA
NovelmiRNA-3495	CD3E	-0.5221375233269231	0.3667758175437233
NovelmiRNA-3495	CD3G	-0.407800652483566	0.49554569421518446
NovelmiRNA-3495	CD4	-5.622938461840821e-4	0.9992840652770039
NovelmiRNA-3495	CD8A	0.5238531356186749	0.3649139886394063
NovelmiRNA-3495	CD8B	-0.7387231842728483	0.15388135481318838
NovelmiRNA-3495	GZMA	-0.26388922080387656	0.667947225323906
NovelmiRNA-3495	GZMB	0.03819668263595813	0.9513783017233317
NovelmiRNA-3495	PRF1	-0.5211379136744305	0.3678616795119424
NovelmiRNA-3495	IFNG	-0.40780065248356606	0.49554569421518435
NovelmiRNA-3495	GPR65	-0.404824026900831	0.49900870627140625
NovelmiRNA-1303	CD3D	NA	NA
NovelmiRNA-1303	CD3E	0.5532904966159723	0.3333356832724834
NovelmiRNA-1303	CD3G	0.43834009400814145	0.46031503430359716
NovelmiRNA-1303	CD4	0.036763454617154356	0.9532018619776601
NovelmiRNA-1303	CD8A	-0.48724533161402356	0.405125373804583
NovelmiRNA-1303	CD8B	0.7711764003337042	0.12679038136975956
NovelmiRNA-1303	GZMA	0.30567790499703645	0.616947819692258
NovelmiRNA-1303	GZMB	0.014391007964105989	0.9816774320503424
NovelmiRNA-1303	PRF1	0.5552292271961983	0.3312810698307766
NovelmiRNA-1303	IFNG	0.43834009400814156	0.460315034303597
NovelmiRNA-1303	GPR65	0.4397256854838461	0.45872996108655234
NovelmiRNA-696	CD3D	NA	NA
NovelmiRNA-696	CD3E	-0.32009360464912734	0.5995149386302806
NovelmiRNA-696	CD3G	-0.24999999999999994	0.6850376424742928
NovelmiRNA-696	CD4	0.007779883777403737	0.9900944442480025
NovelmiRNA-696	CD8A	0.446786506357977	0.4506712914766988
NovelmiRNA-696	CD8B	-0.23086925401403224	0.7086807241715116
NovelmiRNA-696	GZMA	0.06383227278925764	0.9187814523015094
NovelmiRNA-696	GZMB	0.4147154866936794	0.48752048542651805
NovelmiRNA-696	PRF1	-0.2787246091540452	0.649766888456724
NovelmiRNA-696	IFNG	-0.24999999999999994	0.6850376424742928
NovelmiRNA-696	GPR65	-0.18241991662685583	0.7690304333440734
NovelmiRNA-2707	CD3D	NA	NA
NovelmiRNA-2707	CD3E	0.5820848378456448	0.303156104179929
NovelmiRNA-2707	CD3G	0.6613273966486483	0.22418524895942368
NovelmiRNA-2707	CD4	0.3163126926924675	0.6040787220971874
NovelmiRNA-2707	CD8A	-0.03109213573750573	0.9604186425560858
NovelmiRNA-2707	CD8B	0.31419830310362035	0.6066335659997031
NovelmiRNA-2707	GZMA	0.6524842322944926	0.2326744931529495
NovelmiRNA-2707	GZMB	0.356822055178883	0.5555139231592575
NovelmiRNA-2707	PRF1	0.5321172116557855	0.35597806523453457
NovelmiRNA-2707	IFNG	0.6613273966486484	0.22418524895942352
NovelmiRNA-2707	GPR65	0.6423375675479827	0.2425205721668071
NovelmiRNA-3570	CD3D	NA	NA
NovelmiRNA-3570	CD3E	-0.3200936046491274	0.5995149386302806
NovelmiRNA-3570	CD3G	-0.24999999999999994	0.6850376424742928
NovelmiRNA-3570	CD4	-0.5847080467092206	0.3004434213207921
NovelmiRNA-3570	CD8A	-0.650571402516957	0.23452211567254336
NovelmiRNA-3570	CD8B	-0.23086925401403222	0.7086807241715116
NovelmiRNA-3570	GZMA	-0.1938445555448866	0.7547439578201665
NovelmiRNA-3570	GZMB	-0.3973643371193811	0.5077091697162601
NovelmiRNA-3570	PRF1	-0.36330765561952855	0.5478100860140376
NovelmiRNA-3570	IFNG	-0.25	0.6850376424742927
NovelmiRNA-3570	GPR65	-0.269934055143546	0.6605299383725295
NovelmiRNA-2976	CD3D	NA	NA
NovelmiRNA-2976	CD3E	NA	NA
NovelmiRNA-2976	CD3G	NA	NA
NovelmiRNA-2976	CD4	NA	NA
NovelmiRNA-2976	CD8A	NA	NA
NovelmiRNA-2976	CD8B	NA	NA
NovelmiRNA-2976	GZMA	NA	NA
NovelmiRNA-2976	GZMB	NA	NA
NovelmiRNA-2976	PRF1	NA	NA
NovelmiRNA-2976	IFNG	NA	NA
NovelmiRNA-2976	GPR65	NA	NA
NovelmiRNA-1300	CD3D	NA	NA
NovelmiRNA-1300	CD3E	NA	NA
NovelmiRNA-1300	CD3G	NA	NA
NovelmiRNA-1300	CD4	NA	NA
NovelmiRNA-1300	CD8A	NA	NA
NovelmiRNA-1300	CD8B	NA	NA
NovelmiRNA-1300	GZMA	NA	NA
NovelmiRNA-1300	GZMB	NA	NA
NovelmiRNA-1300	PRF1	NA	NA
NovelmiRNA-1300	IFNG	NA	NA
NovelmiRNA-1300	GPR65	NA	NA
