cell_type	BA_GJFHQP2C	BA_N6QQ27EG	BA_FDFHPQR8	BA_C86A8VKR	BA_0GVSQNSM	BA_ZTM72GEM	BA_816NMSR6	BA_5YFHXD06	BA_ZQ2T1V1P	BA_KCQNCH3V	BA_GEXCZYAF	BA_7H79MZWW	BA_9VC03EGS	BA_QYAJCS1M	BA_NJZJG5XV	BA_7W3F2E6M	BA_JQQPTVAG	BA_HSW4NDQ3	BA_V79W2TP0	BA_KFWTGZPC	BA_XW17CNW9	BA_CKB010PD	BA_0VGNXB1P	BA_BJBS777G	BA_Q3YTW9JT	BA_F3C4R1QS	BA_JCM7AADD	BA_KK43JS84	BA_1B6PWXTM	BA_S561B8VT	BA_9637W5TJ	BA_MS95GCNM	BA_5N9T9WPV	BA_NKA2CT35	BA_8QWGZKKE	BA_JJ1S3PQQ
B cell	-0.533640737790164	-0.421550704538387	-0.424004803266578	-0.834079294662404	-0.625576527064231	0.246678487144608	-0.749842670548323	0.079316124280396	-0.682835048098311	0.878709112625178	-0.313663376712809	-0.975803094234351	-0.221974262618963	-0.317186242502639	0.829675853436537	-0.316134811822884	3.23335091616974	-0.602991723021823	-0.0695354712423942	0.0750155116170163	-0.842282643972393	0.642398832492655	-0.756518251345004	2.68702508227981	-0.00363968794422006	1.28054197166744	-0.423415586825113	1.41474827073686	-0.813035344578527	0.335584563509299	-0.80444628321692	-0.678658679540646	-0.990435793555708	-0.987804154318435	0.299403616246634	1.38660685121504
Macrophage M1	0.000784102263285638	0.788373889295161	1.39873121637477	0.12030672153756	4.5320487005429	-0.450460180750594	1.14395678284414	-0.450460180750594	0.345505311758756	-0.450460180750594	-0.450460180750594	-0.313484226799652	-0.450460180750594	-0.0801271632881254	-0.450460180750594	-0.450460180750594	-0.450460180750594	-0.450460180750594	-0.450460180750594	-0.450460180750594	-0.384945846921573	-0.450460180750594	-0.242612195145638	-0.450460180750594	-0.450460180750594	-0.450460180750594	-0.450460180750594	-0.450460180750594	0.803269831070764	-0.450460180750594	2.20338227446676	-0.450460180750594	-0.405065421486048	-0.450460180750594	-0.450460180750594	-0.450460180750594
Macrophage M2	0.109295974455521	0.221065022186456	1.3881305421393	0.40083721006618	5.354014990019	-0.371958601442477	-0.0771088879084083	-0.371958601442477	-0.0683244836999155	-0.371958601442477	-0.371958601442477	0.0451636597443138	-0.371958601442477	-0.371958601442477	-0.371958601442477	-0.371958601442477	-0.371958601442477	-0.214356059832785	0.49918167755956	-0.371958601442477	-0.226476259368434	-0.371958601442477	-0.371958601442477	-0.371958601442477	-0.371958601442477	-0.371958601442477	-0.371958601442477	-0.371958601442477	0.644472821958445	-0.371958601442477	0.479151625857739	-0.371958601442477	-0.371958601442477	-0.371958601442477	-0.371958601442477	-0.371958601442477
Monocyte	-0.625008075249804	-0.389042244838579	-1.17654505205652	-1.20293100065459	-1.38132196285397	0.78508235312284	-0.745151338768012	-0.247553279817454	-1.01045814848749	0.767545876481336	-0.609288235652865	-1.24397292930681	0.0607827272760478	-0.539505648869476	0.719512252894035	1.39794685223831	2.1082812515207	-1.18967751493066	0.322136488667841	0.81535040741584	-1.17686951410462	0.901439799993036	-0.863092182784167	2.05951494234005	-0.0452607409788981	1.02602059820268	0.111792188731065	1.15628936551899	-0.686962796337492	0.629423122037414	-1.0648026419945	0.583680478533503	-0.393090209014416	-0.992040573883917	0.747364731403402	1.39041065420715
Neutrophil	-0.375304347257377	-0.375304347257377	1.27611494635151	1.33568436443306	2.05304204415094	-0.375304347257377	-0.375304347257377	-0.375304347257377	-0.375304347257377	-0.375304347257377	-0.375304347257377	1.76392698897005	-0.375304347257377	-0.375304347257377	-0.375304347257377	-0.375304347257377	-0.375304347257377	-0.375304347257377	-0.375304347257377	-0.375304347257377	-0.375304347257377	-0.375304347257377	-0.375304347257377	-0.375304347257377	-0.375304347257377	-0.375304347257377	-0.375304347257377	-0.375304347257377	-0.375304347257377	-0.375304347257377	-0.375304347257377	-0.375304347257377	0.369544413427127	4.46081766038863	-0.375304347257377	-0.375304347257377
NK cell	-0.427391083805109	-0.447100723033573	-0.737662169175853	-1.26050394936884	-1.08993470027244	0.340728891706683	-1.08846584591099	-0.195276169047963	-1.06639667092611	0.950716568017162	0.396643303193402	-1.33637900075282	0.46731574828467	-0.321657105132717	0.887772842557277	-0.00462742557760115	2.69102143799856	-1.28110985206452	-0.0375681758676276	-0.135354752008542	-1.38182287890284	1.31304442448627	-0.496524957231435	1.08192025640649	-0.168711828416145	1.64035075841361	0.341334898926772	1.9446218437113	-0.144582864240029	0.473620184996532	-0.51533245077298	-0.0190313292156198	-0.86229941551254	-1.23923188356533	0.794901929883045	0.932972142219861
T cell CD4+ (non-regulatory)	0.420897465504265	0.594776304690127	2.26764516022142	-0.38774174083576	4.91606967599883	0.00201096000982063	-0.38774174083576	-0.38774174083576	-0.38774174083576	-0.38774174083576	-0.38774174083576	-0.38774174083576	-0.38774174083576	0.622870591453593	0.761247028464014	-0.38774174083576	-0.38774174083576	0.161701687589979	-0.38774174083576	-0.38774174083576	-0.38774174083576	-0.38774174083576	0.483876431332345	-0.38774174083576	-0.38774174083576	-0.38774174083576	-0.38774174083576	-0.38774174083576	-0.14981004353464	-0.38774174083576	-0.38774174083576	-0.38774174083576	-0.38774174083576	-0.38774174083576	-0.38774174083576	-0.38774174083576
T cell CD8+	-0.371314483958125	2.05791626610257	2.24506321407018	-0.371314483958125	-0.371314483958125	-0.371314483958125	-0.371314483958125	-0.371314483958125	-0.371314483958125	-0.371314483958125	-0.371314483958125	2.16920411096662	-0.371314483958125	-0.371314483958125	-0.371314483958125	-0.371314483958125	-0.371314483958125	-0.371314483958125	-0.371314483958125	1.09598603918323	-0.371314483958125	-0.371314483958125	-0.371314483958125	-0.371314483958125	-0.371314483958125	-0.371314483958125	-0.371314483958125	-0.371314483958125	-0.371314483958125	-0.371314483958125	-0.371314483958125	3.94257937237927	-0.371314483958125	-0.371314483958125	-0.371314483958125	-0.371314483958125
T cell regulatory (Tregs)	0.0925871976957191	0.112834183674412	4.11312163806439	-0.487542366175262	0.695266240281696	-0.487542366175262	0.0221545525966347	-0.487542366175262	-0.487542366175262	-0.487542366175262	1.60886177409502	-0.487542366175262	-0.487542366175262	0.616700561327997	-0.487542366175262	-0.487542366175262	-0.487542366175262	-0.487542366175262	0.987236601328904	-0.487542366175262	-0.487542366175262	1.79502657476013	-0.226672285087823	-0.487542366175262	-0.487542366175262	-0.487542366175262	-0.487542366175262	-0.487542366175262	2.14734918833995	-0.37474831788139	-0.487542366175262	-0.487542366175262	-0.487542366175262	-0.376243487164624	-0.487542366175262	-0.487542366175262
Myeloid dendritic cell	1.17403519182694	0.0892412164685659	-0.190960223086823	0.169549415095359	0.292452983126756	-0.811340942761361	-0.129871068329458	-0.811340942761361	-0.811340942761361	-0.811340942761361	2.13916047798142	0.631733249752635	-0.811340942761361	0.403749298041593	-0.811340942761361	-0.811340942761361	-0.811340942761361	0.415254993551576	0.375689491827986	-0.811340942761361	-0.130871760966493	-0.811340942761361	0.876260851004352	-0.811340942761361	2.39298271464532	-0.811340942761361	1.5006763628834	-0.811340942761361	2.23865240749614	-0.811340942761361	1.19089944565637	1.0568090087533	-0.702648028785809	-0.811340942761361	-0.811340942761361	-0.811340942761361
