miRNA,baseMean,log2FoldChange,lfcSE,pvalue,padj
hsa-miR-1-3p,5979.2493942437095,-1.5957463189499486,0.6952151976956892,0.00310311090156812,0.02247799661472036
hsa-miR-320b,2171.495230767731,2.7787966948427147,0.4921443581325782,8.244877080671735e-10,5.076488602527883e-8
hsa-miR-190b-5p,50.65632818818849,2.649857913900006,0.6755506363833961,3.107651499130232e-6,8.130085360235258e-5
hsa-miR-296-5p,105.42139936230924,1.653675722610516,0.5490552885392381,4.111669288175634e-4,0.00437562830420666
hsa-miR-128-2-3p,117958.29940751086,-1.4530772557724367,0.6854562205939543,0.00583815081575068,0.03673347447574518
hsa-miR-133a-3p,648.4641675603557,-1.6494174021275816,0.6072658218502492,9.822795902504492e-4,0.00900771283825411
hsa-miR-16-5p,10869.854742091266,0.9882115087823322,0.3665264471240349,0.00215195340172988,0.01706501698164406
hsa-miR-342-3p,5385.844466117754,-0.907580924229712,0.3226518820726287,0.00166684009755655,0.01422590261478962
hsa-miR-139-5p,23976.979874649795,-2.8614250815387563,0.5936819242851916,4.1162297214268446e-8,1.9068701792610789e-6
hsa-miR-629-5p,1139.2026158147664,1.2221173461068082,0.536362176243992,0.00540921734338382,0.03456219195263894
hsa-miR-6503-5p,7.932892697198167,2.111913991613003,1.4607490552877318,0.00145978697111563,0.01258336369101681
hsa-miR-106b-5p,2734.1944350888366,1.3238800952929903,0.36485785841352303,6.205022875484195e-5,9.383736348539256e-4
hsa-miR-216a-5p,80.95003781644256,2.0868520573898537,0.8355434218998261,6.854615247561512e-4,0.00669792324974188
hsa-miR-138-5p,5706.980300581165,-1.079369385820821,0.42441925495552607,0.00305097353156888,0.02241745358240916
hsa-miR-891a-5p,145.56652840049745,3.3630346262159363,0.9779091553930988,5.430639507673485e-7,1.8724845022458174e-5
hsa-miR-92a-3p,31359.168960735096,1.6863027860584443,0.46962232362392087,5.680210597463387e-5,8.743467026809714e-4
hsa-miR-6842-3p,140.84465941026187,-1.4250637641562682,0.6179889778890468,0.00390650981914397,0.02737732897643985
hsa-miR-320e,20.153928828436385,2.2933164373616934,2.465997058336109,0.00176655733293233,0.01464204250949685
hsa-miR-582-5p,360.58007359235495,-1.4750771939991094,0.4428895410958876,1.6840659890241764e-4,0.00213480129785123
hsa-miR-542-3p,1033.4162664083915,1.9916429523020904,0.6083342190730312,1.1767172865437798e-4,0.00163601661451731
hsa-miR-1249-3p,333.32460606784076,-1.3917517471409586,0.5006923763554351,0.00109018999549312,0.00978899766786531
hsa-miR-17-5p,6145.311532882516,1.750776716605032,0.45104024552737,1.7997305828125784e-5,3.3725386138792234e-4
hsa-miR-576-5p,98.92288475493822,1.5225185875478735,0.3147213241735594,2.851505713258793e-7,1.0686947499256868e-5
hsa-miR-19b-1-3p,2336.2358972981306,1.4669346493932265,0.4609301000967762,2.817056051528007e-4,0.00328148961677992
hsa-miR-455-5p,7453.730678039612,1.9961485217612356,0.5499263464053754,3.581603565140443e-5,6.174684546302124e-4
hsa-miR-660-5p,1328.654255034689,1.412362287991102,0.4196374807666215,1.5545707899865163e-4,0.0020303636681339
hsa-miR-4661-5p,9.653335943797272,2.1844744812089116,1.2171219370516475,9.98838782630481e-4,0.00906314769081552
hsa-miR-19a-3p,1017.9156429706464,2.0373305874280545,0.3829332023203928,1.8695390930032592e-8,1.0072141863555055e-6
hsa-miR-92a-1-3p,33866.48514654689,1.6832026469604098,0.4624545792757674,4.756345537384699e-5,7.884557410049251e-4
hsa-miR-3144-3p,27.682447098881653,1.5718398276222303,1.271106272855375,0.00762111654460693,0.04626339761585334
hsa-miR-491-5p,142.81720616853897,-1.2157611086647988,0.5677215463030093,0.00774700909283076,0.04637445720847302
hsa-miR-28-3p,3591.365667995412,1.522553047077148,0.5323769128125011,7.506712108503401e-4,0.0071107536676153
hsa-miR-550a-3-3p,33.73089847203848,0.8655677275478345,0.34320228162492034,0.00428866288943339,0.02897619131702932
hsa-miR-135b-5p,944.3208901871096,2.6292519712742406,0.856181930465066,3.698361180245813e-5,6.250955563474296e-4
hsa-miR-92a-2-3p,31359.168960735096,1.6863027860584443,0.46962232362392087,5.680210597463387e-5,8.743467026809714e-4
hsa-miR-450b-5p,920.070591394565,2.8471633074747125,0.5898683759129134,4.2030781213411255e-8,1.9068701792610789e-6
hsa-miR-423-3p,13530.655203442107,0.847646792262704,0.3369515807823906,0.00448739716603736,0.02998555315600162
hsa-miR-193a-5p,258.88867363373686,1.5887859551469994,0.5416716858191407,5.611098475995056e-4,0.0056241475422183
hsa-miR-766-3p,94.41010702044612,-1.1412156265758262,0.5010798512495218,0.00597189860334688,0.03730272895713776
hsa-miR-3074-5p,32.20332323693832,1.887487892736071,0.6637080159548967,4.853339494728206e-4,0.00504045619813941
hsa-miR-182-5p,2483.608775422539,2.720965461091711,0.7180703347362885,3.77672206692483e-6,9.301526919112012e-5
hsa-miR-93-5p,8812.142196818715,1.57472914173816,0.3271868518431715,3.189533770941884e-7,1.14557421272996e-5
hsa-miR-548y,4.926135371817045,2.4786479905298613,1.548177370257504,5.00875866027678e-4,0.0051399404347126
hsa-miR-892a,32.563297953582264,2.368462995945138,0.9936605558166732,3.1747600452205143e-4,0.00355408202464945
hsa-miR-203a-3p,430.8319082532155,-2.747132586882054,0.582374628976662,9.702149716341769e-8,3.982501454993621e-6
hsa-miR-212-5p,489.22426628187367,-2.2164258011846427,0.5554205243839095,6.858016345183338e-6,1.515797458858471e-4
hsa-miR-216b-5p,136.08372449090896,3.130750675176793,1.0444957796599856,5.400344397110122e-6,1.2581342892726825e-4
hsa-miR-10b-5p,2815.2704250135575,2.848878062464227,0.8295587699757337,6.3049077478735025e-6,1.430218547017621e-4
hsa-miR-501-3p,518.0410062078882,1.737069828901894,0.4029120518766967,3.0698109343685346e-6,8.130085360235258e-5
hsa-miR-18a-5p,139.06021946632904,1.78247681706007,0.4962669767605482,5.210830343514176e-5,8.318029177980036e-4
hsa-miR-1269a,618.1958157856789,4.994667501588292,2.279693716928801,3.715157728628564e-6,9.301526919112012e-5
hsa-miR-21-5p,221986.5496988093,2.612237174020199,0.6761532678355824,4.294070327223543e-6,1.0281912839074149e-4
hsa-miR-3059-5p,227.7757114612502,-2.0368341328566153,0.6306237845525147,1.2515654241159702e-4,0.00171245935807613
hsa-miR-210-3p,2137.381890541974,1.731968918392653,0.7435018982340735,0.00224343156794404,0.01748783468082377
hsa-miR-200c-3p,63.873813539781,0.8949826910510876,0.3564844620837997,0.00424865119719906,0.02897619131702932
hsa-miR-20a-5p,9153.39508361925,1.6057919296032188,0.47933339600107006,1.424169481001875e-4,0.00188866783480556
hsa-miR-130a-3p,1057.800383920695,1.5679270363904576,0.546412585037753,6.953600994822286e-4,0.00669792324974188
hsa-miR-502-3p,554.2085240620592,1.5555679238949085,0.5340308176449723,6.178578667445596e-4,0.00612176415096333
hsa-miR-935,390.2211908077036,-1.8435794109219383,0.4605961225908339,1.0357100624420831e-5,2.0762373809885484e-4
hsa-miR-7706,58.5123202018966,1.3727907210111348,0.5937687990971993,0.00412051489368954,0.0284150707068831
hsa-miR-892c-3p,6.582345752368015,2.5729444816728333,1.8153688310034912,5.170501197506327e-4,0.00524349650852994
hsa-miR-888-5p,48.87844209807277,2.632584842710471,1.2926292492003717,1.945596045397372e-4,0.0024305852045399
hsa-miR-760,276.2394232445317,-1.15544819795569,0.45248137551238754,0.00271737257416572,0.02036847964287702
hsa-miR-873-5p,64.85573384995942,23.762717285578923,3.370752043831827,9.206336259129388e-13,1.1336945507670759e-10
hsa-miR-744-5p,4654.829638381299,-1.3785526589656298,0.3156725428596852,2.7416458747885245e-6,7.877662480225694e-5
hsa-miR-891b,4.9902652332149415,1.665161129295709,1.1635359276776116,0.00622804101158358,0.03862281548190686
hsa-miR-505-3p,823.1623317817408,1.622299092755893,0.39756224635060494,8.715763202513056e-6,1.8324360684307935e-4
hsa-miR-9903,4.038638399348294,2.135167343606081,1.4577158563849966,0.00135771204929806,0.01182169481308014
hsa-miR-504-5p,1992.454589749695,-1.7905869595026749,0.46732724479538457,2.118425685498423e-5,3.885282852977959e-4
hsa-miR-378d,84.74578871558714,23.660679763442797,3.370810316134863,1.1512621087329836e-12,1.2404849221597899e-10
hsa-miR-10a-5p,1006.089003142574,1.9747862714511737,0.6824286737348884,3.633849331298879e-4,0.00401586938920465
hsa-miR-190a-5p,329.90687153550795,-1.129912883528005,0.4654088288357335,0.00400915407169802,0.02787008717583627
hsa-miR-155-5p,2550.013215807106,1.939652802012009,0.5755945096734476,9.34562141608595e-5,0.00138895270011484
hsa-miR-424-3p,429.937391276196,1.670090210149771,0.5526335677903211,3.913186086354928e-4,0.00421645800804743
hsa-miR-320c,911.5472178618874,2.9307548352309785,0.5757082861720046,8.861044664878247e-9,5.092147000750033e-7
hsa-miR-450a-5p,2022.9864711624075,2.4134010137511717,0.5655199293317501,1.5846750493179775e-6,5.0592218241188765e-5
hsa-miR-96-5p,546.6561524666872,2.862055478438843,0.7509840084280786,2.0015943835658215e-6,6.162051280834778e-5
hsa-miR-5004-3p,2.608006527108634,-2.3806641051478548,0.920191876536954,2.2829448273607288e-4,0.00281128348740706
hsa-miR-4679,53.65864028244696,1.9923260683952353,1.5415247402811585,0.00213327929503988,0.01706501698164406
hsa-miR-328-3p,5582.969816860612,-1.5058506284420885,0.4373914165311199,1.1066474185353993e-4,0.00156381979471723
hsa-miR-206,271.1157575712557,2.139248647893958,0.9228127539187913,7.699932863160511e-4,0.00721450231309169
hsa-miR-1911-5p,29.949462432644783,2.0893401399931073,1.0553055846396877,0.00126373842179273,0.01111573999576873
hsa-miR-1305,5.898465833610053,2.9536842967345636,1.5702630704644271,1.0457396161602828e-4,0.00150237924855027
hsa-miR-32-5p,869.9053817081088,1.357031801253166,0.4044436416356567,1.6758760889861335e-4,0.00213480129785123
hsa-miR-217-5p,450.7607897922136,2.2461093282215985,0.8125126056924546,2.579227643872342e-4,0.00308790865141383
hsa-miR-769-5p,14098.719752587269,-2.1647098172925667,0.4119859433389851,2.3176206029143388e-8,1.1751699763012705e-6
hsa-miR-345-5p,1036.4849115018137,0.7570493764395737,0.30279668960473743,0.00541287228956642,0.03456219195263894
hsa-miR-1301-3p,808.6021295125302,-0.7745901977958318,0.2854261501753894,0.00279372062409228,0.02076023429282373
hsa-miR-19b-2-3p,2340.301980396167,1.4690382937039068,0.46028841309291146,2.7283002726112923e-4,0.00322163676026155
hsa-miR-145-5p,3021.2133603521356,-1.206909686235342,0.5460371051358046,0.00657976481222185,0.04051255191525171
hsa-miR-7-5p,231948.22789242936,-3.3183603801402506,0.5952702413610157,1.0822899848012944e-10,8.481217880897415e-9
hsa-miR-532-5p,6829.581607429267,1.8354616567781816,0.4275039389718048,3.1124456715517808e-6,8.130085360235258e-5
hsa-miR-425-5p,4004.9074273056535,-1.160548276956432,0.46242907357036095,0.00306874654608385,0.02241745358240916
hsa-miR-137-3p,1214.9176767666866,-2.485087030754792,0.6879202438242698,1.4251594234131932e-5,2.7299720510714945e-4
hsa-miR-1278,31.76952530166186,1.0122213484525704,0.37556591793073096,0.00209445849065254,0.01703229451832543
hsa-miR-490-3p,530.9929145989765,-1.2851603829084564,0.6098141817308113,0.00768831171875246,0.04634492798296941
hsa-miR-320a-3p,14358.56416608794,2.0305479659861563,0.46803131419877175,2.1476368057920317e-6,6.383665264112867e-5
hsa-miR-92b-3p,31875.174810654808,2.0089725385625914,0.4998062552542265,8.2050141259197e-6,1.7681805441356954e-4
hsa-miR-653-3p,16.167568461567214,1.7765623139663225,0.7799157360521544,0.00227220125783325,0.01748783468082377
hsa-miR-148a-3p,55427.46456486235,1.2043538447290754,0.4879139338590498,0.0032892821602746,0.02362801018463922
hsa-miR-222-3p,4078.20290762496,-1.6429358833690766,0.6859068486879166,0.00227040475025895,0.01748783468082377
hsa-miR-183-5p,1335.11014516427,2.550120096904944,0.7647539325411252,2.6068007586875273e-05,4.6462255539176143e-4
hsa-miR-129-5p,17519.727701861477,-1.581300485626115,0.6242185787542788,0.00176287022622378,0.01464204250949685
hsa-miR-221-3p,16798.12544713868,-1.6271641945571795,0.6838984805050208,0.00242061033315357,0.01846518678918924
hsa-miR-25-3p,10395.978577310852,1.7451331816785969,0.29555392698312927,8.11205632821852e-10,5.076488602527883e-8
hsa-miR-892b,9.374292854080808,2.8514242114823145,1.993412343315369,3.0891761015632187e-4,0.00350377605203617
hsa-miR-503-5p,287.42786608685174,2.5486969731203124,0.596331777646472,1.1241733316232112e-6,3.727066968689262e-5
hsa-miR-5010-3p,199.03858276308745,-1.573498201945846,0.3873773836237346,9.64398245237808e-6,1.9793125890356917e-4
hsa-miR-3613-5p,594.9205422705112,1.2082785344105649,0.492096388192211,0.00339712620840218,0.0242010148069643
hsa-miR-301b-3p,68.91522415656027,1.3129699021009231,0.5760175178584785,0.00483191242072297,0.03203929620510158
hsa-miR-6501-5p,2.702863239103215,1.9731697257001388,1.3067468708967929,0.00215787337702923,0.01706501698164406
hsa-miR-3912-3p,50.77636847162266,-1.2715114207577125,0.5603885526818924,0.00522440645714782,0.03437739210733914
hsa-miR-3065-5p,366.82966903256704,1.755969647202715,0.5563872400330233,2.3380737258965828e-4,0.00283861908693359
hsa-miR-4425,4.115348394986603,1.83716784421544,1.1050468201439754,0.00349342373228286,0.02468304309203142
hsa-miR-500a-3p,802.7350177851794,1.809253257439497,0.45402295484005983,1.1433315610940356e-5,2.2398904674160425e-4
hsa-miR-433-3p,1977.645964857979,-1.6949494323986891,0.5464939649366923,2.973317379536048e-4,0.00341733277488009
hsa-miR-362-5p,364.6940354813767,1.4356091369185342,0.3747523983999301,2.6411258949183654e-5,4.6462255539176143e-4
hsa-miR-320d,402.8518227747688,2.237811016660946,1.082251635754763,6.993191328036766e-4,0.00669792324974188
NovelmiRNA-3277,4.389500705456335,-2.1782529333360854,1.400831960851497,0.00114955474451261,0.01021563082236986
NovelmiRNA-1280,24.966958545640423,2.88309036424603,2.920368956197499,8.610545798221769e-4,0.00798095750329802
NovelmiRNA-3143,7.481683583356027,-2.6912816590423705,1.810682204974256,3.69251274930994e-4,0.00402904555684198
NovelmiRNA-1805,76.64358722307323,24.09157173765858,3.370556711943119,4.449946421203798e-13,6.393089691796122e-11
NovelmiRNA-2975,648.8042025996435,-25.95740475264668,3.325672732381452,2.690879558953599e-15,5.798845449545006e-13
NovelmiRNA-280,41.69626563525375,23.273648481796467,3.3710983343942496,2.6676685892348018e-12,2.5550336932448876e-10
NovelmiRNA-1638,313.4664547685439,0.7370398793628535,0.2844789131909793,0.00430272910508092,0.02897619131702932
NovelmiRNA-3557,5.617385569161222,-3.943765242684441,1.150456488543515,4.5259691461195226e-8,1.950692701977514e-6
NovelmiRNA-1734,3325.4916304332473,29.191512366364556,3.3699606447100283,1.70154745334206e-18,1.4667339047808556e-15
NovelmiRNA-3770,7.218474798711988,-3.231400363917815,1.6761420965286709,5.114491374395206e-5,8.318029177980036e-4
hsa-miR-770-3p,33.232371607440285,-1.8100116574812344,0.7798185802436628,0.00193636761546715,0.01589665604316844
hsa-miR-556-3p,13.228339786979118,1.6544993717293086,0.6642588417803301,0.0017659402186213,0.01464204250949685
hsa-miR-6733-3p,19.927636684525503,-1.2672073958347545,0.5626050766605283,0.00548222285701408,0.03474761840254515
hsa-miR-1304-5p,10.76832674576522,1.702141880313957,0.925885505021004,0.00534246563508861,0.03456219195263894
hsa-miR-3074-3p,20.866685276582505,1.715715789042486,0.7503019114651927,0.00253757628367798,0.01918763821517918
hsa-miR-132-3p,5913.603326749895,-2.259232728540976,0.4689567907507717,1.825987412816432e-7,7.154550681126202e-6
hsa-miR-130b-3p,636.7370767650654,2.3036234253448313,0.3879367946002395,4.14022275287175e-10,2.974060010812874e-8
hsa-miR-3622a-3p,35.308423151567034,2.0200934985186225,0.7277658380989035,4.4762518676675814e-4,0.00470552330479201
hsa-miR-2682-3p,648.9770361484577,-2.317270744380886,0.775558002699797,1.27920760141925e-4,0.00172293273816155
NovelmiRNA-1819,15.971180486284734,22.224884424894785,3.372557441048418,2.4499173327031752e-11,2.111828740790137e-9
NovelmiRNA-2979,438.0375689414756,-26.789774720110263,3.235793672603783,5.3463040690332904e-17,2.3042570537533484e-14
NovelmiRNA-3473,180.4743394950175,24.59932211756571,3.3701741512908243,1.4189238024055677e-13,2.446224635347199e-11
NovelmiRNA-507,2.0105547187005346,-1.6143172207067182,1.1562542411159398,0.00742234513846048,0.04537632276136837
NovelmiRNA-1515,4.812566813071924,-2.9282047287675588,1.5053773097597518,9.84810202184882e-5,0.00143882439709045
NovelmiRNA-2383,5.762553689972658,-1.5384337304307831,1.2970504589538356,0.00822414688264148,0.04889113526094455
NovelmiRNA-1559,9.157491165234266,1.428934850694588,0.6570143582357046,0.0053420039493123,0.03456219195263894
NovelmiRNA-1566,115.54193125412772,-27.051296914596712,3.325760295082292,1.7604997442894862e-16,5.05850259859179e-14
