Category,miRNA,direction
Paired T vs AN,hsa-miR-320b,up
Paired T vs AN,hsa-miR-190b-5p,up
Paired T vs AN,hsa-miR-16-5p,up
Paired T vs AN,hsa-miR-6503-5p,up
Paired T vs AN,hsa-miR-500a-5p,up
Paired T vs AN,hsa-miR-17-5p,up
Paired T vs AN,hsa-miR-576-5p,up
Paired T vs AN,hsa-miR-19b-1-3p,up
Paired T vs AN,hsa-miR-660-5p,up
Paired T vs AN,hsa-miR-19a-3p,up
Paired T vs AN,hsa-miR-3144-3p,up
Paired T vs AN,hsa-miR-28-3p,up
Paired T vs AN,hsa-miR-193a-5p,up
Paired T vs AN,hsa-miR-3074-5p,up
Paired T vs AN,hsa-miR-324-3p,up
Paired T vs AN,hsa-miR-182-5p,up
Paired T vs AN,hsa-miR-93-5p,up
Paired T vs AN,hsa-miR-454-3p,up
Paired T vs AN,hsa-miR-501-3p,up
Paired T vs AN,hsa-miR-18a-5p,up
Paired T vs AN,hsa-miR-21-5p,up
Paired T vs AN,hsa-miR-1295a,up
Paired T vs AN,hsa-miR-301a-5p,up
Paired T vs AN,hsa-miR-548av-5p,up
Paired T vs AN,hsa-miR-20a-5p,up
Paired T vs AN,hsa-miR-502-3p,up
Paired T vs AN,hsa-miR-10a-5p,up
Paired T vs AN,hsa-miR-155-5p,up
Paired T vs AN,hsa-miR-424-3p,up
Paired T vs AN,hsa-miR-450a-5p,up
Paired T vs AN,hsa-miR-96-5p,up
Paired T vs AN,hsa-miR-32-5p,up
Paired T vs AN,hsa-miR-19b-2-3p,up
Paired T vs AN,hsa-miR-532-5p,up
Paired T vs AN,hsa-miR-204-5p,up
Paired T vs AN,hsa-miR-320a-3p,up
Paired T vs AN,hsa-miR-148a-3p,up
Paired T vs AN,hsa-miR-183-5p,up
Paired T vs AN,hsa-miR-25-3p,up
Paired T vs AN,hsa-miR-503-5p,up
Paired T vs AN,hsa-miR-3613-5p,up
Paired T vs AN,hsa-miR-500a-3p,up
Paired T vs AN,hsa-miR-362-5p,up
Paired T vs AN,hsa-miR-320d,up
Paired T vs AN,NovelmiRNA-853,up
Paired T vs AN,NovelmiRNA-1638,up
Paired T vs AN,NovelmiRNA-679,up
Paired T vs AN,hsa-miR-873-3p,up
Paired T vs AN,hsa-miR-767-3p,up
Paired T vs AN,hsa-miR-3074-3p,up
Paired T vs AN,NovelmiRNA-1736,up
Paired T vs AN,NovelmiRNA-1303,up
Paired T vs AN,NovelmiRNA-104,up
T vs HN,hsa-miR-9983-3p,up
T vs HN,hsa-miR-675-3p,up
T vs HN,hsa-miR-548y,up
T vs HN,hsa-miR-6499-5p,up
T vs HN,hsa-miR-208b-3p,up
T vs HN,hsa-miR-210-3p,up
T vs HN,hsa-miR-130a-3p,up
T vs HN,hsa-miR-873-5p,up
T vs HN,hsa-miR-891b,up
T vs HN,hsa-miR-675-5p,up
T vs HN,hsa-miR-1911-5p,up
T vs HN,hsa-miR-195-5p,up
T vs HN,hsa-miR-892b,up
T vs HN,hsa-miR-4425,up
T vs HN,NovelmiRNA-3493,up
T vs HN,NovelmiRNA-1805,up
T vs HN,NovelmiRNA-280,up
T vs HN,NovelmiRNA-2786,up
T vs HN,NovelmiRNA-1819,up
T vs HN,NovelmiRNA-78,up
T vs HN,NovelmiRNA-2360,up
Shared,hsa-miR-216a-5p,up
Shared,hsa-miR-891a-5p,up
Shared,hsa-miR-542-3p,up
Shared,hsa-miR-455-5p,up
Shared,hsa-miR-135b-5p,up
Shared,hsa-miR-450b-5p,up
Shared,hsa-miR-892a,up
Shared,hsa-miR-216b-5p,up
Shared,hsa-miR-10b-5p,up
Shared,hsa-miR-1269a,up
Shared,hsa-miR-888-5p,up
Shared,hsa-miR-505-3p,up
Shared,hsa-miR-378d,up
Shared,hsa-miR-320c,up
Shared,hsa-miR-206,up
Shared,hsa-miR-217-5p,up
Shared,hsa-miR-92b-3p,up
Shared,hsa-miR-301b-3p,up
Shared,hsa-miR-3065-5p,up
Shared,NovelmiRNA-1734,up
Shared,hsa-miR-556-3p,up
Shared,hsa-miR-130b-3p,up
Shared,NovelmiRNA-529,up
Paired T vs AN,hsa-miR-128-2-3p,down
Paired T vs AN,hsa-miR-133a-3p,down
Paired T vs AN,hsa-miR-323b-3p,down
Paired T vs AN,hsa-miR-138-5p,down
Paired T vs AN,hsa-miR-668-3p,down
Paired T vs AN,hsa-miR-6842-3p,down
Paired T vs AN,hsa-miR-1180-3p,down
Paired T vs AN,hsa-miR-1249-3p,down
Paired T vs AN,hsa-miR-491-5p,down
Paired T vs AN,hsa-miR-378i,down
Paired T vs AN,hsa-miR-143-3p,down
Paired T vs AN,hsa-miR-29a-3p,down
Paired T vs AN,hsa-miR-203b-3p,down
Paired T vs AN,hsa-miR-935,down
Paired T vs AN,hsa-miR-5002-5p,down
Paired T vs AN,hsa-miR-504-5p,down
Paired T vs AN,hsa-miR-6507-5p,down
Paired T vs AN,hsa-miR-328-3p,down
Paired T vs AN,hsa-miR-496,down
Paired T vs AN,hsa-miR-3085-3p,down
Paired T vs AN,hsa-miR-490-3p,down
Paired T vs AN,hsa-miR-3943,down
Paired T vs AN,hsa-miR-128-1-3p,down
Paired T vs AN,hsa-miR-129-5p,down
Paired T vs AN,hsa-miR-221-3p,down
Paired T vs AN,hsa-miR-516a-5p,down
Paired T vs AN,hsa-miR-1197,down
Paired T vs AN,hsa-miR-433-3p,down
Paired T vs AN,hsa-miR-2113,down
Paired T vs AN,hsa-miR-1843,down
Paired T vs AN,NovelmiRNA-3277,down
Paired T vs AN,NovelmiRNA-3143,down
Paired T vs AN,NovelmiRNA-151,down
Paired T vs AN,NovelmiRNA-2497,down
Paired T vs AN,NovelmiRNA-2975,down
Paired T vs AN,NovelmiRNA-3557,down
Paired T vs AN,NovelmiRNA-3770,down
Paired T vs AN,hsa-miR-6733-3p,down
Paired T vs AN,hsa-miR-520b-3p,down
Paired T vs AN,hsa-miR-671-5p,down
Paired T vs AN,hsa-miR-876-3p,down
Paired T vs AN,hsa-miR-2682-3p,down
Paired T vs AN,NovelmiRNA-2986,down
Paired T vs AN,NovelmiRNA-1533,down
Paired T vs AN,NovelmiRNA-2979,down
Paired T vs AN,NovelmiRNA-1515,down
Paired T vs AN,NovelmiRNA-2976,down
T vs HN,hsa-miR-185-5p,down
T vs HN,hsa-miR-486-5p,down
T vs HN,hsa-miR-3179,down
T vs HN,hsa-miR-5004-3p,down
T vs HN,hsa-miR-23c,down
T vs HN,NovelmiRNA-880,down
T vs HN,hsa-miR-3615,down
T vs HN,NovelmiRNA-3690,down
Shared,hsa-miR-342-3p,down
Shared,hsa-miR-139-5p,down
Shared,hsa-miR-582-5p,down
Shared,hsa-miR-766-3p,down
Shared,hsa-miR-203a-3p,down
Shared,hsa-miR-212-5p,down
Shared,hsa-miR-3059-5p,down
Shared,hsa-miR-760,down
Shared,hsa-miR-744-5p,down
Shared,hsa-miR-769-5p,down
Shared,hsa-miR-145-5p,down
Shared,hsa-miR-7-5p,down
Shared,hsa-miR-137-3p,down
Shared,hsa-miR-222-3p,down
Shared,hsa-miR-5010-3p,down
Shared,hsa-miR-3200-3p,down
Shared,hsa-miR-770-3p,down
Shared,hsa-miR-132-3p,down
