Category,miRNA
Paired T vs AN,hsa-miR-378i
Paired T vs AN,hsa-miR-2355-3p
Paired T vs AN,hsa-miR-136-3p
Paired T vs AN,hsa-miR-378d
Paired T vs AN,NovelmiRNA-1735
Paired T vs AN,NovelmiRNA-1378
Paired T vs AN,NovelmiRNA-3495
Paired T vs AN,NovelmiRNA-696
Paired T vs AN,NovelmiRNA-2976
Paired T vs AN,NovelmiRNA-1300
T vs HN,hsa-miR-203b-3p
T vs HN,hsa-miR-324-3p
T vs HN,hsa-miR-486-5p
T vs HN,hsa-miR-219a-5p
T vs HN,hsa-miR-3200-3p
T vs HN,NovelmiRNA-3023
T vs HN,NovelmiRNA-3629
T vs HN,hsa-miR-106b-3p
T vs HN,hsa-miR-3617-3p
T vs HN,hsa-miR-3615
Shared,hsa-miR-421
