KEGG_pathway	7316-8049-CC1	7316-9623-CC1	7316-7585-left-pons
KEGG_ABC_TRANSPORTERS	-0.2216734763590547	0.17094360901387828	0.18349901659232437
KEGG_ACUTE_MYELOID_LEUKEMIA	-0.023365588191718745	0.21673202825171073	-0.24875128888578069
KEGG_ADHERENS_JUNCTION	0.05391773464172375	0.3786144210219387	-0.5199193938558506
KEGG_ADIPOCYTOKINE_SIGNALING_PATHWAY	-0.09687729959106982	0.1948125244454806	-0.23355561766041183
KEGG_ALANINE_ASPARTATE_AND_GLUTAMATE_METABOLISM	0.04519895525521636	0.2570790932862596	-0.2950200132988868
KEGG_ALDOSTERONE_REGULATED_SODIUM_REABSORPTION	-0.015021714030446859	0.3319652055714176	-0.24601571247397683
KEGG_ALLOGRAFT_REJECTION	-0.15619902499521993	0.37705735205642055	-0.29298521932544547
KEGG_ALPHA_LINOLENIC_ACID_METABOLISM	0.13796881789217205	0.10171704380751626	-0.008939026814084955
KEGG_ALZHEIMERS_DISEASE	0.3109593565367611	0.30815581256767766	-0.5313994910034162
KEGG_AMINO_SUGAR_AND_NUCLEOTIDE_SUGAR_METABOLISM	-0.27612004362535403	0.4330477118093659	-0.27807381844476614
KEGG_AMINOACYL_TRNA_BIOSYNTHESIS	-0.06899152289543914	0.3564679884892512	-0.38789521659378734
KEGG_AMYOTROPHIC_LATERAL_SCLEROSIS_ALS	0.17855934183409283	0.05731906300142375	-0.4144932918047993
KEGG_ANTIGEN_PROCESSING_AND_PRESENTATION	0.10850141505696412	0.3889165306493661	-0.48020215941417843
KEGG_APOPTOSIS	-0.04412855109237096	0.28043417223254136	-0.2725079591227544
KEGG_ARACHIDONIC_ACID_METABOLISM	0.27450680962882035	0.08680049236438345	-0.16599183700948317
KEGG_ARGININE_AND_PROLINE_METABOLISM	0.19423141606232036	0.21951250179823156	-0.415822572960768
KEGG_ARRHYTHMOGENIC_RIGHT_VENTRICULAR_CARDIOMYOPATHY_ARVC	-0.00211447368381093	0.31454643296661394	-0.4152249786649082
KEGG_ASCORBATE_AND_ALDARATE_METABOLISM	0.12561265002849542	0.5675309747023018	0.12375609281411315
KEGG_ASTHMA	0.047641656387314796	0.352720817096574	-0.06371632471781583
KEGG_AUTOIMMUNE_THYROID_DISEASE	-0.25669548613135684	0.45823307754653103	-0.30287444959946763
KEGG_AXON_GUIDANCE	0.10259597422611218	0.15532017949027876	-0.35064019209075126
KEGG_B_CELL_RECEPTOR_SIGNALING_PATHWAY	-0.07662962649698077	0.3043528561111088	-0.32707082946315275
KEGG_BASAL_CELL_CARCINOMA	-0.015018978977746428	0.2839977296685716	-0.30514789968468475
KEGG_BASAL_TRANSCRIPTION_FACTORS	0.3226333814898455	-0.1437944545906995	-0.2163426463206531
KEGG_BASE_EXCISION_REPAIR	0.07019104301808819	0.23302028963791427	-0.38986179463902926
KEGG_BETA_ALANINE_METABOLISM	0.21411136068048003	0.0021840268151958053	-0.31687117478659615
KEGG_BIOSYNTHESIS_OF_UNSATURATED_FATTY_ACIDS	0.174096071376087	0.421244988874023	-0.49406776441585415
KEGG_BLADDER_CANCER	0.046627119753301194	0.2155526161202762	-0.4616738065456847
KEGG_BUTANOATE_METABOLISM	0.11026009114752591	0.1402092694408078	-0.41729190524844806
KEGG_CALCIUM_SIGNALING_PATHWAY	0.07953791203898497	0.12010053921871709	-0.3005451775351343
KEGG_CARDIAC_MUSCLE_CONTRACTION	0.34896903865904383	0.3270817106976633	-0.5654804613036291
KEGG_CELL_ADHESION_MOLECULES_CAMS	0.01335083944093804	0.2618508858854431	-0.3351890539800709
KEGG_CELL_CYCLE	0.05346313834270619	0.3495569147379467	-0.43648845087753513
KEGG_CHEMOKINE_SIGNALING_PATHWAY	-0.13223562929404598	0.30956417597323593	-0.29596479303659534
KEGG_CHRONIC_MYELOID_LEUKEMIA	-0.07325668984358522	0.20172761059877697	-0.33741659180607364
KEGG_CIRCADIAN_RHYTHM_MAMMAL	-0.25063146918708257	-0.3868833411264687	0.03900547955490141
KEGG_CITRATE_CYCLE_TCA_CYCLE	0.42417207857445915	0.3418783080174187	-0.6949876300683955
KEGG_COLORECTAL_CANCER	-0.09808047312505908	0.31609386915016524	-0.4655737453254228
KEGG_COMPLEMENT_AND_COAGULATION_CASCADES	-0.23170673672535225	0.4006754535553834	-0.260726528072688
KEGG_CYSTEINE_AND_METHIONINE_METABOLISM	0.025632814373438062	0.08694974126822044	-0.4000020678080565
KEGG_CYTOKINE_CYTOKINE_RECEPTOR_INTERACTION	-0.11908067024164941	0.3096080950806291	-0.2020130865478835
KEGG_CYTOSOLIC_DNA_SENSING_PATHWAY	-0.22494320918840388	0.36537336707973744	-0.10281651869971456
KEGG_DILATED_CARDIOMYOPATHY	-0.039878962391663525	0.33394515159132293	-0.42263136287912006
KEGG_DNA_REPLICATION	-0.32204571882470334	0.4823279003249209	-0.385085234851047
KEGG_DORSO_VENTRAL_AXIS_FORMATION	0.08504183038244295	0.019145845506827852	-0.3759172923623199
KEGG_DRUG_METABOLISM_CYTOCHROME_P450	0.007555942772559818	0.35106308374011846	-0.043006515887896446
KEGG_DRUG_METABOLISM_OTHER_ENZYMES	-0.09047381079313847	0.2266841768777035	0.11287269852952199
KEGG_ECM_RECEPTOR_INTERACTION	-0.09458420510721466	0.43766851548208324	-0.4436110134414176
KEGG_ENDOCYTOSIS	0.016362063346146982	0.18756909652913542	-0.3348575580125641
KEGG_ENDOMETRIAL_CANCER	-0.06134806682424368	0.10313581729302065	-0.32416229106298966
KEGG_EPITHELIAL_CELL_SIGNALING_IN_HELICOBACTER_PYLORI_INFECTION	0.10533110136923007	0.3459065882390935	-0.4261353300968641
KEGG_ERBB_SIGNALING_PATHWAY	-0.07657391323234353	0.13781036484587178	-0.3457738767796495
KEGG_ETHER_LIPID_METABOLISM	0.3384048373777454	0.16350253713118684	-0.36131197286417754
KEGG_FATTY_ACID_METABOLISM	-0.0891989573238953	0.2901897198526248	-0.4143144380455541
KEGG_FC_EPSILON_RI_SIGNALING_PATHWAY	-0.12419144607250457	0.18000958150077376	-0.12440560072825044
KEGG_FC_GAMMA_R_MEDIATED_PHAGOCYTOSIS	-0.20837257902092163	0.30079096177379827	-0.33310362525327736
KEGG_FOCAL_ADHESION	-0.09900001836716701	0.35729322914626477	-0.3915104006749448
KEGG_FOLATE_BIOSYNTHESIS	0.5851349826036696	0.46058916834111435	-0.6735014707006615
KEGG_FRUCTOSE_AND_MANNOSE_METABOLISM	-0.17593403631363352	0.36458454370011645	-0.3098204030739839
KEGG_GALACTOSE_METABOLISM	-0.38597347835800677	0.5973748025487573	-0.29367986905459104
KEGG_GAP_JUNCTION	0.06680544596957311	0.10776014592372418	-0.32979938626392047
KEGG_GLIOMA	0.1977835792805039	-0.023017690571008664	-0.2305066053805811
KEGG_GLUTATHIONE_METABOLISM	0.09804476258500994	0.2711939125438553	-0.4292604428718302
KEGG_GLYCEROLIPID_METABOLISM	0.09119672077162896	0.08854713758664967	-0.3341701561117244
KEGG_GLYCEROPHOSPHOLIPID_METABOLISM	0.12741963364220604	0.0346120089304458	-0.18224316654399858
KEGG_GLYCINE_SERINE_AND_THREONINE_METABOLISM	-0.018294793863293524	0.2568658397118608	-0.342826009254821
KEGG_GLYCOLYSIS_GLUCONEOGENESIS	0.14102549429813865	0.36518891666312625	-0.5387605584987004
KEGG_GLYCOSAMINOGLYCAN_BIOSYNTHESIS_CHONDROITIN_SULFATE	0.1728443073217409	-0.12896195577821207	-0.2422647418037331
KEGG_GLYCOSAMINOGLYCAN_BIOSYNTHESIS_HEPARAN_SULFATE	-0.049347261802228815	-0.201906224694672	0.13790487542669785
KEGG_GLYCOSAMINOGLYCAN_BIOSYNTHESIS_KERATAN_SULFATE	-0.10063398107620392	-0.23362153490697957	-0.11615468785169172
KEGG_GLYCOSAMINOGLYCAN_DEGRADATION	-0.3936352504228808	0.13550749541399704	0.14765064286201335
KEGG_GLYCOSPHINGOLIPID_BIOSYNTHESIS_GANGLIO_SERIES	0.1810344351062343	-0.07019521915538934	-0.18726302083102334
KEGG_GLYCOSPHINGOLIPID_BIOSYNTHESIS_GLOBO_SERIES	0.050019225940496154	0.14109546389994984	-0.4877096138403896
KEGG_GLYCOSPHINGOLIPID_BIOSYNTHESIS_LACTO_AND_NEOLACTO_SERIES	-0.4082886731516051	0.13565465010125022	-0.03594398653348069
KEGG_GLYCOSYLPHOSPHATIDYLINOSITOL_GPI_ANCHOR_BIOSYNTHESIS	0.0046467366657222675	0.20531635959865646	-0.2675121642578107
KEGG_GLYOXYLATE_AND_DICARBOXYLATE_METABOLISM	-0.1575840003554867	0.42517910754941984	-0.4037665752366314
KEGG_GNRH_SIGNALING_PATHWAY	-0.0857176149281846	0.011378788922203759	-0.10235087821103409
KEGG_GRAFT_VERSUS_HOST_DISEASE	-0.24122550552850583	0.47856512820074465	-0.4128157975834029
KEGG_HEDGEHOG_SIGNALING_PATHWAY	-0.03436073020664357	0.0415230505175872	-0.25443753880637837
KEGG_HEMATOPOIETIC_CELL_LINEAGE	-0.3083172435470305	0.36058952231097174	-0.31413413414165015
KEGG_HISTIDINE_METABOLISM	0.014737914251824094	0.1760572071405475	-0.21603713856144147
KEGG_HOMOLOGOUS_RECOMBINATION	-0.3245105707722523	0.25163238872219185	0.11141394741897889
KEGG_HUNTINGTONS_DISEASE	0.30089582326592784	0.24529580151730374	-0.5781353946046627
KEGG_HYPERTROPHIC_CARDIOMYOPATHY_HCM	-0.03975300215910191	0.3879112880379639	-0.44972251006938374
KEGG_INOSITOL_PHOSPHATE_METABOLISM	-0.028818475504572894	0.023325198106095346	-0.22526236467432603
KEGG_INSULIN_SIGNALING_PATHWAY	-0.05887679856807712	0.14155747060748144	-0.2623637236448872
KEGG_INTESTINAL_IMMUNE_NETWORK_FOR_IGA_PRODUCTION	-0.29352708715008485	0.32994551683309287	-0.2526194027460879
KEGG_JAK_STAT_SIGNALING_PATHWAY	-0.1753953941531008	0.27934706126289216	-0.11439871338317834
KEGG_LEISHMANIA_INFECTION	-0.3476408629950465	0.42519605925776993	-0.33280070576478055
KEGG_LEUKOCYTE_TRANSENDOTHELIAL_MIGRATION	-0.007610821735702267	0.34960964229190705	-0.38696632363556727
KEGG_LIMONENE_AND_PINENE_DEGRADATION	-0.173303985662339	0.5873279831013695	-0.6610109312277255
KEGG_LINOLEIC_ACID_METABOLISM	0.32399798717158373	-0.156194790114615	0.1683039441730907
KEGG_LONG_TERM_DEPRESSION	0.21472553823884954	0.2265250168130734	-0.3793472558607232
KEGG_LONG_TERM_POTENTIATION	0.047842038698469536	0.18658879712779286	-0.30805332510000666
KEGG_LYSINE_DEGRADATION	0.07928335679806156	0.0321925101712737	-0.38021963242944873
KEGG_LYSOSOME	-0.13107675228209412	0.23367413621800975	-0.3890861640662264
KEGG_MAPK_SIGNALING_PATHWAY	-0.016569054858502574	0.2447937666761873	-0.2930674912529389
KEGG_MATURITY_ONSET_DIABETES_OF_THE_YOUNG	-0.03857060529330958	-0.1048673671203379	0.3036793634184782
KEGG_MELANOGENESIS	0.12055315735987135	0.0802225640839552	-0.25519941844704924
KEGG_MELANOMA	0.056232170785362384	0.09425614602009005	-0.22669001588854898
KEGG_METABOLISM_OF_XENOBIOTICS_BY_CYTOCHROME_P450	0.027272588458453137	0.2516860313105951	-0.059153759273641554
KEGG_MISMATCH_REPAIR	0.01775168535576352	0.22762119818145649	-0.3371030836442763
KEGG_MTOR_SIGNALING_PATHWAY	-0.18729711441004857	0.22785646212829058	-0.15712509813622808
KEGG_N_GLYCAN_BIOSYNTHESIS	-0.15415871540514525	0.167311074890389	-0.352376438827859
KEGG_NATURAL_KILLER_CELL_MEDIATED_CYTOTOXICITY	-0.10881722094145325	0.43010332449633354	-0.4086113085891991
KEGG_NEUROACTIVE_LIGAND_RECEPTOR_INTERACTION	-0.09270630222519098	0.17965435848596073	-0.17865625966892817
KEGG_NEUROTROPHIN_SIGNALING_PATHWAY	-0.0045643308253972	0.23103038222023559	-0.32860028193230445
KEGG_NICOTINATE_AND_NICOTINAMIDE_METABOLISM	0.0669964753758395	0.11143772681106492	-0.17734908653139003
KEGG_NITROGEN_METABOLISM	0.1262278163432113	0.36676980818981175	-0.42694393131628955
KEGG_NOD_LIKE_RECEPTOR_SIGNALING_PATHWAY	-0.274036466851444	0.40763213423921335	-0.2981042718323983
KEGG_NON_HOMOLOGOUS_END_JOINING	0.014067643139036246	0.3182524528580525	-0.46118467479037967
KEGG_NON_SMALL_CELL_LUNG_CANCER	-0.08810066808231196	0.077735370988922	-0.2497469404014955
KEGG_NOTCH_SIGNALING_PATHWAY	-0.06781605330407653	0.21256496641517936	-0.27211708484086605
KEGG_NUCLEOTIDE_EXCISION_REPAIR	0.04997054323434323	0.24121035113712763	-0.3700065810484523
KEGG_O_GLYCAN_BIOSYNTHESIS	0.04947506309892294	0.24341121950843453	-0.2910368956458105
KEGG_OLFACTORY_TRANSDUCTION	-0.015645085193277536	0.23117225731188415	0.21016411485450584
KEGG_ONE_CARBON_POOL_BY_FOLATE	0.11446888472427413	0.11353617838033248	-0.44598661919030175
KEGG_OOCYTE_MEIOSIS	0.17547325789879775	0.24354384490160944	-0.3765909387406827
KEGG_OTHER_GLYCAN_DEGRADATION	-0.13189668009006003	0.360598480023565	-0.4318939774648208
KEGG_OXIDATIVE_PHOSPHORYLATION	0.3692833099441457	0.3371178227362684	-0.5994863480945246
KEGG_P53_SIGNALING_PATHWAY	0.21441148995289977	0.20675889221471633	-0.4056419379230715
KEGG_PANCREATIC_CANCER	-0.20920167186504623	0.32261704860409945	-0.40433934518158815
KEGG_PANTOTHENATE_AND_COA_BIOSYNTHESIS	0.24353556936679022	-0.08198722116898205	-0.2355394006706226
KEGG_PARKINSONS_DISEASE	0.3759368932149181	0.3758339495493036	-0.6164861025490417
KEGG_PATHOGENIC_ESCHERICHIA_COLI_INFECTION	0.11070298884231511	0.41773218353381747	-0.5703666124320189
KEGG_PATHWAYS_IN_CANCER	-0.04426971885138134	0.316332413318589	-0.35416081793308213
KEGG_PENTOSE_AND_GLUCURONATE_INTERCONVERSIONS	-0.16873117186300166	0.6052275460324326	0.19755862011495215
KEGG_PENTOSE_PHOSPHATE_PATHWAY	0.10210400360640565	0.41216314850455005	-0.43430607865821025
KEGG_PEROXISOME	-0.028432302524892483	0.14216642911162924	-0.17910093855240267
KEGG_PHENYLALANINE_METABOLISM	0.2738411607243363	0.1748606274768977	-0.5551117703169689
KEGG_PHOSPHATIDYLINOSITOL_SIGNALING_SYSTEM	-0.003935084727229726	0.0376860178088789	-0.15442642279552798
KEGG_PORPHYRIN_AND_CHLOROPHYLL_METABOLISM	0.23270878325212893	0.261705389280418	-0.1607104161902937
KEGG_PPAR_SIGNALING_PATHWAY	0.08026697895768112	0.0034360958303489564	-0.11479728151009189
KEGG_PRIMARY_BILE_ACID_BIOSYNTHESIS	0.11514069039794807	0.09070960606243958	-0.22587920996986677
KEGG_PRIMARY_IMMUNODEFICIENCY	-0.37338684753144974	0.330970759436067	-0.04087645368659515
KEGG_PRION_DISEASES	-0.16641387473950248	0.4140663471199696	-0.44792898171057466
KEGG_PROGESTERONE_MEDIATED_OOCYTE_MATURATION	-0.1538189288273794	0.2867098799568638	-0.2894217056269706
KEGG_PROPANOATE_METABOLISM	0.21603655488144602	0.17452581601735603	-0.5285640376725844
KEGG_PROSTATE_CANCER	-6.702343814245781e-4	0.060385238133312424	-0.28845930217380444
KEGG_PROTEASOME	0.25121839913450633	0.48842512620341405	-0.6722911880901457
KEGG_PROTEIN_EXPORT	0.3480503107032755	0.5051383108034825	-0.6146273794514954
KEGG_PROXIMAL_TUBULE_BICARBONATE_RECLAMATION	0.3928770068782855	-0.01869021509352578	-0.3767199469681699
KEGG_PURINE_METABOLISM	0.08871765116308161	0.13269337493825661	-0.38127990085670516
KEGG_PYRIMIDINE_METABOLISM	0.02219735561936259	0.1857636686791822	-0.37305479804368297
KEGG_PYRUVATE_METABOLISM	0.09095169200894723	0.20481976972795096	-0.6031019581130452
KEGG_REGULATION_OF_ACTIN_CYTOSKELETON	-0.16271678591027194	0.35044224674747826	-0.3828210218822477
KEGG_REGULATION_OF_AUTOPHAGY	-0.3637627590679824	0.4679223360949288	-0.1801417606207976
KEGG_RENAL_CELL_CARCINOMA	0.07592139452714941	0.23731762679092297	-0.4331006555725694
KEGG_RENIN_ANGIOTENSIN_SYSTEM	-0.2621721849719252	0.38080078138980766	0.03460713314712632
KEGG_RETINOL_METABOLISM	0.05133395411120613	0.22253287587239182	0.025514251521722292
KEGG_RIBOFLAVIN_METABOLISM	-0.04522176101041123	0.017790804846635477	-0.12692040020616097
KEGG_RIBOSOME	0.7025624864054985	0.43493999240059233	-0.8554302315806459
KEGG_RIG_I_LIKE_RECEPTOR_SIGNALING_PATHWAY	-0.38827936798943496	0.2767654321822427	-0.03815838086808081
KEGG_RNA_DEGRADATION	-0.08275189515803413	0.4462952265279545	-0.4972999887914323
KEGG_RNA_POLYMERASE	0.3459269600407172	0.16839423177051008	-0.5514264449378349
KEGG_SELENOAMINO_ACID_METABOLISM	-0.03355438831956553	-0.002872169962647164	-0.12338538153568653
KEGG_SMALL_CELL_LUNG_CANCER	-0.11981861131636612	0.23852965423922218	-0.29136134520785983
KEGG_SNARE_INTERACTIONS_IN_VESICULAR_TRANSPORT	-0.1809471537797743	0.17919991535114568	-0.1988910829257751
KEGG_SPHINGOLIPID_METABOLISM	0.2526494566063351	-0.049923357566747734	-0.4409400002256745
KEGG_SPLICEOSOME	0.29205847516990047	0.45069779635903173	-0.6057262644468673
KEGG_STARCH_AND_SUCROSE_METABOLISM	-0.3250834133578441	0.41583478574452737	-0.017262794273878584
KEGG_STEROID_BIOSYNTHESIS	0.1847344917163016	0.2525734376491504	-0.44279514585187646
KEGG_STEROID_HORMONE_BIOSYNTHESIS	0.23313534831538185	0.2413364424131843	0.11424722529571951
KEGG_SULFUR_METABOLISM	0.4315504186891381	-0.025061232506306874	-0.3767070978165112
KEGG_SYSTEMIC_LUPUS_ERYTHEMATOSUS	0.152320225486816	0.4824425143786531	-0.524960462038015
KEGG_T_CELL_RECEPTOR_SIGNALING_PATHWAY	-0.20952391758879163	0.243545740888195	-0.3198420034522166
KEGG_TASTE_TRANSDUCTION	0.1226695627918472	-0.3195585683222996	0.23555839388865088
KEGG_TAURINE_AND_HYPOTAURINE_METABOLISM	0.37700663924022093	-0.35934304253405475	0.04243139637848822
KEGG_TERPENOID_BACKBONE_BIOSYNTHESIS	-0.16496257806644918	0.3842869807527446	-0.42796172979964814
KEGG_TGF_BETA_SIGNALING_PATHWAY	0.011054514977714619	0.28350174719152477	-0.3663938579286757
KEGG_THYROID_CANCER	0.247378619722234	0.2443882865865833	-0.4613350549553754
KEGG_TIGHT_JUNCTION	0.13918614799051365	0.26055140199619553	-0.41255139064771673
KEGG_TOLL_LIKE_RECEPTOR_SIGNALING_PATHWAY	-0.40712235325328466	0.35650671335684214	-0.19754503353462005
KEGG_TRYPTOPHAN_METABOLISM	-0.11435100241791873	0.4290206994521043	-0.47446855269835003
KEGG_TYPE_I_DIABETES_MELLITUS	-0.17237651598959033	0.34129274109925056	-0.33487370227950747
KEGG_TYPE_II_DIABETES_MELLITUS	-0.23719143367613998	0.23327332678851323	-0.10841221029179766
KEGG_TYROSINE_METABOLISM	0.09018379861902392	0.212048815248492	-0.250313309336603
KEGG_UBIQUITIN_MEDIATED_PROTEOLYSIS	0.14546559906896053	0.19977996449736707	-0.4315874473755318
KEGG_VALINE_LEUCINE_AND_ISOLEUCINE_BIOSYNTHESIS	0.01967175168458496	0.46344765292726525	-0.518941365814751
KEGG_VALINE_LEUCINE_AND_ISOLEUCINE_DEGRADATION	-0.03665084316987666	0.25685033888192743	-0.42798356616062105
KEGG_VASCULAR_SMOOTH_MUSCLE_CONTRACTION	-0.020427693589994217	0.09703049053129709	-0.23471871694601457
KEGG_VASOPRESSIN_REGULATED_WATER_REABSORPTION	-0.09640654906066948	0.38330863205135857	-0.466137276097173
KEGG_VEGF_SIGNALING_PATHWAY	0.029984484041986253	0.24609925947930242	-0.33161250774523493
KEGG_VIBRIO_CHOLERAE_INFECTION	0.2607503037917295	0.28556883819376755	-0.5164685636257398
KEGG_VIRAL_MYOCARDITIS	-0.1145792287460545	0.4484399663526073	-0.4795283682887818
KEGG_WNT_SIGNALING_PATHWAY	0.18174989755669832	0.27692729307411956	-0.41108991876614703
