Geneset	logFC	AveExpr	t	P.Value	adj.P.Val	B
KEGG_RIBOSOME	1.4241814709836915	0.09402408240848163	6.090214610213267	0.0072383367652996845	0.2897350545394723	-4.35721439153844
KEGG_FOLATE_BIOSYNTHESIS	1.1963635461730533	0.12407422674804082	5.865191311876873	0.008104379131135205	0.2897350545394723	-4.359366307925899
KEGG_CITRATE_CYCLE_TCA_CYCLE	1.0780128233643342	0.023687585507827458	5.4192981657624015	0.010255488875898205	0.2897350545394723	-4.364336471872847
KEGG_PARKINSONS_DISEASE	0.9923715239311526	0.04509491340506	5.091352008698827	0.012324774648602047	0.2897350545394723	-4.368722193502145
KEGG_PROTEIN_EXPORT	1.0412216902048743	0.07952041401842087	4.978405030928774	0.013160018111095937	0.2897350545394723	-4.370403794158486
KEGG_OXIDATIVE_PHOSPHORYLATION	0.9526869144347315	0.03563826152862983	4.872311721278266	0.014011686631848078	0.2897350545394723	-4.372072767987343
KEGG_SPLICEOSOME	0.977104400211333	0.045676669027354976	4.665755884711634	0.015882364054934137	0.2897350545394723	-4.37559433183045
KEGG_CARDIAC_MUSCLE_CONTRACTION	0.9035058359819825	0.036856762684359355	4.6286307722181235	0.01625175471747486	0.2897350545394723	-4.376268383248236
KEGG_PROTEASOME	1.0421129507591056	0.022450779082591577	4.609775360534406	0.016443561477679246	0.2897350545394723	-4.376615801351076
KEGG_HUNTINGTONS_DISEASE	0.8512312069962784	-0.010647923273810367	4.3263991747603106	0.019706784320146244	0.2897350545394723	-4.382281367708994
KEGG_ALZHEIMERS_DISEASE	0.8409570755556354	0.029238559367007515	4.314417840588572	0.019862169088630564	0.2897350545394723	-4.38254059474254
KEGG_VIBRIO_CHOLERAE_INFECTION	0.7896281346184881	0.009950192786585746	4.043546244469865	0.023830044036874044	0.2897350545394723	-4.388885196285782
KEGG_PHENYLALANINE_METABOLISM	0.779462664417586	-0.035469994038578305	3.8840021286579014	0.026642213126471227	0.2897350545394723	-4.3931025249669124
KEGG_RNA_POLYMERASE	0.8085870408434485	-0.012368417708869197	3.79751094386405	0.028342448162663028	0.2897350545394723	-4.395556251763014
KEGG_PYRUVATE_METABOLISM	0.7509876889814943	-0.10244349879204902	3.708265913098095	0.030242606715805986	0.2897350545394723	-4.398221463820007
KEGG_PROPANOATE_METABOLISM	0.7238452231219854	-0.04600055559126079	3.6942051605228436	0.030556431290522972	0.2897350545394723	-4.398654281039461
KEGG_THYROID_CANCER	0.7072185081097837	0.01014395045114729	3.6282779565514036	0.03208365163056907	0.2897350545394723	-4.400732391600084
KEGG_GLYCOLYSIS_GLUCONEOGENESIS	0.7918677639793329	-0.010848715845811837	3.5518992448185935	0.033974768029780875	0.2897350545394723	-4.403244166777945
KEGG_BIOSYNTHESIS_OF_UNSATURATED_FATTY_ACIDS	0.791738294540909	0.03375776527808529	3.4644091000765447	0.036315903181604006	0.2897350545394723	-4.406266419845217
KEGG_PATHOGENIC_ESCHERICHIA_COLI_INFECTION	0.8345841986200851	-0.013977146685295446	3.408233841800648	0.03792595102335774	0.2897350545394723	-4.408292901953368
KEGG_STEROID_BIOSYNTHESIS	0.6614491105346024	-0.0018290721621414818	3.346641704204302	0.03979500040618525	0.2897350545394723	-4.410595849791808
KEGG_SYSTEMIC_LUPUS_ERYTHEMATOSUS	0.8423418319707494	0.03660075927581802	3.345571960219514	0.03982846513855192	0.2897350545394723	-4.410636617877059
KEGG_WNT_SIGNALING_PATHWAY	0.640428514081556	0.015862423954890282	3.198046212883757	0.044799126169700554	0.2897350545394723	-4.416523357112029
KEGG_ARGININE_AND_PROLINE_METABOLISM	0.6226945318910438	-6.92885033405366e-4	3.1884829466232376	0.045147249270594526	0.2897350545394723	-4.416923765707259
KEGG_P53_SIGNALING_PATHWAY	0.6162271290068795	0.00517614808151486	3.1609793257594356	0.04616730549960581	0.2897350545394723	-4.418088639899525
KEGG_LONG_TERM_DEPRESSION	0.5999725333866847	0.02063443306373325	3.076839283226135	0.049470231130604975	0.2897350545394723	-4.421778410533062
KEGG_UBIQUITIN_MEDIATED_PROTEOLYSIS	0.6042102291586955	-0.028780627936401394	3.0722174852313318	0.049659993747996456	0.2897350545394723	-4.421986746348704
KEGG_ANTIGEN_PROCESSING_AND_PRESENTATION	0.7289111322673435	0.005738595430717262	3.071483262663213	0.04969022231482232	0.2897350545394723	-4.422019898088147
KEGG_TIGHT_JUNCTION	0.6124201656410712	-0.004271280220335849	3.008998794692371	0.05234812823591046	0.2897350545394723	-4.424897663862022
KEGG_NITROGEN_METABOLISM	0.6734427435828009	0.022017897738911173	2.968201074551689	0.05417845461495335	0.2897350545394723	-4.42683828832522
KEGG_OOCYTE_MEIOSIS	0.5860994901408862	0.01414205468657482	2.965127275989491	0.05431952372807789	0.2897350545394723	-4.426986520467071
KEGG_ADHERENS_JUNCTION	0.7361854716876819	-0.029129079397396052	2.9432319326886702	0.055337574021843215	0.2897350545394723	-4.428050724441782
KEGG_GLYCOSPHINGOLIPID_BIOSYNTHESIS_GLOBO_SERIES	0.5832669587606124	-0.09886497466664786	2.9190910350201147	0.056487367408585676	0.2897350545394723	-4.429241157966852
KEGG_GLUTATHIONE_METABOLISM	0.6138797804362628	-0.020007255914321658	2.894533013311572	0.05768728585437525	0.2897350545394723	-4.430470837531908
KEGG_ETHER_LIPID_METABOLISM	0.6122656601186437	0.0468651338815849	2.882368837700689	0.0582932150569974	0.2897350545394723	-4.43108699739683
KEGG_ONE_CARBON_POOL_BY_FOLATE	0.559989150742605	-0.07266051869523171	2.8730110679824437	0.05876466879984528	0.2897350545394723	-4.431564222629639
KEGG_EPITHELIAL_CELL_SIGNALING_IN_HELICOBACTER_PYLORI_INFECTION	0.6517541749010256	0.008367453170486483	2.8725038424668	0.05879035665182739	0.2897350545394723	-4.431590170381569
KEGG_PENTOSE_PHOSPHATE_PATHWAY	0.6914396547136881	0.02665369115091515	2.8134618532310443	0.061876806725990885	0.2897350545394723	-4.434667879735727
KEGG_RENAL_CELL_CARCINOMA	0.5897201662316053	-0.039953878084832334	2.809384528606638	0.06209718638690832	0.2897350545394723	-4.4348846760611504
KEGG_BLADDER_CANCER	0.5927636744824732	-0.0664980235573691	2.8054894255761136	0.0623086138794564	0.2897350545394723	-4.435092304404379
KEGG_BUTANOATE_METABOLISM	0.5425265855426148	-0.05560751488670478	2.775800248360005	0.0639493960158877	0.29011189412085636	-4.436691748235158
KEGG_CELL_CYCLE	0.6379984774178614	-0.011156132598960746	2.639480223446029	0.07219511447306849	0.3107406212037337	-4.44443251781993
KEGG_VALINE_LEUCINE_AND_ISOLEUCINE_BIOSYNTHESIS	0.7605010681206757	-0.011940653734300274	2.6256512822058915	0.07310189518131881	0.3107406212037337	-4.445255568157986
KEGG_AMYOTROPHIC_LATERAL_SCLEROSIS_ALS	0.5324324942225576	-0.05953829565642758	2.6162192180025863	0.07372829073368879	0.3107406212037337	-4.445821055593681
KEGG_BASE_EXCISION_REPAIR	0.5414674609670304	-0.028883487327675598	2.5763480897742244	0.07644905026073735	0.3107406212037337	-4.448248894285266
KEGG_NON_HOMOLOGOUS_END_JOINING	0.6273447227889242	-0.04295485959776365	2.5706200174798512	0.07684983105038574	0.3107406212037337	-4.4486027145250215
KEGG_PURINE_METABOLISM	0.49198541390737427	-0.053289624918455646	2.50928454155652	0.0813043602672114	0.3181640890324087	-4.452472177933384
KEGG_AXON_GUIDANCE	0.4795982689489465	-0.03090801279145344	2.43985674466808	0.08672743015690398	0.3181640890324087	-4.4570351483778365
KEGG_NUCLEOTIDE_EXCISION_REPAIR	0.5155970282341877	-0.026275228892327144	2.390626912648304	0.09083680294963721	0.3181640890324087	-4.460392314587911
KEGG_CYSTEINE_AND_METHIONINE_METABOLISM	0.4562933456288857	-0.09580650405546601	2.31446733523635	0.09766201674047838	0.3181640890324087	-4.465791593600903
KEGG_ARRHYTHMOGENIC_RIGHT_VENTRICULAR_CARDIOMYOPATHY_ARVC	0.5714409583063096	-0.034264339794035065	2.3068450342464892	0.09837816777433833	0.3181640890324087	-4.466346027467545
KEGG_PYRIMIDINE_METABOLISM	0.47703531019295536	-0.05503125791504606	2.268335133559973	0.10209310068679411	0.3181640890324087	-4.4691870291491425
KEGG_VALINE_LEUCINE_AND_ISOLEUCINE_DEGRADATION	0.5380833140166463	-0.0692613568161901	2.2329372347230834	0.10565521996705143	0.3181640890324087	-4.471857849132611
KEGG_SPHINGOLIPID_METABOLISM	0.542303049745468	-0.0794046337286957	2.226416775370729	0.10632729893429366	0.3181640890324087	-4.472356104272575
KEGG_LYSINE_DEGRADATION	0.43595756591411633	-0.08958125515337116	2.2216146337896676	0.10682549559066869	0.3181640890324087	-4.4727243125299845
KEGG_HYPERTROPHIC_CARDIOMYOPATHY_HCM	0.6238016530088145	-0.03385474139684059	2.1969686029769546	0.10942613674316228	0.3181640890324087	-4.4746309253768795
KEGG_TGF_BETA_SIGNALING_PATHWAY	0.5136719890132951	-0.023945865253145432	2.18451378282635	0.11076870584510254	0.3181640890324087	-4.475605219895418
KEGG_GLYCEROLIPID_METABOLISM	0.4240420852908636	-0.05147543258448192	2.175496826893971	0.1117527930339164	0.3181640890324087	-4.476315131272422
KEGG_DORSO_VENTRAL_AXIS_FORMATION	0.42801113030695526	-0.0905765388243497	2.167228813026459	0.11266418714040831	0.3181640890324087	-4.476969447561277
KEGG_DILATED_CARDIOMYOPATHY	0.5696644574789496	-0.04285505789315355	2.1445286208533987	0.11521169238776592	0.3181640890324087	-4.478782556592331
KEGG_LEUKOCYTE_TRANSENDOTHELIAL_MIGRATION	0.5579657339136695	-0.014989167693120828	2.1439063775620335	0.11528246903544587	0.3181640890324087	-4.47883260149028
KEGG_GAP_JUNCTION	0.41708218221056903	-0.05174459812354106	2.128910440802491	0.11700368334920284	0.3181640890324087	-4.480044267234368
KEGG_VEGF_SIGNALING_PATHWAY	0.46965437950587924	-0.018509588074648753	2.124345432683501	0.11753361261732294	0.3181640890324087	-4.480415255611523
KEGG_RNA_DEGRADATION	0.6790716544763924	-0.0445855524738373	2.1135737481568992	0.11879521606287728	0.3181640890324087	-4.481294614793404
KEGG_MISMATCH_REPAIR	0.4597895254128862	-0.030576733369018772	2.0930436578046545	0.121243851634923	0.3181640890324087	-4.482986104705842
KEGG_LIMONENE_AND_PINENE_DEGRADATION	0.8680229299472404	-0.082328977929565	2.0878886674690054	0.12186791529405974	0.3181640890324087	-4.483414032036588
KEGG_PORPHYRIN_AND_CHLOROPHYLL_METABOLISM	0.4079175024565671	0.11123458544741774	2.0874396708737306	0.12192244806737478	0.3181640890324087	-4.483451365291056
KEGG_CELL_ADHESION_MOLECULES_CAMS	0.4727899166432614	-0.019995776217896583	2.0657022636095226	0.12459690822590622	0.3181640890324087	-4.485270520837569
KEGG_LONG_TERM_POTENTIATION	0.4252687430131378	-0.024540829757914755	2.0633891222110132	0.12488550774790955	0.3181640890324087	-4.485465458617306
KEGG_ENDOCYTOSIS	0.4368231379502051	-0.043642132712427235	2.0632633365251554	0.12490122371330595	0.3181640890324087	-4.485476066580072
KEGG_COLORECTAL_CANCER	0.574580443337976	-0.08252011643343887	2.0576769523121317	0.12560152620495532	0.3181640890324087	-4.4859479666890065
KEGG_CALCIUM_SIGNALING_PATHWAY	0.40036440316398525	-0.033635575425810756	2.043776309272627	0.12736400120570293	0.3181640890324087	-4.487128832460115
KEGG_ALANINE_ASPARTATE_AND_GLUTAMATE_METABOLISM	0.44615903756962466	0.0024193450808630648	2.0268488251741656	0.1295491792425514	0.3181640890324087	-4.488579646257855
KEGG_PROXIMAL_TUBULE_BICARBONATE_RECLAMATION	0.5638133428605497	-8.443850611367376e-4	2.0256462249537295	0.12970607142268453	0.3181640890324087	-4.488683255058466
KEGG_O_GLYCAN_BIOSYNTHESIS	0.4374800369494891	6.164623205156631e-4	2.0231706976346855	0.13002972467140256	0.3181640890324087	-4.488896756138839
KEGG_VASOPRESSIN_REGULATED_WATER_REABSORPTION	0.6095883175925174	-0.05974506436882796	2.01382039079038	0.1312606672471619	0.3181640890324087	-4.489705899807563
KEGG_TYROSINE_METABOLISM	0.4014296162703609	0.01730643484363764	1.9716665690585604	0.13698018490106004	0.3181640890324087	-4.4934075318640465
KEGG_SULFUR_METABOLISM	0.5799516909079268	0.009927362788773356	1.9709074868419232	0.13708578544819078	0.3181640890324087	-4.493474998311404
KEGG_GLYCINE_SERINE_AND_THREONINE_METABOLISM	0.4621115321791045	-0.034751654468751246	1.9591145502028247	0.13873848357869067	0.3181640890324087	-4.494526832146262
KEGG_NEUROTROPHIN_SIGNALING_PATHWAY	0.44183330762972367	-0.034044743512488686	1.9578505642051416	0.13891698030831065	0.3181640890324087	-4.494639981051781
KEGG_TRYPTOPHAN_METABOLISM	0.6318034012154427	-0.053266285221388154	1.9332121018206674	0.14244967588258323	0.3181640890324087	-4.4968615004800485
KEGG_VIRAL_MYOCARDITIS	0.6464587370920581	-0.04855587689407634	1.932744676814336	0.14251768681715068	0.3181640890324087	-4.496903939217443
KEGG_BETA_ALANINE_METABOLISM	0.42501886853443394	-0.03352526243030677	1.93071860727206	0.14281291380136518	0.3181640890324087	-4.497088017842825
KEGG_FATTY_ACID_METABOLISM	0.5148098193099189	-0.07110789183894153	1.924747983956141	0.14368700795012007	0.3181640890324087	-4.497631674701729
KEGG_ECM_RECEPTOR_INTERACTION	0.6151531686288517	-0.03350890102218301	1.9073192752846526	0.14627385059205641	0.3185723153370351	-4.499228871210179
KEGG_MATURITY_ONSET_DIABETES_OF_THE_YOUNG	-0.3753983496253018	0.05341379700161023	-1.9005238495827004	0.14729687698379043	0.3185723153370351	-4.499855744060537
KEGG_AMINOACYL_TRNA_BIOSYNTHESIS	0.5316334493906931	-0.033472916999991754	1.8774729262610061	0.1508285338266397	0.31938637933087705	-4.501999443683437
KEGG_PATHWAYS_IN_CANCER	0.49019216516668596	-0.027366041155291482	1.8756782219801742	0.1511075343070816	0.31938637933087705	-4.5021674680654575
KEGG_MELANOGENESIS	0.3555872791689625	-0.018141232334407564	1.8153019616710027	0.16084466644142628	0.3333616450645576	-4.507914281339752
KEGG_BASAL_CELL_CARCINOMA	0.43963727503009725	-0.012056382997953188	1.812556816995828	0.1613040218054311	0.3333616450645576	-4.5081799200166754
KEGG_OTHER_GLYCAN_DEGRADATION	0.5462448774315731	-0.06773072584377195	1.7767023411602278	0.1674418215370261	0.340329480498694	-4.511684053820036
KEGG_FOCAL_ADHESION	0.5206570060644937	-0.04440572996528235	1.770093102283851	0.16860174669997083	0.340329480498694	-4.512336992712627
KEGG_MAPK_SIGNALING_PATHWAY	0.40717984716178124	-0.021614259811751396	1.7536384679475088	0.1715289957094599	0.340329480498694	-4.513972014474219
KEGG_NATURAL_KILLER_CELL_MEDIATED_CYTOTOXICITY	0.5692543603666391	-0.029108401678106268	1.7510510333988942	0.1719944686391249	0.340329480498694	-4.514230339110189
KEGG_CIRCADIAN_RHYTHM_MAMMAL	-0.35776288471167705	-0.19950311025288328	-1.739129703663884	0.17415746509408322	0.34098198428946824	-4.5154248257830565
KEGG_GLYCOSYLPHOSPHATIDYLINOSITOL_GPI_ANCHOR_BIOSYNTHESIS	0.37249371239	-0.01918302266447733	1.711338769547642	0.17931903813164418	0.3431670931941694	-4.518236633608578
KEGG_ERBB_SIGNALING_PATHWAY	0.3763921025864136	-0.09484580838870708	1.7055327436688323	0.1804188247467238	0.3431670931941694	-4.518828861324022
KEGG_CHRONIC_MYELOID_LEUKEMIA	0.40165205218366945	-0.06964855701696063	1.7031436413662158	0.18087355414984094	0.3431670931941694	-4.519073034060544
KEGG_PRIMARY_BILE_ACID_BIOSYNTHESIS	0.32880435820006054	-0.006676304503159707	1.683847252183067	0.1845934526078277	0.3431670931941694	-4.521055378547248
KEGG_LYSOSOME	0.44038485603418437	-0.09549626004343693	1.676508278464679	0.1860304947013158	0.3431670931941694	-4.521814068627838
KEGG_PRION_DISEASES	0.5717552179008081	-0.06675883644336918	1.6749185036684544	0.186343421573178	0.3431670931941694	-4.5219787601038375
KEGG_B_CELL_RECEPTOR_SIGNALING_PATHWAY	0.4409324442702166	-0.033115866616341576	1.6452936377836758	0.19228267935620144	0.34817402103766243	-4.525069962901837
KEGG_ENDOMETRIAL_CANCER	0.3450561662973782	-0.09412484686473756	1.6394655277613046	0.19347557679010244	0.34817402103766243	-4.525683034915897
KEGG_TERPENOID_BACKBONE_BIOSYNTHESIS	0.5376239311427958	-0.0695457757044509	1.6336311083896773	0.194677947246865	0.34817402103766243	-4.52629838514426
KEGG_PROSTATE_CANCER	0.3183168040497483	-0.0762480994739722	1.6147606341155796	0.19862351222961705	0.34929997811009394	-4.528299631081206
KEGG_ARACHIDONIC_ACID_METABOLISM	0.3466454880060851	0.06510515499457355	1.612682221361803	0.19906342838532234	0.34929997811009394	-4.528521071720866
KEGG_ALDOSTERONE_REGULATED_SODIUM_REABSORPTION	0.40448745824446225	0.02364259302233131	1.5738240312198977	0.20748785998831926	0.3585306387584513	-4.532697966523261
KEGG_GLYOXYLATE_AND_DICARBOXYLATE_METABOLISM	0.5375641288335978	-0.045390489347566086	1.5705923586483772	0.2082058394984586	0.3585306387584513	-4.533048455962969
KEGG_APOPTOSIS	0.3906607696928395	-0.012067445994194662	1.5620949140273463	0.21010666464876987	0.3585306387584513	-4.533972294044207
KEGG_MELANOMA	0.3019341742912751	-0.02540056636103218	1.5422453194856403	0.21462084452514235	0.3629043371061498	-4.536142930438771
KEGG_ACUTE_MYELOID_LEUKEMIA	0.34543450891577654	-0.0184616162752629	1.5232404347803206	0.21904162202933183	0.3670427179950966	-4.538237487078636
KEGG_REGULATION_OF_ACTIN_CYTOSKELETON	0.4766837523008508	-0.06503185368168046	1.5121904896113656	0.22165715958413426	0.368109211452223	-4.539462524566366
KEGG_HISTIDINE_METABOLISM	0.3114346992576273	-0.008414005723023288	1.4837499875745135	0.2285450177586036	0.3761891442752236	-4.542639395047268
KEGG_NOTCH_SIGNALING_PATHWAY	0.3444915413964175	-0.04245605724325441	1.45167473012864	0.2365894274529998	0.38492776252395816	-4.546262299223583
KEGG_N_GLYCAN_BIOSYNTHESIS	0.3589526185704809	-0.1130746931142051	1.4406807215104978	0.23941575252473568	0.38492776252395816	-4.547513521513669
KEGG_GLIOMA	0.3178895497353286	-0.01858023889036195	1.4309122468243012	0.2419571231814339	0.38492776252395816	-4.548629205887834
KEGG_PANCREATIC_CANCER	0.4610470335511146	-0.09697465614751165	1.4302441432271567	0.24213197965216726	0.38492776252395816	-4.548705645706722
KEGG_INSULIN_SIGNALING_PATHWAY	0.30370405966458935	-0.059894350535160956	1.39562426567023	0.2513780702962635	0.39624000911105944	-4.5526894637882425
KEGG_NICOTINATE_AND_NICOTINAMIDE_METABOLISM	0.2665661876248422	3.617052185047968e-4	1.3594040507837117	0.26145000128730816	0.4051522304918581	-4.556903274336241
KEGG_SMALL_CELL_LUNG_CANCER	0.35071686666928786	-0.05755010076166792	1.3457139293364369	0.26536586243778976	0.4051522304918581	-4.5585074456410934
KEGG_VASCULAR_SMOOTH_MUSCLE_CONTRACTION	0.27302011541666593	-0.05270530666823723	1.344962719907674	0.26558249279889296	0.4051522304918581	-4.558595645257095
KEGG_GRAFT_VERSUS_HOST_DISEASE	0.531485608919522	-0.05849205830372137	1.3339396572974067	0.268782468119469	0.4051522304918581	-4.559891911337813
KEGG_CHEMOKINE_SIGNALING_PATHWAY	0.38462906637619015	-0.03954541545246846	1.3311826634478912	0.26958905010680134	0.4051522304918581	-4.560216713475337
KEGG_TYPE_I_DIABETES_MELLITUS	0.4193318148343375	-0.055319159056615747	1.329435525657678	0.2701014869945721	0.4051522304918581	-4.560422664905951
KEGG_GLYCEROPHOSPHOLIPID_METABOLISM	0.2632589878303245	-0.006737174657115578	1.3163162487568127	0.2739816948052825	0.40768476187026037	-4.561972096976388
KEGG_HEDGEHOG_SIGNALING_PATHWAY	0.2580186989618502	-0.08242507283181158	1.3009813205713867	0.27859016143091836	0.41125214306468905	-4.5637895849038035
KEGG_GLYCOSAMINOGLYCAN_BIOSYNTHESIS_HEPARAN_SULFATE	-0.26353161867514824	-0.037782870356734326	-1.264761067325398	0.2897932854239604	0.42175705905677274	-4.56810778615822
KEGG_PANTOTHENATE_AND_COA_BIOSYNTHESIS	0.31631357476952665	-0.02466368415760481	1.263342109667723	0.290241416985306	0.42175705905677274	-4.568277634828902
KEGG_ALLOGRAFT_REJECTION	0.40341438285604575	-0.02404229742141495	1.2493145619578454	0.29470959783008366	0.42493011780151596	-4.569959291169418
KEGG_FRUCTOSE_AND_MANNOSE_METABOLISM	0.4041456567672253	-0.04038996522916699	1.24081156690573	0.297451902955053	0.4255850303818451	-4.570980836031679
KEGG_PROGESTERONE_MEDIATED_OOCYTE_MATURATION	0.3558671811917128	-0.052176918165828735	1.2335717700885585	0.29980711937128474	0.425680337427931	-4.571851859155518
KEGG_FC_GAMMA_R_MEDIATED_PHAGOCYTOSIS	0.37931281662971567	-0.08022841416680024	1.2091055083367142	0.30790607833014705	0.43386765582884357	-4.574803244691601
KEGG_ADIPOCYTOKINE_SIGNALING_PATHWAY	0.28252323008761715	-0.045206797602000345	1.1749164893553006	0.31959098808450415	0.44694679536629905	-4.578945154332943
KEGG_NON_SMALL_CELL_LUNG_CANCER	0.2445642918548005	-0.08670407916496183	1.1606354246827204	0.3246010921185863	0.44922972466063615	-4.580680321281761
KEGG_TASTE_TRANSDUCTION	-0.33400289665387706	0.012889796119399485	-1.155357401732918	0.32647226184901507	0.44922972466063615	-4.581322241613211
KEGG_T_CELL_RECEPTOR_SIGNALING_PATHWAY	0.33685291510191817	-0.09527339338427107	1.1497577509579897	0.32846904598842214	0.44922972466063615	-4.582003618746089
KEGG_INOSITOL_PHOSPHATE_METABOLISM	0.2225157259750872	-0.07691854735760119	1.1322105283677477	0.33480403041476925	0.4545514573514385	-4.584140805377033
KEGG_PEROXISOME	0.235968001845771	-0.021788937321888635	1.1151596436520816	0.3410738819285767	0.4597082756428642	-4.586219897813757
KEGG_GLYCOSAMINOGLYCAN_BIOSYNTHESIS_CHONDROITIN_SULFATE	0.26420591757549744	-0.0661274634200681	1.0856817487808594	0.35218229819293106	0.4706939521628817	-4.589817631326719
KEGG_ASTHMA	0.26389756145976023	0.11221538292202432	1.0802006892035716	0.3542857704451798	0.4706939521628817	-4.590486806627711
KEGG_DNA_REPLICATION	0.4652263256011556	-0.07493435111694315	1.0706973836048042	0.3579613614894984	0.4722043491989128	-4.591647053147222
KEGG_GLYCOSPHINGOLIPID_BIOSYNTHESIS_GANGLIO_SERIES	0.24268262880644578	-0.02547460162672613	1.0571199449530122	0.36327577320374305	0.47584009729504373	-4.593304469793652
KEGG_CYTOKINE_CYTOKINE_RECEPTOR_INTERACTION	0.2972767989673733	-0.0038285539029679397	1.045654661913499	0.36782162825365156	0.4784253346516027	-4.594703569611164
KEGG_BASAL_TRANSCRIPTION_FACTORS	0.305762109770226	-0.012501239807169032	1.0266570416300738	0.3754721881992078	0.4849849097573101	-4.59702015796138
KEGG_AUTOIMMUNE_THYROID_DISEASE	0.4036432453070546	-0.03377895272809781	1.0183048891167865	0.3788826838274953	0.48601502890975257	-4.598037715450241
KEGG_NOD_LIKE_RECEPTOR_SIGNALING_PATHWAY	0.3649021055262829	-0.05483620148154298	0.9540248733954624	0.40610558856626616	0.5143869985071815	-4.605837816469967
KEGG_COMPLEMENT_AND_COAGULATION_CASCADES	0.34521088648770354	-0.0305859370808856	0.9530505141557859	0.4065316601105144	0.5143869985071815	-4.605955482173466
KEGG_NEUROACTIVE_LIGAND_RECEPTOR_INTERACTION	0.22213028779931293	-0.030569401136052807	0.9447564420060494	0.4101749214090709	0.5154901039330215	-4.606956226394361
KEGG_AMINO_SUGAR_AND_NUCLEOTIDE_SUGAR_METABOLISM	0.3565376525367721	-0.040382050086918087	0.9049913001558527	0.4280522455586468	0.5324308659789041	-4.611729603426566
KEGG_HEMATOPOIETIC_CELL_LINEAGE	0.3402702735236207	-0.08728728512590296	0.9020977749828737	0.4293797306281485	0.5324308659789041	-4.612075141236626
KEGG_METABOLISM_OF_XENOBIOTICS_BY_CYTOCHROME_P450	0.19863306915816561	0.07326828683180223	0.8907285079440177	0.43463087858634775	0.5353731352123224	-4.613430170043886
KEGG_LEISHMANIA_INFECTION	0.3715783038961421	-0.0850818365006857	0.882701784020422	0.43837204301391247	0.5364289473722876	-4.614384146839208
KEGG_PHOSPHATIDYLINOSITOL_SIGNALING_SYSTEM	0.17130188933635251	-0.040225163237959605	0.8742292969584603	0.4423514317294893	0.5374245512779052	-4.615388563105366
KEGG_DRUG_METABOLISM_CYTOCHROME_P450	0.22231602914423554	0.10520417020826062	0.8687019766265632	0.44496441342364196	0.5374245512779052	-4.616042362683455
KEGG_GLYCOSAMINOGLYCAN_DEGRADATION	-0.27671452036645516	-0.0368257040489568	-0.861160587729592	0.44855106921343546	0.5382612830561225	-4.616932453324139
KEGG_PPAR_SIGNALING_PATHWAY	0.1566488189041069	-0.010364735574020604	0.7895160669646542	0.4838707506782247	0.5769228181163448	-4.625259002568949
KEGG_GALACTOSE_METABOLISM	0.39938053114996597	-0.02742618162128017	0.77821926140877	0.48964629255946646	0.5788316551247629	-4.6265473566564905
KEGG_ASCORBATE_AND_ALDARATE_METABOLISM	0.22281571955128554	0.2722999058483035	0.7710417447382226	0.4933450711508344	0.5788316551247629	-4.627361987912084
KEGG_ABC_TRANSPORTERS	-0.20886395026491258	0.044256383082382646	-0.7682155852030915	0.4948077051872973	0.5788316551247629	-4.627681887830315
KEGG_SNARE_INTERACTIONS_IN_VESICULAR_TRANSPORT	0.19801746371146076	-0.0668794404514679	0.758121216189842	0.5000606339103134	0.5794505895517714	-4.628820411921304
KEGG_INTESTINAL_IMMUNE_NETWORK_FOR_IGA_PRODUCTION	0.27082861758759186	-0.07206699102102664	0.7552414492055192	0.5015674457948129	0.5794505895517714	-4.629144022422997
KEGG_ALPHA_LINOLENIC_ACID_METABOLISM	0.1287819576639291	0.07691561162853446	0.6580669832301131	0.554544049523467	0.6366987235269437	-4.639710407078623
KEGG_MTOR_SIGNALING_PATHWAY	0.1774047719953491	-0.03885525013932869	0.6345489850462452	0.5679810490436965	0.6465870850936409	-4.642150111911427
KEGG_STEROID_HORMONE_BIOSYNTHESIS	0.12298867006856358	0.19623967200809522	0.6308619974210374	0.5701090427707373	0.6465870850936409	-4.6425279206823635
KEGG_FC_EPSILON_RI_SIGNALING_PATHWAY	0.15231466844238503	-0.022862488433327083	0.6241155177350928	0.574017823689933	0.6470746376141063	-4.643215860320586
KEGG_RIBOFLAVIN_METABOLISM	0.11320492212427306	-0.051450452123312236	0.5738493334495052	0.6037433549479809	0.6764835181947256	-4.648196698034345
KEGG_JAK_STAT_SIGNALING_PATHWAY	0.1663745469380739	-0.0034823487577956558	0.56670799558018	0.6080514792725282	0.6772309888903607	-4.648882509927567
KEGG_SELENOAMINO_ACID_METABOLISM	0.10517210239458015	-0.05327064660596641	0.5380329363659642	0.6255586974766996	0.6925828436349174	-4.651577941661171
KEGG_RETINOL_METABOLISM	0.11141916347007669	0.09979369383510675	0.5262741715781964	0.6328331328562709	0.696467627428616	-4.652655302725237
KEGG_REGULATION_OF_AUTOPHAGY	0.23222154913427084	-0.025327394531283732	0.5202895512928484	0.6365564336713156	0.696467627428616	-4.653197178399224
KEGG_CYTOSOLIC_DNA_SENSING_PATHWAY	0.1730315976453813	0.012537879730539667	0.5011453992655652	0.6485607636959174	0.7054520587569628	-4.654900643770799
KEGG_OLFACTORY_TRANSDUCTION	-0.10240052879520249	0.14189709565770414	-0.4482378192694769	0.6824593820257359	0.7380084014929469	-4.6593591263889795
KEGG_HOMOLOGOUS_RECOMBINATION	-0.14785303844400913	0.012845255122972807	-0.43531504187350856	0.690894941410477	0.7428119023257151	-4.6603896033580146
KEGG_TOLL_LIKE_RECEPTOR_SIGNALING_PATHWAY	0.17223721358639865	-0.08272022447702086	0.4130184960534347	0.7055873101762021	0.7542485039814574	-4.662110842777433
KEGG_TYPE_II_DIABETES_MELLITUS	0.10645315684798419	-0.03744343905980814	0.35567453879480104	0.7441364804627743	0.7909107735204344	-4.666192012263332
KEGG_GNRH_SIGNALING_PATHWAY	0.06518146520804367	-0.058896568072338305	0.32514195932736206	0.7650793257109385	0.8085497419445146	-4.668151354913483
KEGG_GLYCOSPHINGOLIPID_BIOSYNTHESIS_LACTO_AND_NEOLACTO_SERIES	-0.10037302499169679	-0.1028593365279452	-0.3069165002652581	0.777708311214391	0.8172528016151228	-4.669246959318915
KEGG_LINOLEIC_ACID_METABOLISM	-0.08440234564460629	0.11203571374335314	-0.27866699360787334	0.7974600591245632	0.8333009606582515	-4.670832670792494
KEGG_GLYCOSAMINOGLYCAN_BIOSYNTHESIS_KERATAN_SULFATE	-0.050973070139900024	-0.15013673461162508	-0.24838832317387824	0.8188521475099111	0.8508742985298516	-4.672376424705016
KEGG_DRUG_METABOLISM_OTHER_ENZYMES	-0.04476751548723946	0.08302768820469568	-0.18061355514414795	0.8674545837460343	0.8963697365375689	-4.675225053044439
KEGG_STARCH_AND_SUCROSE_METABOLISM	0.06263848046722018	0.024496192704268237	0.15376698461391713	0.8869369743844229	0.9114379957762578	-4.676114094860369
KEGG_TAURINE_AND_HYPOTAURINE_METABOLISM	-0.033599598025405054	0.02003166436155147	-0.08287512756930229	0.9388403985987503	0.9594742535130085	-4.677787771237769
KEGG_RENIN_ANGIOTENSIN_SYSTEM	0.02470716506181491	0.051078576521669604	0.06740706117344945	0.9502301967357379	0.9653876700990789	-4.678020954303411
KEGG_PRIMARY_IMMUNODEFICIENCY	0.019668409638903775	-0.027764180593992622	0.05018071035072037	0.9629328432849746	0.9653876700990789	-4.67822440080721
KEGG_PENTOSE_AND_GLUCURONATE_INTERCONVERSIONS	0.02068956696976336	0.21135166476146103	0.049093050925998284	0.9637354137253782	0.9653876700990789	-4.678235252257206
KEGG_RIG_I_LIKE_RECEPTOR_SIGNALING_PATHWAY	-0.017598587035515412	-0.04989077222509102	-0.0468541178280129	0.9653876700990789	0.9653876700990789	-4.678256843311225
