miRNA	Genes	Term	Experiments	Support Type	mirna_target_pearson_r	mirna_target_pearson_p	dmg_vs_healthy_log2FC	dmg_vs_healthy_padj	dmg_vs_adj_log2FC	dmg_vs_adj_padj
hsa-miR-10b-5p	AXL	myeloid cell homeostasis	HITS-CLIP	Functional MTI (Weak)	-0.11391437687484215	0.7540207825742224	-0.2564540420705043	0.4913046211016514	-1.04747408471061	8.758121547854219e-4
hsa-miR-10b-5p	PIK3CD	myeloid cell homeostasis;myeloid cell differentiation	CLASH	Functional MTI (Weak)	-0.10095124401838663	0.7814059469465717	-1.0816618324136935	0.00975337627017765	-0.1905666423741466	0.6073970329679792
hsa-miR-148a-3p	ARL8B	antigen processing and presentation	PAR-CLIP	Functional MTI (Weak)	-0.7151128891548196	0.020088248583747605	-0.45278660244500024	0.18488792994722067	-0.658000941159414	0.03309056745586544
hsa-miR-148a-3p	CEBPG	myeloid cell homeostasis	PAR-CLIP	Functional MTI (Weak)	-0.6615627589485708	0.03721497852695833	0.7382922257632643	0.02423436647908214	0.02971359006854069	0.9441383647985524
hsa-miR-148a-3p	HMGB1	T cell activation;alpha-beta T cell activation;regulation of T cell proliferation;myeloid cell homeostasis;interleukin-12 production;regulation of interleukin-12 production	CLASH	Functional MTI (Weak)	-0.7232289785664203	0.01809010408403358	-0.13870149566787057	0.716291720591611	0.14711230879509588	0.6669847844213527
hsa-miR-148a-3p	LNPEP	antigen processing and presentation;antigen processing and presentation of peptide antigen via MHC class I;antigen processing and presentation of peptide antigen	PAR-CLIP	Functional MTI (Weak)	-0.6323550993805257	0.04978303262067852	0.10828220741302158	0.8185488140505145	-0.188404393372229	0.6092380651942927
hsa-miR-148a-3p	PDIA3	antigen processing and presentation;antigen processing and presentation of peptide antigen via MHC class I;antigen processing and presentation of peptide antigen	Luciferase reporter assay//qRT-PCR//Western blot	Non-Functional MTI	-0.8462244222186077	0.0020232538893281272	0.28147536575561566	0.4870422132502839	0.5811440315272495	0.06262779705030509
hsa-miR-148a-3p	PRNP	T cell activation;regulation of T cell proliferation	Sequencing	Functional MTI (Weak)	-0.9084771662263779	2.745251024148958e-4	-0.9432731962891082	0.05179389673906062	-1.1050231846742282	2.5555053495388913e-4
hsa-miR-148a-3p	RAB10	antigen processing and presentation	Sequencing	Functional MTI (Weak)	-0.8289153898727868	0.003032196479841045	0.0700268892240418	0.8573878983532106	0.08744339797607269	0.8086644647361042
hsa-miR-148a-3p	RAB34	antigen processing and presentation	Sequencing	Functional MTI (Weak)	-0.4372757803952212	0.20633136287412032	-0.6762038073767971	0.1223859097239745	-1.162630821608974	0.00882714532199263
hsa-miR-148a-3p	RPS17	myeloid cell homeostasis	CLASH	Functional MTI (Weak)	-0.7811516803926037	0.007633016094577805	0.0184709628374523	0.9723915111214664	0.4610230522015421	0.15575165956337472
hsa-miR-148a-3p	SLC7A11	myeloid cell homeostasis	Western blotting//qRT-PCR	Functional MTI	-0.272000890185106	0.4470992687238149	-1.0636938970161178	0.00832991495627802	-1.1428229583324736	0.00528708476704697
hsa-miR-148a-3p	WNT10B	T cell activation	Luciferase reporter assay//Microarray//qRT-PCR//Western blot	Functional MTI	-0.21083833689566725	0.5587521293422295	-2.096848544611291	0.00983636335159343	-2.6188574639873514	2.3275754738417265e-4
hsa-miR-155-5p	AXL	myeloid cell homeostasis	Proteomics	Functional MTI (Weak)	0.23773437036899636	0.5083644400896795	-0.2564540420705043	0.4913046211016514	-1.04747408471061	8.758121547854219e-4
hsa-miR-155-5p	GPAM	T cell activation	Proteomics	Functional MTI (Weak)	-0.30731366067753785	0.3877229919068168	-0.7190287638389815	0.02681618889851337	-1.1578005597765793	7.310928962988427e-4
hsa-miR-155-5p	MAPK14	myeloid cell differentiation;myeloid cell homeostasis;regulation of myeloid cell differentiation	Luciferase reporter assay	Functional MTI	-0.6518969829652681	0.0411043927993992	0.01053429752538504	0.9796465106801576	-0.11548626541207337	0.7407588266348276
hsa-miR-155-5p	MEIS1	myeloid cell differentiation;regulation of myeloid cell differentiation;myeloid cell development	Luciferase reporter assay//qRT-PCR//Western blot	Functional MTI	-0.8064014147556027	0.004830099269829089	0.27929770950122523	0.538825227583906	1.6547752509241993	1.088640186971078e-4
hsa-miR-155-5p	PIK3R1	T cell activation;myeloid cell differentiation;regulation of myeloid cell differentiation	Luciferase reporter assay//qRT-PCR//Western blot	Functional MTI	-0.4010874468614755	0.2506642724179579	-1.0631014478048642	0.0022328676056582	-0.8590430421399302	0.00330570276393861
hsa-miR-155-5p	PSEN1	T cell activation;myeloid cell differentiation	Proteomics	Functional MTI (Weak)	-0.13663848243909907	0.7066215087975123	-0.9746331024718544	0.01569817177065983	-0.02559339985098014	0.9554551788415488
hsa-miR-155-5p	SH3PXD2A	myeloid cell differentiation	Luciferase reporter assay//qRT-PCR	Functional MTI	0.29006401094541884	0.41623017789795136	-0.9534286090191424	0.00971059522706389	-0.41904100211938494	0.20841482942805015
hsa-miR-155-5p	SLC7A11	myeloid cell homeostasis	Proteomics	Functional MTI (Weak)	0.25093101703681364	0.48436516722004663	-1.0636938970161178	0.00832991495627802	-1.1428229583324736	0.00528708476704697
hsa-miR-17-5p	EPAS1	myeloid cell differentiation;myeloid cell homeostasis	Luciferase reporter assay	Functional MTI	-0.23576814532933416	0.5119820881871624	-0.39560780445202065	0.3529921832865305	-1.214437517192868	0.00247889361767907
hsa-miR-17-5p	PIK3R1	myeloid cell differentiation	Luciferase reporter assay//Western blotting//RNA-seq//qRT-PCR	Functional MTI	-0.346070615072857	0.32730672012699413	-1.0631014478048642	0.0022328676056582	-0.8590430421399302	0.00330570276393861
hsa-miR-17-5p	PIP4K2A	myeloid cell differentiation	HITS-CLIP	Functional MTI (Weak)	0.052246749619235186	0.8860217039516634	-1.145913594159178	0.03664595879024956	-0.3155693799895913	0.4117573044678021
hsa-miR-17-5p	SLC7A11	myeloid cell homeostasis	HITS-CLIP	Functional MTI (Weak)	-0.38489538224372005	0.2720769531386718	-1.0636938970161178	0.00832991495627802	-1.1428229583324736	0.00528708476704697
hsa-miR-17-5p	ZBTB7A	myeloid cell differentiation;myeloid cell homeostasis	PAR-CLIP	Functional MTI (Weak)	-0.5126486677200371	0.12973485140698957	-0.5026665905852509	0.22730775946830797	-1.8342988091537655	1.1407484866089886e-8
hsa-miR-18a-5p	SDC4	T cell activation	Luciferase reporter assay//qRT-PCR	Functional MTI	0.13064739167608538	0.7190371714027788	-0.24988100587233225	0.5510999899432817	-1.2561779856718625	4.064512006884772e-4
hsa-miR-193a-5p	CDK6	myeloid cell differentiation	CLIP-seq	Functional MTI (Weak)	-0.6925621320341352	0.02643138360525313	0.2236170967268815	0.6349681975978196	0.4126891497442633	0.192794138369704
hsa-miR-193a-5p	FADD	regulation of activated T cell proliferation;activated T cell proliferation;regulation of T cell proliferation;myeloid cell differentiation	CLIP-seq	Functional MTI (Weak)	-0.6930413920740833	0.026283950885044656	0.24348780922430124	0.6151633420535128	0.28003392864022897	0.45185196053214394
hsa-miR-193a-5p	FECH	myeloid cell differentiation	CLIP-seq	Functional MTI (Weak)	-0.43691097731514184	0.20675380828213494	-1.5804061455857068	2.659666856558828e-4	-1.0486945887273615	0.00825484101842087
hsa-miR-193a-5p	HIPK2	myeloid cell differentiation	CLIP-seq	Functional MTI (Weak)	-0.6403414957182992	0.04610171675927554	-0.955438137100834	0.04532076659907554	-0.21498308642862535	0.5809149176565316
hsa-miR-193a-5p	IGF1	regulation of activated T cell proliferation;activated T cell proliferation;regulation of T cell proliferation	CLIP-seq	Functional MTI (Weak)	0.03563704837886189	0.9221428853669634	-1.5239238629573042	0.02406039801131721	-0.3064943061529451	0.550988774824936
hsa-miR-193a-5p	IL1RL1	myeloid cell differentiation	CLIP-seq	Functional MTI (Weak)	-0.29662671704817367	0.40527062095618005	0.1488119751596874	0.7829325163593376	-2.290156760314318	2.1074703820561565e-4
hsa-miR-193a-5p	LRRC32	regulation of activated T cell proliferation;activated T cell proliferation;regulation of T cell proliferation	CLIP-seq	Functional MTI (Weak)	0.4534484924243753	0.18810545739623413	0.3322887466392545	0.5007262605520426	-0.7479027618662654	0.04964658698108552
hsa-miR-193a-5p	PIP4K2A	myeloid cell differentiation	CLIP-seq	Functional MTI (Weak)	-0.5418290759125302	0.10570479767496962	-1.145913594159178	0.03664595879024956	-0.3155693799895913	0.4117573044678021
hsa-miR-193a-5p	SIGLEC15	myeloid cell differentiation	CLIP-seq	Functional MTI (Weak)	-0.7322215603327561	0.016042038309947416	-0.06805232234913557	0.9067252257799912	-0.10054962082169548	0.8444512406586149
hsa-miR-193a-5p	TNF	myeloid cell differentiation	RNA-seq	Functional MTI (Weak)	-0.37848265659391367	0.28082358518048484	-1.9237939865072284	0.0189312058004753	-0.04586680345341191	NA
hsa-miR-19a-3p	HIPK2	myeloid cell homeostasis;myeloid cell differentiation	Luciferase reporter assay//Western blotting//Immunofluorescence//qRT-PCR//Flow cytometry	Functional MTI	-0.20172494458407775	0.5762492189461748	-0.955438137100834	0.04532076659907554	-0.21498308642862535	0.5809149176565316
hsa-miR-19a-3p	IKZF1	myeloid cell homeostasis;myeloid cell differentiation	HITS-CLIP	Functional MTI (Weak)	-0.09565712575150856	0.7926542452478359	-1.098179368047126	0.0445726602056991	0.4382437173611724	0.3414065014814163
hsa-miR-19a-3p	KITLG	myeloid cell homeostasis;myeloid cell differentiation;regulation of myeloid cell differentiation	HITS-CLIP	Functional MTI (Weak)	0.08835046532494673	0.8082349063970226	-0.9966993394132369	0.02625308140074248	-1.6222418040785058	1.3531379838085838e-5
hsa-miR-19a-3p	KLF13	myeloid cell homeostasis;myeloid cell differentiation;regulation of myeloid cell differentiation	HITS-CLIP	Functional MTI (Weak)	-0.4292062256091167	0.21579264338778778	-0.5564791881604785	0.03444326041682701	-0.19340240548049953	0.517373558245918
hsa-miR-19a-3p	SLC7A11	myeloid cell homeostasis	PAR-CLIP	Functional MTI (Weak)	-0.4150605864686032	0.2329666217388272	-1.0636938970161178	0.00832991495627802	-1.1428229583324736	0.00528708476704697
hsa-miR-19a-3p	TF	myeloid cell differentiation	Luciferase reporter assay//qRT-PCR//Western blot	Functional MTI	-0.6529084035312894	0.04068515820494876	-0.5608682380336002	0.2871380313966945	0.23431551544458612	0.6417346657632114
hsa-miR-19a-3p	TNF	myeloid cell differentiation;regulation of myeloid cell differentiation	Luciferase reporter assay	Functional MTI	0.21142468631405736	0.5576334843947792	-1.9237939865072284	0.0189312058004753	-0.04586680345341191	NA
hsa-miR-19a-3p	TNFRSF11A	myeloid cell differentiation;regulation of myeloid cell differentiation	PAR-CLIP	Functional MTI (Weak)	-0.4971725699067329	0.1437373438949655	-1.6802027809998974	2.960295314495909e-4	-0.22842537836517116	0.5981029238989131
hsa-miR-20a-5p	EPAS1	myeloid cell differentiation;myeloid cell homeostasis	Luciferase reporter assay	Functional MTI	-0.20950772846364382	0.5612939005482609	-0.39560780445202065	0.3529921832865305	-1.214437517192868	0.00247889361767907
hsa-miR-20a-5p	PIP4K2A	myeloid cell differentiation	HITS-CLIP	Functional MTI (Weak)	0.15479234210323956	0.6693890575142083	-1.145913594159178	0.03664595879024956	-0.3155693799895913	0.4117573044678021
hsa-miR-20a-5p	SIRPA	interferon-beta production;regulation of interferon-beta production	Luciferase reporter assay	Functional MTI	-0.19222515001230867	0.5947034579200025	-0.964368352347155	0.02148860043051317	-1.526449907080266	1.508739128216767e-7
hsa-miR-20a-5p	SLC7A11	myeloid cell homeostasis	HITS-CLIP	Functional MTI (Weak)	-0.31404221300103213	0.3768682104490779	-1.0636938970161178	0.00832991495627802	-1.1428229583324736	0.00528708476704697
hsa-miR-20a-5p	ZBTB7A	myeloid cell differentiation;myeloid cell homeostasis	PAR-CLIP	Functional MTI (Weak)	-0.39981691210242665	0.2523094428683884	-0.5026665905852509	0.22730775946830797	-1.8342988091537655	1.1407484866089886e-8
hsa-miR-21-5p	ARID4A	myeloid cell differentiation	Microarray	Functional MTI (Weak)	-0.7502540624133847	0.012431395935647384	-0.4681450618383933	0.14643311628349853	-0.12124097821798356	0.7407588266348276
hsa-miR-21-5p	FAXDC2	myeloid cell differentiation;regulation of myeloid cell differentiation	Microarray	Functional MTI (Weak)	-0.6534269633599182	0.040471334217860096	-1.404648977286295	0.00478532489263456	-0.44805772374655833	0.21498648560254183
hsa-miR-21-5p	FOXO3	myeloid cell differentiation;regulation of myeloid cell differentiation	Luciferase reporter assay//Western blotting//qRT-PCR//Immunoprecipitaion (IP)	Functional MTI	-0.6967525575554161	0.02516132320548311	0.00161632508415844	0.997861034191393	-0.27631580502774894	0.36484385156538857
hsa-miR-21-5p	GP5	myeloid cell differentiation	PAR-CLIP	Functional MTI (Weak)	-0.6418157324207572	0.045442691342627635	-0.6954613781857207	0.22524279039626563	-0.3989902152980873	0.43779028257075536
hsa-miR-21-5p	HMGB3	myeloid cell differentiation;regulation of myeloid cell differentiation	Microarray	Functional MTI (Weak)	-0.6393566111134269	0.046545528747163105	-0.3743180716315932	0.31754532638592686	0.3468023379611252	0.34181040543138014
hsa-miR-21-5p	IREB2	myeloid cell differentiation	Microarray	Functional MTI (Weak)	-0.7868723711235377	0.0069169910830689865	0.0367645373476619	0.9395460636886996	0.10675399297556631	0.7672919743299033
hsa-miR-21-5p	ITGB8	myeloid cell differentiation	HITS-CLIP	Functional MTI (Weak)	-0.7335634941419811	0.015750930607659346	0.11484985508973736	0.7846176816130707	0.05148474574990935	0.9045835988151678
hsa-miR-21-5p	MEF2C	myeloid cell differentiation;regulation of myeloid cell differentiation	Immunofluorescence//In situ hybridization//Luciferase reporter assay	Functional MTI	-0.46227841342394704	0.17856910842139123	-2.838895097146391	7.436448493962472e-6	-2.9913552333104665	2.8003318740952057e-12
hsa-miR-21-5p	PIAS3	myeloid cell differentiation;regulation of myeloid cell differentiation	Luciferase reporter assay	Functional MTI	-0.7984047785678698	0.005620546769784354	0.17979158656757707	0.57033672535668	0.29923700510907864	0.33789230828161126
hsa-miR-21-5p	PIK3R1	myeloid cell differentiation;regulation of myeloid cell differentiation	Luciferase reporter assay//qRT-PCR//Western blot	Functional MTI	-0.5580653392676012	0.09364873838864791	-1.0631014478048642	0.0022328676056582	-0.8590430421399302	0.00330570276393861
hsa-miR-21-5p	PITHD1	myeloid cell differentiation;regulation of myeloid cell differentiation	PAR-CLIP	Functional MTI (Weak)	-0.8426030415681457	0.002210475260768584	-1.0358775145080596	0.01418827344743941	-0.5511727291147004	0.08697181554819866
hsa-miR-21-5p	PURB	myeloid cell differentiation;regulation of myeloid cell differentiation	Microarray	Functional MTI (Weak)	-0.7379717702913834	0.014820536869077814	-0.14194739247608562	0.7331424277883032	-0.26986436891544746	0.38367962797454874
hsa-miR-21-5p	SFXN1	myeloid cell differentiation	Microarray	Functional MTI (Weak)	-0.6659289564325139	0.03554264351573229	0.11088675974114208	0.8063444685224985	0.01208964148189957	0.9780151460394604
hsa-miR-21-5p	SNRK	myeloid cell differentiation	Microarray	Functional MTI (Weak)	-0.9083045764709718	2.765424542798652e-4	-0.13498355848765972	0.7797483877951213	-0.16578220482489558	0.6318465185986274
hsa-miR-21-5p	TGFBR3	myeloid cell differentiation	Luciferase reporter assay//qRT-PCR	Functional MTI	0.0068228377861906594	0.9850757370967298	0.2705645104239031	0.5527087260976895	-0.891063308345407	0.00922233952517672
hsa-miR-21-5p	TLR4	myeloid cell differentiation;regulation of myeloid cell differentiation;macrophage differentiation	Microarray	Functional MTI (Weak)	-0.6626020898048032	0.03681217585827409	-0.5708914788838924	0.13247786856838684	-0.32623272521351304	0.388492731515467
hsa-miR-21-5p	VPS54	myeloid cell differentiation;macrophage differentiation	Microarray	Functional MTI (Weak)	-0.794462921294397	0.006042269227763744	0.30735700984360736	0.36729776752784	0.26829347255141783	0.3841641480048658
hsa-miR-216a-5p	ZBTB7A	myeloid cell differentiation	HITS-CLIP	Functional MTI (Weak)	-0.02228436126607274	0.9512771599457037	-0.5026665905852509	0.22730775946830797	-1.8342988091537655	1.1407484866089886e-8
hsa-miR-3065-5p	CDC42	myeloid cell differentiation	CLIP-seq	Functional MTI (Weak)	-0.7717012543540046	0.008928482396904875	-0.2843544626488061	0.4085459390457796	0.23576143903538127	0.4347826000692605
hsa-miR-3065-5p	CHMP5	myeloid cell differentiation	CLIP-seq	Functional MTI (Weak)	-0.8307689418553514	0.002909802805574675	-0.4037695466158168	0.300511057189782	0.00360735205624686	0.9944251670908684
hsa-miR-3065-5p	EPAS1	myeloid cell differentiation	CLIP-seq	Functional MTI (Weak)	0.27542060463425233	0.4411771341754047	-0.39560780445202065	0.3529921832865305	-1.214437517192868	0.00247889361767907
hsa-miR-3065-5p	GLO1	myeloid cell differentiation	CLIP-seq	Functional MTI (Weak)	-0.7245991429958542	0.017766955757569307	-0.06681910308567016	0.8735099961532998	-0.2750620955769874	0.3577002954071424
hsa-miR-3065-5p	HIPK2	myeloid cell differentiation	CLIP-seq	Functional MTI (Weak)	-0.281550048238782	0.43065293818154005	-0.955438137100834	0.04532076659907554	-0.21498308642862535	0.5809149176565316
hsa-miR-3065-5p	IL1RL1	myeloid cell differentiation	CLIP-seq	Functional MTI (Weak)	0.04839334842816441	0.894387118447227	0.1488119751596874	0.7829325163593376	-2.290156760314318	2.1074703820561565e-4
hsa-miR-3065-5p	KLF13	myeloid cell differentiation;regulation of myeloid cell differentiation	CLIP-seq	Functional MTI (Weak)	-0.4218001685222675	0.22469083413650046	-0.5564791881604785	0.03444326041682701	-0.19340240548049953	0.517373558245918
hsa-miR-3065-5p	PIK3R1	myeloid cell differentiation;regulation of myeloid cell differentiation	CLIP-seq	Functional MTI (Weak)	-0.3381831142541526	0.3391832906051091	-1.0631014478048642	0.0022328676056582	-0.8590430421399302	0.00330570276393861
hsa-miR-3065-5p	PPP3CA	myeloid cell differentiation;regulation of myeloid cell differentiation	CLIP-seq	Functional MTI (Weak)	-0.7304358482018312	0.01643519401961513	-0.6917388084275304	0.16728753097433532	-1.6007593763784516	3.7095816833425355e-7
hsa-miR-3065-5p	PTPN11	myeloid cell differentiation	CLIP-seq	Functional MTI (Weak)	-0.5048844888195064	0.1366496094362172	-0.6095371312768245	0.04591573554031061	-0.32572868140475764	0.29982880274124174
hsa-miR-3065-5p	PURB	myeloid cell differentiation;regulation of myeloid cell differentiation	CLIP-seq	Functional MTI (Weak)	-0.665075183815907	0.035865572053713934	-0.14194739247608562	0.7331424277883032	-0.26986436891544746	0.38367962797454874
hsa-miR-3065-5p	SH3PXD2A	myeloid cell differentiation	CLIP-seq	Functional MTI (Weak)	-0.1389471433549788	0.7018535538554935	-0.9534286090191424	0.00971059522706389	-0.41904100211938494	0.20841482942805015
hsa-miR-3065-5p	TCTA	myeloid cell differentiation;regulation of myeloid cell differentiation	CLIP-seq	Functional MTI (Weak)	-0.6498718358023619	0.04195252563692547	-0.737335572127011	0.02040723779814313	-0.27885617092871384	0.388492731515467
hsa-miR-3065-5p	TGFBR3	myeloid cell differentiation	CLIP-seq	Functional MTI (Weak)	0.23002392103690542	0.5226117288516192	0.2705645104239031	0.5527087260976895	-0.891063308345407	0.00922233952517672
hsa-miR-3144-3p	BCL2	CD8-positive, alpha-beta T cell activation	CLIP-seq	Functional MTI (Weak)	-0.6760456198419228	0.03186483742932734	-0.02459349587123031	0.9591566642557132	-0.07111168545117588	0.8660962596800641
hsa-miR-3144-3p	SH3RF1	CD8-positive, alpha-beta T cell activation	CLIP-seq	Functional MTI (Weak)	-0.48987542009811297	0.15064636887152577	-0.7254209476275414	0.02513538949068677	-0.3117236939618785	0.3781745492485135
hsa-miR-320b	BID	T cell activation	CLIP-seq	Functional MTI (Weak)	-0.6951571877290079	0.025639807770223573	-0.02701006502077667	0.95486030443604	-0.02479276496253089	0.953695434395242
hsa-miR-320b	CASP3	T cell activation	CLIP-seq	Functional MTI (Weak)	-0.7476524942096642	0.012913109020861893	0.240060606564573	0.4294264950817537	0.43983805699139505	0.1573060714655645
hsa-miR-320b	CD47	T cell activation	CLIP-seq	Functional MTI (Weak)	-0.7007384870262896	0.023992704936291676	-0.14144089553206138	0.7579038778205872	-0.1767852556579346	0.5579847268444224
hsa-miR-320b	CYLD	T cell activation	CLIP-seq	Functional MTI (Weak)	-0.9152142044278626	2.0388461507803797e-4	-0.8338242849476362	0.00723115582078067	-0.3458572153682195	0.3021600768715497
hsa-miR-320b	DLG1	T cell activation	CLIP-seq	Functional MTI (Weak)	-0.8384811342015613	0.0024384443693933706	-0.9716767344398554	0.00952201878604287	-0.319818658361742	0.3295030232816986
hsa-miR-320b	FOXO3	T cell activation	CLIP-seq	Functional MTI (Weak)	-0.6795120311931115	0.030666717464340038	0.00161632508415844	0.997861034191393	-0.27631580502774894	0.36484385156538857
hsa-miR-320b	HLA-E	T cell activation	CLIP-seq	Functional MTI (Weak)	-0.3080490676985932	0.38652927961469186	-1.083810743754377	0.02146511463139117	0.22501056389448712	0.539540918423014
hsa-miR-320b	KITLG	T cell activation	CLIP-seq	Functional MTI (Weak)	-0.23072821113743888	0.5213036048329643	-0.9966993394132369	0.02625308140074248	-1.6222418040785058	1.3531379838085838e-5
hsa-miR-320b	KMT2A	T cell activation	CLASH	Functional MTI (Weak)	-0.8186849310998459	0.0037753092137056857	0.23035682380317848	0.4124064184844274	0.03771450253217139	0.924148341576988
hsa-miR-320b	NCK2	T cell activation	CLIP-seq	Functional MTI (Weak)	-0.669056094850299	0.03437665215889294	0.05643152007377388	0.8930326299227026	-0.05831615091977235	0.8863089492823749
hsa-miR-320b	NFATC3	T cell activation	CLIP-seq	Functional MTI (Weak)	-0.6960708705630113	0.02536501904486219	0.07109460775423497	0.8606953314776362	0.1539146455936	0.6471327964855242
hsa-miR-320b	PDP2	T cell activation	CLIP-seq	Functional MTI (Weak)	-0.7671054697995079	0.00961140922939548	-0.25930784473715174	0.43943961494496714	-0.2721067134529929	0.3862457328359337
hsa-miR-320b	PDPK1	T cell activation	CLIP-seq	Functional MTI (Weak)	-0.7565747426036649	0.011313731694787648	-0.4552579191102816	0.23230491696519187	-0.9573378448171956	4.596855727047739e-4
hsa-miR-320b	PIK3R1	T cell activation	CLIP-seq	Functional MTI (Weak)	-0.4486220245415326	0.19344181349186612	-1.0631014478048642	0.0022328676056582	-0.8590430421399302	0.00330570276393861
hsa-miR-320b	PRKAR1A	T cell activation	CLIP-seq	Functional MTI (Weak)	-0.837060085859785	0.002520825095285835	-0.4967667637500969	0.16547135545515682	-0.4859701271698943	0.1419670647043388
hsa-miR-320b	PTPN11	T cell activation	CLIP-seq	Functional MTI (Weak)	-0.7667807990096694	0.009661005021692546	-0.6095371312768245	0.04591573554031061	-0.32572868140475764	0.29982880274124174
hsa-miR-320b	SH3RF1	T cell activation	CLIP-seq	Functional MTI (Weak)	-0.7626314636831268	0.01031083010111159	-0.7254209476275414	0.02513538949068677	-0.3117236939618785	0.3781745492485135
hsa-miR-320b	SIRPA	T cell activation	CLIP-seq	Functional MTI (Weak)	-0.9022662979234553	3.5423297174254565e-4	-0.964368352347155	0.02148860043051317	-1.526449907080266	1.508739128216767e-7
hsa-miR-320b	SLC7A1	T cell activation	CLIP-seq	Functional MTI (Weak)	-0.686290177708059	0.02841329657978857	0.24573551739854313	0.5704174716299867	-0.11992188621122166	0.7341759492384449
hsa-miR-320b	SMARCA2	T cell activation	CLIP-seq	Functional MTI (Weak)	-0.649292306433584	0.0421973780400893	-0.522389605739592	0.10350286365001604	-0.4090852912567928	0.1141892946714854
hsa-miR-320b	SOX4	T cell activation	CLIP-seq	Functional MTI (Weak)	-0.7137882268500716	0.02042824419952234	2.377304420055497	9.428740349837737e-7	3.746679610393231	9.140094532761128e-15
hsa-miR-320b	TSC1	T cell activation	CLIP-seq	Functional MTI (Weak)	-0.8195386383619178	0.003708771520255895	-0.17197165326391547	0.5363490209904914	-0.209199240643381	0.46528529680644815
hsa-miR-320b	TWSG1	T cell activation	CLIP-seq	Functional MTI (Weak)	-0.7318059509055744	0.016132951127132877	-0.13090966577737906	0.7668577921859295	-0.04432399993965415	0.9220299924990136
hsa-miR-320b	ZMIZ1	T cell activation	CLIP-seq	Functional MTI (Weak)	-0.6476493861006559	0.04289672612041806	0.6590127521230181	0.06173927484805514	0.1292990904370685	0.6906276314915074
hsa-miR-320c	CASP3	T cell activation;regulation of T cell activation	CLIP-seq	Functional MTI (Weak)	-0.6891166113575549	0.02750802001007126	0.240060606564573	0.4294264950817537	0.43983805699139505	0.1573060714655645
hsa-miR-320c	CYLD	T cell activation;regulation of T cell activation	CLIP-seq	Functional MTI (Weak)	-0.8487066620972419	0.0019017342238139365	-0.8338242849476362	0.00723115582078067	-0.3458572153682195	0.3021600768715497
hsa-miR-320c	DLG1	T cell activation;regulation of T cell activation	CLIP-seq	Functional MTI (Weak)	-0.7766511971502981	0.008232047407416237	-0.9716767344398554	0.00952201878604287	-0.319818658361742	0.3295030232816986
hsa-miR-320c	FOXO3	T cell activation;regulation of T cell activation	CLIP-seq	Functional MTI (Weak)	-0.7032992018946406	0.02326194819596648	0.00161632508415844	0.997861034191393	-0.27631580502774894	0.36484385156538857
hsa-miR-320c	HLA-E	T cell activation;regulation of T cell activation	CLIP-seq	Functional MTI (Weak)	-0.23759433848305414	0.5086217297471345	-1.083810743754377	0.02146511463139117	0.22501056389448712	0.539540918423014
hsa-miR-320c	KITLG	T cell activation;regulation of T cell activation	CLIP-seq	Functional MTI (Weak)	-0.1427122829605293	0.6940977302768871	-0.9966993394132369	0.02625308140074248	-1.6222418040785058	1.3531379838085838e-5
hsa-miR-320c	NCK2	T cell activation;regulation of T cell activation	CLIP-seq	Functional MTI (Weak)	-0.6407583194319032	0.04591474127091556	0.05643152007377388	0.8930326299227026	-0.05831615091977235	0.8863089492823749
hsa-miR-320c	NFATC3	T cell activation	CLIP-seq	Functional MTI (Weak)	-0.6541854111562816	0.040159957802388145	0.07109460775423497	0.8606953314776362	0.1539146455936	0.6471327964855242
hsa-miR-320c	PDP2	T cell activation	CLIP-seq	Functional MTI (Weak)	-0.7764864227220514	0.008254590599343602	-0.25930784473715174	0.43943961494496714	-0.2721067134529929	0.3862457328359337
hsa-miR-320c	PDPK1	T cell activation;regulation of T cell activation	CLIP-seq	Functional MTI (Weak)	-0.7313812823524903	0.016226215283307744	-0.4552579191102816	0.23230491696519187	-0.9573378448171956	4.596855727047739e-4
hsa-miR-320c	PIK3R1	T cell activation	CLIP-seq	Functional MTI (Weak)	-0.47887707267234997	0.16143360320469713	-1.0631014478048642	0.0022328676056582	-0.8590430421399302	0.00330570276393861
hsa-miR-320c	PRKAR1A	T cell activation;regulation of T cell activation	CLIP-seq	Functional MTI (Weak)	-0.8011974360883916	0.005334762292641421	-0.4967667637500969	0.16547135545515682	-0.4859701271698943	0.1419670647043388
hsa-miR-320c	PTPN11	T cell activation;regulation of T cell activation	CLIP-seq	Functional MTI (Weak)	-0.7282745061131128	0.016919954472077395	-0.6095371312768245	0.04591573554031061	-0.32572868140475764	0.29982880274124174
hsa-miR-320c	SH3RF1	T cell activation;regulation of T cell activation	CLIP-seq	Functional MTI (Weak)	-0.6712553454712687	0.03357234356888175	-0.7254209476275414	0.02513538949068677	-0.3117236939618785	0.3781745492485135
hsa-miR-320c	SIRPA	T cell activation;regulation of T cell activation	CLIP-seq	Functional MTI (Weak)	-0.8678215044602324	0.001135057701273102	-0.964368352347155	0.02148860043051317	-1.526449907080266	1.508739128216767e-7
hsa-miR-320c	SLC7A1	T cell activation;regulation of T cell activation	CLIP-seq	Functional MTI (Weak)	-0.7519381703009667	0.012126363588649216	0.24573551739854313	0.5704174716299867	-0.11992188621122166	0.7341759492384449
hsa-miR-320c	SMARCA2	T cell activation;regulation of T cell activation	CLIP-seq	Functional MTI (Weak)	-0.6870405636516999	0.028171001263084975	-0.522389605739592	0.10350286365001604	-0.4090852912567928	0.1141892946714854
hsa-miR-320c	SMARCC1	T cell activation;regulation of T cell activation	5.0	Functional MTI (Weak)	-0.6968232714179955	0.02514025755694384	-0.01911327715645611	0.9683643105619716	0.26489587698323014	0.3869423612695551
hsa-miR-320c	SOX4	T cell activation;regulation of T cell activation	CLIP-seq	Functional MTI (Weak)	-0.6821604102731283	0.029772282663164378	2.377304420055497	9.428740349837737e-7	3.746679610393231	9.140094532761128e-15
hsa-miR-320c	TSC1	T cell activation	CLIP-seq	Functional MTI (Weak)	-0.7658461096908898	0.009804792437092084	-0.17197165326391547	0.5363490209904914	-0.209199240643381	0.46528529680644815
hsa-miR-320c	TWSG1	T cell activation;regulation of T cell activation	CLIP-seq	Functional MTI (Weak)	-0.6791327046892663	0.030796306883249136	-0.13090966577737906	0.7668577921859295	-0.04432399993965415	0.9220299924990136
hsa-miR-320c	ZMIZ1	T cell activation;regulation of T cell activation	CLIP-seq	Functional MTI (Weak)	-0.7077027065393536	0.02204136743633771	0.6590127521230181	0.06173927484805514	0.1292990904370685	0.6906276314915074
hsa-miR-320d	CYLD	T cell activation;regulation of T cell activation	CLIP-seq	Functional MTI (Weak)	-0.547719413213916	0.10122387501230791	-0.8338242849476362	0.00723115582078067	-0.3458572153682195	0.3021600768715497
hsa-miR-320d	DLG1	T cell activation;regulation of T cell activation	CLIP-seq	Functional MTI (Weak)	-0.4290698027990094	0.21595469409785759	-0.9716767344398554	0.00952201878604287	-0.319818658361742	0.3295030232816986
hsa-miR-320d	HLA-E	T cell activation;regulation of T cell activation	CLIP-seq	Functional MTI (Weak)	-0.29387397931231957	0.40985075411156424	-1.083810743754377	0.02146511463139117	0.22501056389448712	0.539540918423014
hsa-miR-320d	ICOSLG	T cell activation;regulation of T cell activation	CLIP-seq	Functional MTI (Weak)	-0.6534770974792553	0.040450701980357044	0.00531964720675793	0.993280000629533	0.6237945474459035	0.1146614378941807
hsa-miR-320d	KITLG	T cell activation;regulation of T cell activation	CLIP-seq	Functional MTI (Weak)	0.18988753542027687	0.5992772054705362	-0.9966993394132369	0.02625308140074248	-1.6222418040785058	1.3531379838085838e-5
hsa-miR-320d	PDPK1	T cell activation;regulation of T cell activation	CLIP-seq	Functional MTI (Weak)	-0.4632507252402632	0.17753689173739867	-0.4552579191102816	0.23230491696519187	-0.9573378448171956	4.596855727047739e-4
hsa-miR-320d	PIK3R1	T cell activation	CLIP-seq	Functional MTI (Weak)	0.0427168961567251	0.9067271119881244	-1.0631014478048642	0.0022328676056582	-0.8590430421399302	0.00330570276393861
hsa-miR-320d	PTPN11	T cell activation;regulation of T cell activation	CLIP-seq	Functional MTI (Weak)	-0.20414261571536946	0.5715874245885959	-0.6095371312768245	0.04591573554031061	-0.32572868140475764	0.29982880274124174
hsa-miR-320d	SH3RF1	T cell activation;regulation of T cell activation	CLIP-seq	Functional MTI (Weak)	-0.28263957987819155	0.4287944940120141	-0.7254209476275414	0.02513538949068677	-0.3117236939618785	0.3781745492485135
hsa-miR-320d	SIRPA	T cell activation;regulation of T cell activation	CLIP-seq	Functional MTI (Weak)	-0.47418908389287195	0.16616873900587198	-0.964368352347155	0.02148860043051317	-1.526449907080266	1.508739128216767e-7
hsa-miR-450b-5p	DUSP22	T cell activation	CLIP-seq	Functional MTI (Weak)	0.19272284079475263	0.593731328835355	-0.6343914396721584	0.01545464206990942	-0.396536340881309	0.20417143163168724
hsa-miR-450b-5p	EFNB2	T cell activation	CLIP-seq	Functional MTI (Weak)	-0.341413149513729	0.33429335586375664	-0.9223843720369777	0.04577206350271115	-1.5918372091756412	1.6262414764399702e-7
hsa-miR-450b-5p	FBXW7	myeloid cell differentiation;regulation of myeloid cell differentiation	CLIP-seq	Functional MTI (Weak)	0.06401796356701973	0.8605332178054085	-1.1588639087923207	0.02118157254176922	-1.4622748582207177	1.8231907646723218e-7
hsa-miR-450b-5p	HIPK2	myeloid cell differentiation;myeloid cell homeostasis	CLIP-seq	Functional MTI (Weak)	0.2519580087771698	0.48251835936487375	-0.955438137100834	0.04532076659907554	-0.21498308642862535	0.5809149176565316
hsa-miR-450b-5p	IGF1	T cell activation	CLIP-seq	Functional MTI (Weak)	-0.46915819462656533	0.17134164640456312	-1.5239238629573042	0.02406039801131721	-0.3064943061529451	0.550988774824936
hsa-miR-450b-5p	KITLG	T cell activation;myeloid cell differentiation;regulation of myeloid cell differentiation;myeloid cell homeostasis	CLIP-seq	Functional MTI (Weak)	0.2688747843481274	0.45254427169794886	-0.9966993394132369	0.02625308140074248	-1.6222418040785058	1.3531379838085838e-5
hsa-miR-450b-5p	MEF2C	myeloid cell differentiation;regulation of myeloid cell differentiation	CLIP-seq	Functional MTI (Weak)	0.6657976563090774	0.03559217756165837	-2.838895097146391	7.436448493962472e-6	-2.9913552333104665	2.8003318740952057e-12
hsa-miR-450b-5p	MICA	T cell activation	CLIP-seq	Functional MTI (Weak)	-0.6438588636268391	0.04453981622481879	0.5119766145275977	0.30398325562085976	-0.6630951521746989	0.10546668754498136
hsa-miR-450b-5p	PIK3R2	T cell activation	CLIP-seq	Functional MTI (Weak)	0.25712949566882065	0.47326530405401057	-0.3240774481695373	0.5044118349819116	-0.7440347823638219	0.0325459702551257
hsa-miR-450b-5p	PTPN11	T cell activation;myeloid cell differentiation	CLIP-seq	Functional MTI (Weak)	0.04713238723642081	0.897126635186317	-0.6095371312768245	0.04591573554031061	-0.32572868140475764	0.29982880274124174
hsa-miR-450b-5p	RABL3	T cell activation	CLIP-seq	Functional MTI (Weak)	0.23557694908740445	0.5123344395702341	-0.7110077753646142	0.03455577282364834	-0.44525972921227885	0.15200161406803206
hsa-miR-450b-5p	SH3PXD2A	myeloid cell differentiation	CLIP-seq	Functional MTI (Weak)	0.09408786591885322	0.7959951383854684	-0.9534286090191424	0.00971059522706389	-0.41904100211938494	0.20841482942805015
hsa-miR-450b-5p	STAT6	T cell activation	CLIP-seq	Functional MTI (Weak)	-0.5983879351039898	0.06761661844460937	-0.5557181930681373	0.2473861596783949	-0.9759709909463304	0.01245772189425263
hsa-miR-501-3p	CREB1	regulation of myeloid cell differentiation;myeloid cell differentiation	CLIP-seq	Functional MTI (Weak)	-0.6392040946011328	0.04661451046866981	0.2440533446905865	0.32425967609705164	0.335380772406687	0.2363494938324366
hsa-miR-501-3p	EPAS1	myeloid cell differentiation;myeloid cell homeostasis	CLIP-seq	Functional MTI (Weak)	0.19142082007571487	0.596275763615205	-0.39560780445202065	0.3529921832865305	-1.214437517192868	0.00247889361767907
hsa-miR-501-3p	KLF13	regulation of myeloid cell differentiation;myeloid cell differentiation;myeloid cell homeostasis	CLIP-seq	Functional MTI (Weak)	-0.15914617681077783	0.6605518755958995	-0.5564791881604785	0.03444326041682701	-0.19340240548049953	0.517373558245918
hsa-miR-501-3p	MED1	regulation of myeloid cell differentiation;myeloid cell differentiation;myeloid cell homeostasis	CLIP-seq	Functional MTI (Weak)	-0.7422487494500188	0.0139551709473943	0.1850974643973921	0.57033672535668	0.2928989485868018	0.32046296616381237
hsa-miR-501-3p	NCAPG2	myeloid cell differentiation;myeloid cell homeostasis	PAR-CLIP	Functional MTI (Weak)	-0.7404948330935274	0.014305649953926847	0.8785477546151103	0.02508253968407748	1.0898131964067717	0.00560920354330734
hsa-miR-501-3p	PIP4K2A	myeloid cell differentiation	CLIP-seq	Functional MTI (Weak)	-0.3275124227682856	0.35559486054257444	-1.145913594159178	0.03664595879024956	-0.3155693799895913	0.4117573044678021
hsa-miR-501-3p	PPP3CA	regulation of myeloid cell differentiation;myeloid cell differentiation	CLIP-seq	Functional MTI (Weak)	-0.6550559635086366	0.039804549510977484	-0.6917388084275304	0.16728753097433532	-1.6007593763784516	3.7095816833425355e-7
hsa-miR-501-3p	PURB	regulation of myeloid cell differentiation;myeloid cell differentiation	CLIP-seq	Functional MTI (Weak)	-0.6615376635956075	0.03722474110508195	-0.14194739247608562	0.7331424277883032	-0.26986436891544746	0.38367962797454874
hsa-miR-501-3p	QKI	regulation of myeloid cell differentiation;myeloid cell differentiation	CLIP-seq	Functional MTI (Weak)	-0.6362592634585985	0.04795984579883441	-0.12922927454204444	0.7934459410277973	0.497255338810427	0.10546086100252353
hsa-miR-501-3p	SH3PXD2A	myeloid cell differentiation	CLIP-seq	Functional MTI (Weak)	-0.16982911955306182	0.6390294643059282	-0.9534286090191424	0.00971059522706389	-0.41904100211938494	0.20841482942805015
hsa-miR-501-3p	SLC7A11	myeloid cell homeostasis	CLIP-seq	Functional MTI (Weak)	-0.20608250112285517	0.567857298350551	-1.0636938970161178	0.00832991495627802	-1.1428229583324736	0.00528708476704697
hsa-miR-501-3p	TRIM58	myeloid cell differentiation;myeloid cell homeostasis	CLIP-seq	Functional MTI (Weak)	-0.7978399612463946	0.005679645611375324	-0.3415118281686922	0.4785519102690406	0.649698534800251	0.07920627730544066
hsa-miR-502-3p	CREB1	regulation of myeloid cell differentiation;myeloid cell differentiation	CLIP-seq	Functional MTI (Weak)	-0.7901629232498655	0.006527465259856605	0.2440533446905865	0.32425967609705164	0.335380772406687	0.2363494938324366
hsa-miR-502-3p	EPAS1	myeloid cell differentiation;myeloid cell homeostasis	CLIP-seq	Functional MTI (Weak)	0.2794761562797134	0.43420070121481413	-0.39560780445202065	0.3529921832865305	-1.214437517192868	0.00247889361767907
hsa-miR-502-3p	KLF10	regulation of myeloid cell differentiation;myeloid cell differentiation	CLIP-seq	Functional MTI (Weak)	-0.6638903839978343	0.036316987049636554	0.5643164685478842	0.2368790827155467	0.5129855431915502	0.1699275281515886
hsa-miR-502-3p	KLF13	regulation of myeloid cell differentiation;myeloid cell differentiation;myeloid cell homeostasis	CLIP-seq	Functional MTI (Weak)	-0.21697108410522545	0.5470953375781802	-0.5564791881604785	0.03444326041682701	-0.19340240548049953	0.517373558245918
hsa-miR-502-3p	MED1	regulation of myeloid cell differentiation;myeloid cell differentiation;myeloid cell homeostasis	CLIP-seq	Functional MTI (Weak)	-0.826641943678922	0.0031873201724812172	0.1850974643973921	0.57033672535668	0.2928989485868018	0.32046296616381237
hsa-miR-502-3p	NCAPG2	myeloid cell differentiation;myeloid cell homeostasis	PAR-CLIP	Functional MTI (Weak)	-0.746737553587094	0.013085582694366356	0.8785477546151103	0.02508253968407748	1.0898131964067717	0.00560920354330734
hsa-miR-502-3p	NF1	regulation of myeloid cell differentiation;myeloid cell differentiation;myeloid cell homeostasis	CLIP-seq	Functional MTI (Weak)	-0.6374186576977895	0.04742713041720532	-0.2449914792259588	0.4909983447812406	-0.23803968872070785	0.4120180560494533
hsa-miR-502-3p	PIP4K2A	myeloid cell differentiation	CLIP-seq	Functional MTI (Weak)	-0.5074909457252423	0.13430364213457024	-1.145913594159178	0.03664595879024956	-0.3155693799895913	0.4117573044678021
hsa-miR-502-3p	PPP3CA	regulation of myeloid cell differentiation;myeloid cell differentiation	CLIP-seq	Functional MTI (Weak)	-0.5974398456273529	0.0681666845704111	-0.6917388084275304	0.16728753097433532	-1.6007593763784516	3.7095816833425355e-7
hsa-miR-502-3p	PURB	regulation of myeloid cell differentiation;myeloid cell differentiation	CLIP-seq	Functional MTI (Weak)	-0.6898749170434545	0.027268541473526142	-0.14194739247608562	0.7331424277883032	-0.26986436891544746	0.38367962797454874
hsa-miR-502-3p	QKI	regulation of myeloid cell differentiation;myeloid cell differentiation	CLIP-seq	Functional MTI (Weak)	-0.8377772028423934	0.0024790058476302033	-0.12922927454204444	0.7934459410277973	0.497255338810427	0.10546086100252353
hsa-miR-502-3p	SH3PXD2A	myeloid cell differentiation	CLIP-seq	Functional MTI (Weak)	-0.3962546981240353	0.25695389534794444	-0.9534286090191424	0.00971059522706389	-0.41904100211938494	0.20841482942805015
hsa-miR-502-3p	SIGLEC15	myeloid cell differentiation	HITS-CLIP	Functional MTI (Weak)	-0.6391586431246218	0.0466350809261147	-0.06805232234913557	0.9067252257799912	-0.10054962082169548	0.8444512406586149
hsa-miR-502-3p	SLC7A11	myeloid cell homeostasis	CLIP-seq	Functional MTI (Weak)	-0.25687454730380244	0.4737196337375693	-1.0636938970161178	0.00832991495627802	-1.1428229583324736	0.00528708476704697
hsa-miR-502-3p	TRIM58	myeloid cell differentiation;myeloid cell homeostasis	CLIP-seq	Functional MTI (Weak)	-0.8818386912566895	7.377858061100838e-4	-0.3415118281686922	0.4785519102690406	0.649698534800251	0.07920627730544066
hsa-miR-505-3p	IGF1	regulation of T cell activation;T cell activation	PAR-CLIP	Functional MTI (Weak)	-0.6643128293821999	0.03615559504905695	-1.5239238629573042	0.02406039801131721	-0.3064943061529451	0.550988774824936
hsa-miR-505-3p	PTPN11	regulation of T cell activation;T cell activation	Luciferase reporter assay//RNA-seq//qRT-PCR	Functional MTI	-0.45737786137489717	0.1838255806330789	-0.6095371312768245	0.04591573554031061	-0.32572868140475764	0.29982880274124174
hsa-miR-532-5p	B2M	regulation of T cell mediated cytotoxicity;myeloid cell homeostasis;antigen processing and presentation of peptide antigen via MHC class Ib;antigen processing and presentation via MHC class Ib;antigen processing and presentation of endogenous peptide antigen;antigen processing and presentation of endogenous antigen;antigen processing and presentation of peptide antigen via MHC class I	CLIP-seq	Functional MTI (Weak)	-0.7956966620638511	0.0059079369877652515	-0.29274941966364204	0.5325914291453813	1.745732384245024	1.940495008324777e-6
hsa-miR-532-5p	CCR2	myeloid cell homeostasis	PAR-CLIP	Functional MTI (Weak)	-0.6531506932921838	0.040585157636357304	-0.6150272308310583	0.2637580653348037	0.2149118755925648	NA
hsa-miR-532-5p	HLA-A	regulation of T cell mediated cytotoxicity;natural killer cell mediated cytotoxicity;antigen processing and presentation of peptide antigen via MHC class Ib;antigen processing and presentation via MHC class Ib;antigen processing and presentation of endogenous peptide antigen;antigen processing and presentation of endogenous antigen;antigen processing and presentation of peptide antigen via MHC class I	CLIP-seq	Functional MTI (Weak)	-0.6834341335646461	0.029348512755046012	0.16172459216748372	0.733468951147064	1.885675439486417	2.3104758992149296e-6
hsa-miR-532-5p	HMGB1	myeloid cell homeostasis	CLIP-seq	Functional MTI (Weak)	-0.6863575617193705	0.028391480721605553	-0.13870149566787057	0.716291720591611	0.14711230879509588	0.6669847844213527
hsa-miR-532-5p	HSPA9	myeloid cell homeostasis	CLIP-seq	Functional MTI (Weak)	-0.7488445599912991	0.01269079068139204	-0.269417728881811	0.4100751573778854	-0.112580487548959	0.7486213897366277
hsa-miR-532-5p	KLF13	myeloid cell homeostasis	CLIP-seq	Functional MTI (Weak)	-0.17092840323737252	0.6368281776233462	-0.5564791881604785	0.03444326041682701	-0.19340240548049953	0.517373558245918
hsa-miR-532-5p	MED1	myeloid cell homeostasis	CLIP-seq	Functional MTI (Weak)	-0.7275101668033113	0.01709373739034289	0.1850974643973921	0.57033672535668	0.2928989485868018	0.32046296616381237
hsa-miR-532-5p	SERPINB9	natural killer cell mediated cytotoxicity	CLIP-seq	Functional MTI (Weak)	-0.3031433287512604	0.3945260329689956	-0.8716313823997729	0.02883868147854402	-0.8753063761839153	0.02502481237201789
hsa-miR-532-5p	SFXN1	myeloid cell homeostasis	CLIP-seq	Functional MTI (Weak)	-0.6685079767128214	0.03457912317645618	0.11088675974114208	0.8063444685224985	0.01208964148189957	0.9780151460394604
hsa-miR-532-5p	STAT1	myeloid cell homeostasis	CLIP-seq	Functional MTI (Weak)	-0.7136118668820398	0.020473807623359038	-0.7902620486460112	NA	0.3030212912404011	0.32611986394793174
hsa-miR-532-5p	TAP2	regulation of T cell mediated cytotoxicity;antigen processing and presentation of peptide antigen via MHC class Ib;antigen processing and presentation via MHC class Ib;antigen processing and presentation of endogenous peptide antigen;antigen processing and presentation of endogenous antigen;antigen processing and presentation of peptide antigen via MHC class I	CLIP-seq	Functional MTI (Weak)	-0.7242184133587166	0.017856344262888492	-0.1993760277410632	0.637342092663448	0.3170418840773499	0.3105020828217752
hsa-miR-93-5p	PIP4K2A	myeloid cell differentiation	HITS-CLIP	Functional MTI (Weak)	-0.10859126441230817	0.7652379726665864	-1.145913594159178	0.03664595879024956	-0.3155693799895913	0.4117573044678021
hsa-miR-93-5p	SH3PXD2A	myeloid cell differentiation	Sequencing	Functional MTI (Weak)	-0.12004552452899606	0.7411521098683946	-0.9534286090191424	0.00971059522706389	-0.41904100211938494	0.20841482942805015
hsa-miR-93-5p	SLC7A11	myeloid cell homeostasis	HITS-CLIP	Functional MTI (Weak)	-0.49569216683058287	0.1451230554508742	-1.0636938970161178	0.00832991495627802	-1.1428229583324736	0.00528708476704697
hsa-miR-93-5p	ZBTB7A	myeloid cell differentiation;myeloid cell homeostasis	CLASH	Functional MTI (Weak)	-0.46706416538659645	0.17352271990489165	-0.5026665905852509	0.22730775946830797	-1.8342988091537655	1.1407484866089886e-8
