miRNA	GO.ID	Term	n_samples	n_target_genes	pearson_r	pearson_p	pearson_fdr
hsa-miR-210-3p	GO:0045637	regulation of myeloid cell differentiation	10	7	-0.9755203855863829	1.5253909165823245e-6	9.577143287148208e-4
hsa-miR-210-3p	GO:0002573	myeloid leukocyte differentiation	10	5	-0.972172160177059	2.5369915992445585e-6	9.577143287148208e-4
hsa-miR-210-3p	GO:0071357	cellular response to type I interferon	10	3	-0.9500801612149556	2.557491373601517e-5	0.003861811974138291
hsa-miR-210-3p	GO:0034340	response to type I interferon	10	3	-0.9500801612149556	2.557491373601517e-5	0.003861811974138291
hsa-miR-210-3p	GO:0060337	type I interferon-mediated signaling pathway	10	3	-0.9500801612149556	2.557491373601517e-5	0.003861811974138291
hsa-miR-148a-3p	GO:0032649	regulation of type II interferon production	10	6	-0.9086881287462809	2.720739365793912e-4	0.029345117445348623
hsa-miR-148a-3p	GO:0032609	type II interferon production	10	6	-0.9086881287462809	2.720739365793912e-4	0.029345117445348623
hsa-miR-502-3p	GO:0045639	positive regulation of myeloid cell differentiation	10	10	-0.8858809391949874	6.451514731650874e-4	0.052668168484601825
hsa-miR-210-3p	GO:0030099	myeloid cell differentiation	10	9	-0.8842532216551885	6.813639911458979e-4	0.052668168484601825
hsa-miR-210-3p	GO:0002262	myeloid cell homeostasis	10	7	-0.8835442633960012	6.975916355576401e-4	0.052668168484601825
hsa-miR-210-3p	GO:0045639	positive regulation of myeloid cell differentiation	10	4	-0.8680905913743696	0.0011262249398468597	0.07729998450767084
hsa-miR-148a-3p	GO:0019882	antigen processing and presentation	10	8	-0.8627855877508132	0.0013098262559784251	0.08240990193864257
hsa-miR-25-3p	GO:0071560	cellular response to transforming growth factor beta stimulus	10	14	-0.842315342739106	0.002225865992389273	0.10672682661687694
hsa-miR-25-3p	GO:0007179	transforming growth factor beta receptor signaling pathway	10	14	-0.842315342739106	0.002225865992389273	0.10672682661687694
hsa-miR-320c	GO:0045089	positive regulation of innate immune response	10	42	-0.841653246119971	0.0022615792440684986	0.10672682661687694
hsa-miR-320b	GO:0002684	positive regulation of immune system process	10	102	-0.8390225901050293	0.002407572312428031	0.10672682661687694
hsa-miR-130a-3p	GO:0002262	myeloid cell homeostasis	10	10	-0.8375069988531155	0.002494703803621737	0.10672682661687694
hsa-miR-320c	GO:0045088	regulation of innate immune response	10	50	-0.8366582315444361	0.0025444806345745496	0.10672682661687694
hsa-miR-502-3p	GO:0045637	regulation of myeloid cell differentiation	10	18	-0.8306422563140904	0.002918052891494816	0.11300251951109788
hsa-miR-130a-3p	GO:0001818	negative regulation of cytokine production	10	16	-0.8292471543377319	0.003010022370157268	0.11300251951109788
hsa-miR-320b	GO:0002682	regulation of immune system process	10	154	-0.820713509214822	0.003618583147401563	0.11300251951109788
hsa-miR-25-3p	GO:0044546	NLRP3 inflammasome complex assembly	10	5	-0.8172199488370808	0.0038914774930974105	0.11300251951109788
hsa-miR-25-3p	GO:0140632	canonical inflammasome complex assembly	10	5	-0.8172199488370808	0.0038914774930974105	0.11300251951109788
hsa-miR-25-3p	GO:0141084	inflammasome-mediated signaling pathway	10	5	-0.8172199488370808	0.0038914774930974105	0.11300251951109788
hsa-miR-25-3p	GO:1900225	regulation of NLRP3 inflammasome complex assembly	10	5	-0.8172199488370808	0.0038914774930974105	0.11300251951109788
hsa-miR-25-3p	GO:0141085	regulation of inflammasome-mediated signaling pathway	10	5	-0.8172199488370808	0.0038914774930974105	0.11300251951109788
hsa-miR-130a-3p	GO:0071560	cellular response to transforming growth factor beta stimulus	10	15	-0.8134003646650289	0.004206381684123446	0.11682237775299335
hsa-miR-25-3p	GO:0007159	leukocyte cell-cell adhesion	10	18	-0.8119281822405429	0.004332485532561343	0.11682237775299335
hsa-miR-130a-3p	GO:0071559	response to transforming growth factor beta	10	16	-0.8083873357966564	0.004646832511016558	0.11942407682960653
hsa-miR-130a-3p	GO:0010742	macrophage derived foam cell differentiation	10	5	-0.8055543767660627	0.004909814866151799	0.11942407682960653
hsa-miR-21-5p	GO:0031349	positive regulation of defense response	10	35	-0.8036940062379114	0.005088186982077905	0.11942407682960653
hsa-miR-210-3p	GO:0000281	mitotic cytokinesis	10	3	-0.8034709468465304	0.005109879870603097	0.11942407682960653
hsa-miR-25-3p	GO:0141091	transforming growth factor beta receptor superfamily signaling pathway	10	21	-0.8023503410229426	0.005219860311757636	0.11942407682960653
hsa-miR-28-3p	GO:0043409	negative regulation of MAPK cascade	10	10	-0.7978545706911515	0.005678111421852188	0.12402338478108944
hsa-miR-320b	GO:1903037	regulation of leukocyte cell-cell adhesion	10	45	-0.797178399599331	0.0057494284335604376	0.12402338478108944
hsa-miR-320b	GO:0046649	lymphocyte activation	10	78	-0.7911620434133492	0.006412345511190993	0.12843224804302208
hsa-miR-320b	GO:0071560	cellular response to transforming growth factor beta stimulus	10	36	-0.7900019934732444	0.006546144096231894	0.12843224804302208
hsa-miR-148a-3p	GO:0048002	antigen processing and presentation of peptide antigen	10	5	-0.7890020788123965	0.006663054431379838	0.12843224804302208
hsa-miR-148a-3p	GO:0002474	antigen processing and presentation of peptide antigen via MHC class I	10	5	-0.7890020788123965	0.006663054431379838	0.12843224804302208
hsa-miR-320b	GO:0071559	response to transforming growth factor beta	10	38	-0.7873738065405708	0.006856594476224496	0.12843224804302208
hsa-miR-320b	GO:0032465	regulation of cytokinesis	10	15	-0.7859438129370387	0.007029828970814711	0.12843224804302208
hsa-miR-148a-3p	GO:0042129	regulation of T cell proliferation	10	7	-0.7841398142685796	0.00725277329403305	0.12843224804302208
hsa-miR-320b	GO:0007159	leukocyte cell-cell adhesion	10	49	-0.7836458383453418	0.0073146843256290716	0.12843224804302208
hsa-miR-320b	GO:0050870	positive regulation of T cell activation	10	32	-0.7812772320704662	0.007616761538719759	0.12862705924212736
hsa-miR-502-3p	GO:0030099	myeloid cell differentiation	10	30	-0.7808935397243275	0.007666513464762558	0.12862705924212736
hsa-miR-21-5p	GO:0030099	myeloid cell differentiation	10	40	-0.778473702065799	0.0079856022153493	0.12923880616940528
hsa-miR-320c	GO:0002684	positive regulation of immune system process	10	104	-0.7770254396642623	0.008181008192109101	0.12923880616940528
hsa-miR-320b	GO:1903039	positive regulation of leukocyte cell-cell adhesion	10	33	-0.7730444540730161	0.008735539645269347	0.12923880616940528
hsa-miR-320b	GO:0042110	T cell activation	10	61	-0.7724186268687995	0.008825065698594581	0.12923880616940528
hsa-miR-320c	GO:0002682	regulation of immune system process	10	154	-0.7723340984596434	0.008837207152395781	0.12923880616940528
hsa-miR-21-5p	GO:0031347	regulation of defense response	10	46	-0.7717850411601509	0.008916359749772194	0.12923880616940528
hsa-miR-21-5p	GO:0045089	positive regulation of innate immune response	10	27	-0.7717778235126022	0.008917403573336827	0.12923880616940528
hsa-miR-320b	GO:0000281	mitotic cytokinesis	10	15	-0.7707126848820658	0.009072393015865536	0.12923880616940528
hsa-miR-130a-3p	GO:0051133	regulation of NK T cell activation	10	3	-0.7672020781548196	0.009596686328139339	0.1341758921804667
hsa-miR-320b	GO:0000910	cytokinesis	10	26	-0.765177696326273	0.009908537655371145	0.13601719872373116
hsa-miR-25-3p	GO:0002376	immune system process	10	82	-0.7628096918017494	0.010282303175210415	0.13862748030864042
hsa-miR-21-5p	GO:0002682	regulation of immune system process	10	81	-0.7591664978406	0.01087655925664831	0.13965620560320038
hsa-miR-25-3p	GO:1900227	positive regulation of NLRP3 inflammasome complex assembly	10	4	-0.756515736602016	0.011323826015152562	0.13965620560320038
hsa-miR-25-3p	GO:0141087	positive regulation of inflammasome-mediated signaling pathway	10	4	-0.756515736602016	0.011323826015152562	0.13965620560320038
hsa-miR-28-3p	GO:0000165	MAPK cascade	10	33	-0.7562658221244383	0.01136664971227727	0.13965620560320038
hsa-miR-320c	GO:0071560	cellular response to transforming growth factor beta stimulus	10	34	-0.7543448975953769	0.01169961103894272	0.13965620560320038
hsa-miR-320b	GO:0050863	regulation of T cell activation	10	42	-0.7539219285993326	0.011773834839709545	0.13965620560320038
hsa-miR-130a-3p	GO:0071345	cellular response to cytokine stimulus	10	30	-0.7533410244678431	0.011876311165738193	0.13965620560320038
hsa-miR-502-3p	GO:0070884	regulation of calcineurin-NFAT signaling cascade	10	5	-0.7529027254706611	0.011954043713189666	0.13965620560320038
hsa-miR-148a-3p	GO:0045824	negative regulation of innate immune response	10	5	-0.7524846181626053	0.012028527157196425	0.13965620560320038
hsa-miR-21-5p	GO:0050778	positive regulation of immune response	10	44	-0.7514825864600778	0.012208357046107584	0.13965620560320038
hsa-miR-501-3p	GO:0045639	positive regulation of myeloid cell differentiation	10	10	-0.7489571111561236	0.012669939559510332	0.1427731995138851
hsa-miR-320b	GO:0045321	leukocyte activation	10	92	-0.7458617720871289	0.013252178487129115	0.14428539270757776
hsa-miR-193a-5p	GO:0045089	positive regulation of innate immune response	10	24	-0.7440735819252708	0.013596935186782665	0.14428539270757776
hsa-miR-28-3p	GO:0043408	regulation of MAPK cascade	10	32	-0.7440384242534774	0.013603775630798573	0.14428539270757776
hsa-miR-21-5p	GO:0044546	NLRP3 inflammasome complex assembly	10	9	-0.7402963153226727	0.014345702273725211	0.14428539270757776
hsa-miR-21-5p	GO:0140632	canonical inflammasome complex assembly	10	9	-0.7402963153226727	0.014345702273725211	0.14428539270757776
hsa-miR-21-5p	GO:0141084	inflammasome-mediated signaling pathway	10	9	-0.7402963153226727	0.014345702273725211	0.14428539270757776
hsa-miR-21-5p	GO:1900225	regulation of NLRP3 inflammasome complex assembly	10	9	-0.7402963153226727	0.014345702273725211	0.14428539270757776
hsa-miR-21-5p	GO:0141085	regulation of inflammasome-mediated signaling pathway	10	9	-0.7402963153226727	0.014345702273725211	0.14428539270757776
hsa-miR-320c	GO:0071559	response to transforming growth factor beta	10	36	-0.7384872401775661	0.014714309840134531	0.14428539270757776
hsa-miR-148a-3p	GO:0001909	leukocyte mediated cytotoxicity	10	6	-0.7377246002818325	0.0148716624199489	0.14428539270757776
hsa-miR-320c	GO:1903037	regulation of leukocyte cell-cell adhesion	10	46	-0.7375574526984814	0.014906305471776246	0.14428539270757776
hsa-miR-21-5p	GO:0043409	negative regulation of MAPK cascade	10	15	-0.7339651249000663	0.0156645245549448	0.14970526631624462
hsa-miR-320c	GO:0050870	positive regulation of T cell activation	10	33	-0.7291928852761702	0.016712776958827735	0.15311062580990797
hsa-miR-25-3p	GO:0002262	myeloid cell homeostasis	10	10	-0.7282886725234669	0.016916745184851797	0.15311062580990797
hsa-miR-320c	GO:0046649	lymphocyte activation	10	78	-0.7281978641841361	0.016937324425985913	0.15311062580990797
hsa-miR-320c	GO:0007159	leukocyte cell-cell adhesion	10	50	-0.7281072219932206	0.016957883356127502	0.15311062580990797
hsa-miR-532-5p	GO:0001914	regulation of T cell mediated cytotoxicity	10	5	-0.7242184133587166	0.017856344262888492	0.15311062580990797
hsa-miR-130a-3p	GO:0007159	leukocyte cell-cell adhesion	10	18	-0.7237383742077634	0.017969492968960908	0.15311062580990797
hsa-miR-320c	GO:0042110	T cell activation	10	61	-0.7228614270994743	0.018177478244346235	0.15311062580990797
hsa-miR-21-5p	GO:0045637	regulation of myeloid cell differentiation	10	20	-0.722223153375486	0.018329902965879826	0.15311062580990797
hsa-miR-320c	GO:1903039	positive regulation of leukocyte cell-cell adhesion	10	34	-0.721180104946065	0.018580894471497997	0.15311062580990797
hsa-miR-130a-3p	GO:0030099	myeloid cell differentiation	10	22	-0.7209249525007162	0.018642653080999466	0.15311062580990797
hsa-miR-193a-5p	GO:0002218	activation of innate immune response	10	20	-0.7208917697165772	0.018650695275942042	0.15311062580990797
hsa-miR-193a-5p	GO:0032479	regulation of type I interferon production	10	10	-0.7205508690198961	0.01873345537632165	0.15311062580990797
hsa-miR-193a-5p	GO:0032606	type I interferon production	10	10	-0.7205508690198961	0.01873345537632165	0.15311062580990797
hsa-miR-21-5p	GO:0002757	immune response-activating signaling pathway	10	32	-0.7200316891917147	0.018859984371286675	0.15311062580990797
hsa-miR-320c	GO:0032465	regulation of cytokinesis	10	16	-0.718402469201368	0.019260882442482745	0.15470176855398374
hsa-miR-532-5p	GO:0019883	antigen processing and presentation of endogenous antigen	10	4	-0.7088584752289755	0.02172847615418961	0.16404999496413156
hsa-miR-532-5p	GO:0002483	antigen processing and presentation of endogenous peptide antigen	10	4	-0.7088584752289755	0.02172847615418961	0.16404999496413156
hsa-miR-532-5p	GO:0002474	antigen processing and presentation of peptide antigen via MHC class I	10	4	-0.7088584752289755	0.02172847615418961	0.16404999496413156
hsa-miR-532-5p	GO:0002428	antigen processing and presentation of peptide antigen via MHC class Ib	10	4	-0.7088584752289755	0.02172847615418961	0.16404999496413156
hsa-miR-532-5p	GO:0002475	antigen processing and presentation via MHC class Ib	10	4	-0.7088584752289755	0.02172847615418961	0.16404999496413156
hsa-miR-532-5p	GO:0001916	positive regulation of T cell mediated cytotoxicity	10	4	-0.7088584752289755	0.02172847615418961	0.16404999496413156
hsa-miR-502-3p	GO:0031347	regulation of defense response	10	45	-0.7059858812835459	0.02251186008219911	0.16828172635703295
hsa-miR-502-3p	GO:0031349	positive regulation of defense response	10	34	-0.7040142926397641	0.023060649498968737	0.16955067337625454
hsa-miR-25-3p	GO:0017015	regulation of transforming growth factor beta receptor signaling pathway	10	11	-0.703764768291673	0.023130754116230754	0.16955067337625454
hsa-miR-501-3p	GO:0045637	regulation of myeloid cell differentiation	10	18	-0.699932301822856	0.024225993481565105	0.17587139498636206
hsa-miR-28-3p	GO:0071345	cellular response to cytokine stimulus	10	34	-0.6951799955617398	0.02563292362679194	0.18152590799604337
hsa-miR-320c	GO:0000281	mitotic cytokinesis	10	16	-0.6944163873561771	0.025864095113930445	0.18152590799604337
hsa-miR-21-5p	GO:0002521	leukocyte differentiation	10	39	-0.6943927646920319	0.0258712692370352	0.18152590799604337
hsa-miR-21-5p	GO:0141091	transforming growth factor beta receptor superfamily signaling pathway	10	29	-0.6940792231835945	0.0259666199517519	0.18152590799604337
hsa-miR-532-5p	GO:0032760	positive regulation of tumor necrosis factor production	10	8	-0.6910750196544488	0.02689246099070299	0.1862734683300987
hsa-miR-501-3p	GO:0070884	regulation of calcineurin-NFAT signaling cascade	10	5	-0.6891814195069474	0.0274874971294372	0.18866418484295533
hsa-miR-193a-5p	GO:0034340	response to type I interferon	10	8	-0.6879853884881814	0.02786793529961295	0.1895521725334034
hsa-miR-320c	GO:0050863	regulation of T cell activation	10	43	-0.6861490043706909	0.028459039155988557	0.18988464473792432
hsa-miR-130a-3p	GO:0045321	leukocyte activation	10	33	-0.6856455292648075	0.02862258317360975	0.18988464473792432
hsa-miR-21-5p	GO:0002684	positive regulation of immune system process	10	60	-0.6854958597210332	0.02867132384122301	0.18988464473792432
hsa-miR-3065-5p	GO:0043408	regulation of MAPK cascade	10	78	-0.6821554040737816	0.029773956413665457	0.19547249645493409
hsa-miR-320c	GO:0045321	leukocyte activation	10	92	-0.6799789242775932	0.03050772305085415	0.19856319744305936
hsa-miR-193a-5p	GO:0002573	myeloid leukocyte differentiation	10	16	-0.6751099890037933	0.032193597053674604	0.20774500662841305
hsa-miR-532-5p	GO:0007259	cell surface receptor signaling pathway via JAK-STAT	10	10	-0.6743065450247425	0.03247774239153072	0.20780250428479402
hsa-miR-532-5p	GO:0071353	cellular response to interleukin-4	10	4	-0.6732966331968655	0.03283731735300039	0.20818274305610315
hsa-miR-4425	GO:0001768	establishment of T cell polarity	10	3	-0.6713366401032098	0.03354285966102971	0.20818274305610315
hsa-miR-4425	GO:0001767	establishment of lymphocyte polarity	10	3	-0.6713366401032098	0.03354285966102971	0.20818274305610315
hsa-miR-532-5p	GO:0030099	myeloid cell differentiation	10	22	-0.6710686372947703	0.03364012536800607	0.20818274305610315
hsa-miR-130a-3p	GO:0002758	innate immune response-activating signaling pathway	10	14	-0.6695058623778357	0.03421111248153322	0.20895581386634685
hsa-miR-148a-3p	GO:0002376	immune system process	10	54	-0.6692137332036966	0.03431857075420796	0.20895581386634685
hsa-miR-193a-5p	GO:0045088	regulation of innate immune response	10	28	-0.6658460470330824	0.03557391633312431	0.21296761163529512
hsa-miR-532-5p	GO:0002828	regulation of type 2 immune response	10	4	-0.6648598454255129	0.03594733331718789	0.21296761163529512
hsa-miR-320c	GO:0000910	cytokinesis	10	27	-0.6646040528812556	0.0360446182141359	0.21296761163529512
hsa-miR-130a-3p	GO:1903037	regulation of leukocyte cell-cell adhesion	10	17	-0.6644435116978306	0.03610576727061957	0.21296761163529512
hsa-miR-130a-3p	GO:0070661	leukocyte proliferation	10	15	-0.6630315983645976	0.036646579485216026	0.2140416507105106
hsa-miR-25-3p	GO:0070230	positive regulation of lymphocyte apoptotic process	10	3	-0.6624916074557652	0.03685485376472368	0.2140416507105106
hsa-miR-532-5p	GO:0002830	positive regulation of type 2 immune response	10	3	-0.6575069124372993	0.03881532240575352	0.22370662913239625
hsa-miR-3065-5p	GO:0000165	MAPK cascade	10	88	-0.6554871869794203	0.03962928677783879	0.22666751149445674
hsa-miR-193a-5p	GO:0032465	regulation of cytokinesis	10	9	-0.6530694419399238	0.04061867416728106	0.2305796917014827
hsa-miR-532-5p	GO:0002705	positive regulation of leukocyte mediated immunity	10	11	-0.6511769819429946	0.0414045967163095	0.23303967626033192
hsa-miR-130a-3p	GO:0042110	T cell activation	10	22	-0.6505449195253133	0.04166934608628452	0.23303967626033192
hsa-miR-532-5p	GO:0002819	regulation of adaptive immune response	10	15	-0.6483902352344478	0.04258041098024736	0.2363838991918144
hsa-miR-193a-5p	GO:0032481	positive regulation of type I interferon production	10	8	-0.6473853850015397	0.043009824645980604	0.23702494604171792
hsa-miR-532-5p	GO:0002456	T cell mediated immunity	10	12	-0.6453407110171001	0.04389254539900137	0.23706949363061836
hsa-miR-532-5p	GO:0002709	regulation of T cell mediated immunity	10	12	-0.6453407110171001	0.04389254539900137	0.23706949363061836
hsa-miR-18a-5p	GO:0070232	regulation of T cell apoptotic process	10	5	0.6437493478739162	0.04458790476231498	0.23706949363061836
hsa-miR-18a-5p	GO:2000106	regulation of leukocyte apoptotic process	10	5	0.6437493478739162	0.04458790476231498	0.23706949363061836
hsa-miR-18a-5p	GO:0070228	regulation of lymphocyte apoptotic process	10	5	0.6437493478739162	0.04458790476231498	0.23706949363061836
hsa-miR-320b	GO:0043408	regulation of MAPK cascade	10	71	-0.6412372800809352	0.04570051965147369	0.23799540175265352
hsa-miR-532-5p	GO:0002821	positive regulation of adaptive immune response	10	10	-0.641221143252938	0.0457077261644169	0.23799540175265352
hsa-miR-532-5p	GO:0002708	positive regulation of lymphocyte mediated immunity	10	10	-0.641221143252938	0.0457077261644169	0.23799540175265352
hsa-miR-130a-3p	GO:0002683	negative regulation of immune system process	10	23	-0.6395694449948558	0.04644938010751287	0.24020056151487817
hsa-miR-532-5p	GO:0000281	mitotic cytokinesis	10	9	-0.6384249985944191	0.046967953496747664	0.24122996523839788
hsa-miR-532-5p	GO:0032755	positive regulation of interleukin-6 production	10	8	-0.6361453856954274	0.048012384310877745	0.24492804158589662
hsa-miR-532-5p	GO:0002711	positive regulation of T cell mediated immunity	10	8	-0.6345495432441032	0.04875268253227842	0.2470354047776524
hsa-miR-193a-5p	GO:0031349	positive regulation of defense response	10	31	-0.6318249835910882	0.05003409165886333	0.25183826134961207
hsa-miR-320b	GO:0000165	MAPK cascade	10	79	-0.6294449196948301	0.05117165604468336	0.2554637790117829
hsa-miR-501-3p	GO:0030099	myeloid cell differentiation	10	30	-0.6284115813457457	0.05167085131339297	0.2554637790117829
hsa-miR-130a-3p	GO:0002521	leukocyte differentiation	10	27	-0.6282082025911669	0.051769481044771894	0.2554637790117829
hsa-miR-3065-5p	GO:0000910	cytokinesis	10	28	-0.6262319215849591	0.0527344077765319	0.2585355705927376
hsa-miR-532-5p	GO:0001961	positive regulation of cytokine-mediated signaling pathway	10	6	-0.6222930930763206	0.05469298942875816	0.2616842140477643
hsa-miR-892b	GO:0071635	negative regulation of transforming growth factor beta production	10	3	-0.6205045052581893	0.055598043842049624	0.2616842140477643
hsa-miR-892b	GO:0032908	regulation of transforming growth factor beta1 production	10	3	-0.6205045052581893	0.055598043842049624	0.2616842140477643
hsa-miR-532-5p	GO:0032634	interleukin-5 production	10	3	-0.6203432148782728	0.05568014308197961	0.2616842140477643
hsa-miR-532-5p	GO:0032754	positive regulation of interleukin-5 production	10	3	-0.6203432148782728	0.05568014308197961	0.2616842140477643
hsa-miR-532-5p	GO:0032674	regulation of interleukin-5 production	10	3	-0.6203432148782728	0.05568014308197961	0.2616842140477643
hsa-miR-130a-3p	GO:0002357	defense response to tumor cell	10	3	-0.6201024231297984	0.05580285888965571	0.2616842140477643
hsa-miR-210-3p	GO:0045649	regulation of macrophage differentiation	10	2	-0.61721500350277	0.057288341211150874	0.26699196058283275
hsa-miR-25-3p	GO:0000281	mitotic cytokinesis	10	7	-0.6147131091326165	0.05859640621285436	0.27141280178346655
hsa-miR-502-3p	GO:0045089	positive regulation of innate immune response	10	27	-0.6125378213491172	0.05974959298382805	0.2718499934309297
hsa-miR-130a-3p	GO:0046638	positive regulation of alpha-beta T cell differentiation	10	6	-0.6123040172153819	0.05987442227867382	0.2718499934309297
hsa-miR-148a-3p	GO:0006952	defense response	10	32	-0.611980322419532	0.0600475280349073	0.2718499934309297
hsa-miR-210-3p	GO:0006089	lactate metabolic process	10	3	-0.6109578802561204	0.060596474129724694	0.2718499934309297
hsa-miR-532-5p	GO:0002703	regulation of leukocyte mediated immunity	10	18	-0.6107536442712352	0.06070652211919845	0.2718499934309297
hsa-miR-28-3p	GO:0043410	positive regulation of MAPK cascade	10	20	-0.6102422831553435	0.06098263429772211	0.2718499934309297
hsa-miR-21-5p	GO:0007179	transforming growth factor beta receptor signaling pathway	10	24	-0.6098200247639594	0.061211256799017275	0.2718499934309297
hsa-miR-502-3p	GO:0002682	regulation of immune system process	10	76	-0.6077935373515683	0.06231629820399639	0.2751392113685221
hsa-miR-502-3p	GO:0045088	regulation of innate immune response	10	31	-0.6059755543809113	0.06331872577370051	0.27792378931029327
hsa-miR-148a-3p	GO:0002682	regulation of immune system process	10	31	-0.6053192379479412	0.06368319940487514	0.27792378931029327
hsa-miR-130a-3p	GO:0045088	regulation of innate immune response	10	19	-0.6044503135233953	0.06416785485312036	0.27842948513853955
hsa-miR-193a-5p	GO:0019221	cytokine-mediated signaling pathway	10	32	-0.6035391490481059	0.06467866172282005	0.2790422262898808
hsa-miR-130a-3p	GO:0030098	lymphocyte differentiation	10	18	-0.5957244649153	0.06916933215470131	0.2967207146409062
hsa-miR-3144-3p	GO:0050670	regulation of lymphocyte proliferation	10	11	-0.593133332771729	0.07070202608590999	0.30158208867153696
hsa-miR-502-3p	GO:0002253	activation of immune response	10	33	-0.5906698318805049	0.07217958679848212	0.3061549889486179
hsa-miR-502-3p	GO:0002218	activation of innate immune response	10	24	-0.5890598584976894	0.07315598923862433	0.30856297136961663
hsa-miR-502-3p	GO:0034097	response to cytokine	10	52	-0.5871251018447909	0.07434067080979498	0.3110090658770822
hsa-miR-532-5p	GO:0090594	inflammatory response to wounding	10	4	-0.586769448432732	0.07455978930298263	0.3110090658770822
hsa-miR-532-5p	GO:0032467	positive regulation of cytokinesis	10	6	-0.5860354375938224	0.0750133387449868	0.31118170743112655
hsa-miR-148a-3p	GO:0050776	regulation of immune response	10	20	-0.5816826037792004	0.07773976971339387	0.3128326881567937
hsa-miR-193a-5p	GO:0001816	cytokine production	10	44	-0.5807009176621447	0.07836338988496985	0.3128326881567937
hsa-miR-193a-5p	GO:0001817	regulation of cytokine production	10	44	-0.5807009176621447	0.07836338988496985	0.3128326881567937
hsa-miR-320c	GO:0000165	MAPK cascade	10	76	-0.580514730212638	0.07848203007268255	0.3128326881567937
hsa-miR-155-5p	GO:0061515	myeloid cell development	10	13	-0.5787106599551245	0.07963761715072978	0.3128326881567937
hsa-miR-532-5p	GO:0002262	myeloid cell homeostasis	10	13	-0.5785176833579736	0.07976187404110475	0.3128326881567937
hsa-miR-193a-5p	GO:0000910	cytokinesis	10	16	-0.5782990902864511	0.07990277647336985	0.3128326881567937
hsa-miR-320c	GO:0043408	regulation of MAPK cascade	10	68	-0.5772136655008633	0.08060480881088644	0.3128326881567937
hsa-miR-193a-5p	GO:0002682	regulation of immune system process	10	79	-0.5765614382640337	0.08102856557517292	0.3128326881567937
hsa-miR-502-3p	GO:0071345	cellular response to cytokine stimulus	10	49	-0.5764846275106619	0.08107856447289914	0.3128326881567937
hsa-miR-193a-5p	GO:0002761	regulation of myeloid leukocyte differentiation	10	11	-0.5759628920981473	0.08141870770990658	0.3128326881567937
hsa-miR-193a-5p	GO:0002821	positive regulation of adaptive immune response	10	10	-0.5758522696912753	0.08149094557941507	0.3128326881567937
hsa-miR-130a-3p	GO:0032602	chemokine production	10	9	-0.5756447922546603	0.08162654247269982	0.3128326881567937
hsa-miR-130a-3p	GO:0032722	positive regulation of chemokine production	10	7	-0.5756447922546603	0.08162654247269982	0.3128326881567937
hsa-miR-130a-3p	GO:0032642	regulation of chemokine production	10	9	-0.5756447922546603	0.08162654247269982	0.3128326881567937
hsa-miR-502-3p	GO:0034612	response to tumor necrosis factor	10	16	-0.5736070115612484	0.08296606942501891	0.3155531798217139
hsa-miR-532-5p	GO:0000910	cytokinesis	10	15	-0.5732951740424305	0.08317229507883585	0.3155531798217139
hsa-miR-532-5p	GO:0002706	regulation of lymphocyte mediated immunity	10	16	-0.571110871276664	0.08462608161567343	0.3187662723769539
hsa-miR-532-5p	GO:0051607	defense response to virus	10	17	-0.5706080925464455	0.08496300842834284	0.3187662723769539
hsa-miR-532-5p	GO:0061640	cytoskeleton-dependent cytokinesis	10	11	-0.5696644723967117	0.085597681130169	0.3187662723769539
hsa-miR-25-3p	GO:0071346	cellular response to type II interferon	10	7	-0.5695008852302827	0.08570801760598892	0.3187662723769539
hsa-miR-3065-5p	GO:0002682	regulation of immune system process	10	160	-0.566888845938608	0.087482175420382835	0.32376981589406395
hsa-miR-148a-3p	GO:0050778	positive regulation of immune response	10	18	-0.56505528705888175	0.08874153129896342	0.3268285664913043
hsa-miR-193a-5p	GO:1902412	regulation of mitotic cytokinesis	10	3	-0.5636232660603464	0.08973312967153083	0.328876276223329
hsa-miR-501-3p	GO:0031347	regulation of defense response	10	45	-0.5619570469087184	0.09089578866556908	0.33152811807973265
hsa-miR-193a-5p	GO:0001819	positive regulation of cytokine production	10	29	-0.557984992973357	0.09370612755845537	0.34013522262804713
hsa-miR-193a-5p	GO:0051607	defense response to virus	10	23	-0.5545690310636502	0.09616682959545965	0.34739692030895714
hsa-miR-891b	GO:0035710	CD4-positive, alpha-beta T cell activation	10	12	-0.5515927721432293	0.09834398188309625	0.3535700301035127
hsa-miR-21-5p	GO:0000165	MAPK cascade	10	49	-0.5504477258422126	0.09918985248083037	0.35492103612808973
hsa-miR-193a-5p	GO:0042104	positive regulation of activated T cell proliferation	10	4	-0.5488493711235325	0.10037828865323177	0.3567536091853222
hsa-miR-532-5p	GO:0002726	positive regulation of T cell cytokine production	10	6	-0.5484895804926138	0.10064704471056109	0.3567536091853222
hsa-miR-3065-5p	GO:0071604	transforming growth factor beta production	10	10	-0.5472442489638707	0.10158079969671902	0.35803400232653826
hsa-miR-148a-3p	GO:0002683	negative regulation of immune system process	10	14	-0.5467449609644133	0.10195670264927911	0.35803400232653826
hsa-miR-501-3p	GO:0031349	positive regulation of defense response	10	34	-0.5428156248570825	0.10494574595682545	0.36682425091390375
hsa-miR-532-5p	GO:0043409	negative regulation of MAPK cascade	10	11	-0.5386295303691642	0.10819031838484972	0.3764225363159518
hsa-miR-532-5p	GO:0060760	positive regulation of response to cytokine stimulus	10	7	-0.5371322208473192	0.10936600013694735	0.3784180826343737
hsa-miR-148a-3p	GO:0050670	regulation of lymphocyte proliferation	10	8	-0.5366247173627469	0.10976630476414284	0.3784180826343737
hsa-miR-892a	GO:0061640	cytoskeleton-dependent cytokinesis	10	15	-0.5342624451319796	0.11164171165570666	0.38313405590935695
hsa-miR-130a-3p	GO:0045582	positive regulation of T cell differentiation	10	9	-0.531956353103961	0.11349178950126262	0.3842053197879461
hsa-miR-130a-3p	GO:1902107	positive regulation of leukocyte differentiation	10	11	-0.531956353103961	0.11349178950126262	0.3842053197879461
hsa-miR-130a-3p	GO:0045621	positive regulation of lymphocyte differentiation	10	9	-0.531956353103961	0.11349178950126262	0.3842053197879461
hsa-miR-892a	GO:0000910	cytokinesis	10	19	-0.5310346218747266	0.11423659167755212	0.3842053197879461
hsa-miR-502-3p	GO:0002262	myeloid cell homeostasis	10	15	-0.53071166985904	0.11449827410899055	0.3842053197879461
hsa-miR-532-5p	GO:0002369	T cell cytokine production	10	8	-0.528336384546737	0.11643445343384748	0.3872599662667614
hsa-miR-532-5p	GO:0002724	regulation of T cell cytokine production	10	8	-0.528336384546737	0.11643445343384748	0.3872599662667614
hsa-miR-503-5p	GO:0032465	regulation of cytokinesis	10	5	-0.5274477314922165	0.11716404919799009	0.3879774436161514
hsa-miR-28-3p	GO:0038066	p38MAPK cascade	10	8	-0.5265931103188379	0.1178683910181722	0.38860539396820964
hsa-miR-3065-5p	GO:0032467	positive regulation of cytokinesis	10	12	-0.5242484255647848	0.1198143250196039	0.39330354517304755
hsa-miR-193a-5p	GO:0000281	mitotic cytokinesis	10	9	-0.5230343764015324	0.12082971943674724	0.3935155856983272
hsa-miR-505-3p	GO:0050870	positive regulation of T cell activation	10	7	-0.5229251372472555	0.1209213455390886	0.3935155856983272
hsa-miR-892a	GO:0000281	mitotic cytokinesis	10	12	-0.5214925097286134	0.12212698813855617	0.39573337358201677
hsa-miR-193a-5p	GO:0002683	negative regulation of immune system process	10	34	-0.5176299441896275	0.125414699968768	0.4046499934889737
hsa-miR-19a-3p	GO:0070227	lymphocyte apoptotic process	10	10	0.516734013679178	0.12618504606225703	0.40540302032767683
hsa-miR-148a-3p	GO:0002456	T cell mediated immunity	10	6	-0.5105964120786982	0.13154109654844584	0.41245257682433767
hsa-miR-148a-3p	GO:0002709	regulation of T cell mediated immunity	10	6	-0.5105964120786982	0.13154109654844584	0.41245257682433767
hsa-miR-18a-5p	GO:0070231	T cell apoptotic process	10	6	0.510445196577049	0.13167479526069634	0.41245257682433767
hsa-miR-18a-5p	GO:0071887	leukocyte apoptotic process	10	6	0.510445196577049	0.13167479526069634	0.41245257682433767
hsa-miR-18a-5p	GO:0070227	lymphocyte apoptotic process	10	6	0.510445196577049	0.13167479526069634	0.41245257682433767
hsa-miR-21-5p	GO:0071560	cellular response to transforming growth factor beta stimulus	10	32	-0.509848325805998	0.1322033425052844	0.41245257682433767
hsa-miR-21-5p	GO:0071559	response to transforming growth factor beta	10	32	-0.509848325805998	0.1322033425052844	0.41245257682433767
hsa-miR-3144-3p	GO:0036037	CD8-positive, alpha-beta T cell activation	10	3	-0.5087795165304552	0.13315306841642824	0.4137060356148285
hsa-miR-891b	GO:0043367	CD4-positive, alpha-beta T cell differentiation	10	11	-0.5071055028852371	0.1346489909714681	0.4153571629086277
hsa-miR-501-3p	GO:0000910	cytokinesis	10	14	-0.5069541215864195	0.13478477471869374	0.4153571629086277
hsa-miR-3065-5p	GO:0002521	leukocyte differentiation	10	72	-0.5046995975229552	0.13681697142669932	0.41990574563885363
hsa-miR-216a-5p	GO:0071346	cellular response to type II interferon	10	3	-0.5025773181524477	0.13874705226975667	0.4241053622010781
hsa-miR-501-3p	GO:0034097	response to cytokine	10	53	-0.5001991743511365	0.14092954610542202	0.42770606307428527
hsa-miR-216a-5p	GO:0034341	response to type II interferon	10	4	-0.5000598815351032	0.14105802609999607	0.42770606307428527
hsa-miR-28-3p	GO:1900745	positive regulation of p38MAPK cascade	10	4	-0.4969800512616929	0.14391708977845694	0.43462961113093995
hsa-miR-501-3p	GO:0002682	regulation of immune system process	10	76	-0.49499478262148894	0.1457786430819869	0.43552262052906476
hsa-miR-892a	GO:0002371	dendritic cell cytokine production	10	4	-0.49481988418710765	0.1459433417137131	0.43552262052906476
hsa-miR-892a	GO:0002730	regulation of dendritic cell cytokine production	10	4	-0.49481988418710765	0.1459433417137131	0.43552262052906476
hsa-miR-892a	GO:1902410	mitotic cytokinetic process	10	6	-0.4940002938490242	0.14671664434842646	0.43610656095693695
hsa-miR-148a-3p	GO:0002521	leukocyte differentiation	10	19	-0.4927794177106072	0.1478731851659523	0.4363406117168767
hsa-miR-21-5p	GO:0002573	myeloid leukocyte differentiation	10	20	-0.49241956476211923	0.1482151297230082	0.4363406117168767
hsa-miR-130a-3p	GO:1902105	regulation of leukocyte differentiation	10	15	-0.49208950256174344	0.14852918835925472	0.4363406117168767
hsa-miR-320c	GO:0002687	positive regulation of leukocyte migration	10	20	-0.4913374227311193	0.14924631205750105	0.43674792869540036
hsa-miR-210-3p	GO:0002521	leukocyte differentiation	10	9	-0.4902261704089073	0.1503097564731667	0.43816164531753227
hsa-miR-532-5p	GO:0002440	production of molecular mediator of immune response	10	14	-0.4892665368607336	0.1512317945634171	0.4391538649822304
hsa-miR-891b	GO:0030098	lymphocyte differentiation	10	28	-0.4886560462850379	0.15182014848514222	0.439173226460852
hsa-miR-892a	GO:0032506	cytokinetic process	10	8	-0.48400607843436516	0.15634699032935803	0.4476432287711547
hsa-miR-193a-5p	GO:0061640	cytoskeleton-dependent cytokinesis	10	11	-0.4839402773857475	0.15641162653568405	0.4476432287711547
hsa-miR-891b	GO:2000515	negative regulation of CD4-positive, alpha-beta T cell activation	10	5	-0.48381325109374196	0.15653644976675932	0.4476432287711547
hsa-miR-130a-3p	GO:0030217	T cell differentiation	10	16	-0.4830374583607332	0.15730009235186712	0.4476432287711547
hsa-miR-148a-3p	GO:0032819	positive regulation of natural killer cell proliferation	10	2	0.48261921712596767	0.1577127137127512	0.4476432287711547
hsa-miR-3065-5p	GO:0045637	regulation of myeloid cell differentiation	10	30	-0.48136037634488854	0.15895857443973269	0.44848951399028697
hsa-miR-450b-5p	GO:0071560	cellular response to transforming growth factor beta stimulus	10	45	0.48061901383562217	0.15969505747923562	0.44848951399028697
hsa-miR-93-5p	GO:0061621	canonical glycolysis	10	5	-0.4805206251714876	0.15979295266673801	0.44848951399028697
hsa-miR-18a-5p	GO:0006924	activation-induced cell death of T cells	10	2	-0.4792453412613469	0.16106510847482125	0.45038576629070387
hsa-miR-450b-5p	GO:0071559	response to transforming growth factor beta	10	48	0.47830129375171293	0.16201075030145093	0.451358363385961
hsa-miR-532-5p	GO:0002367	cytokine production involved in immune response	10	10	-0.4742657860959562	0.16609060445334206	0.4547361852789109
hsa-miR-532-5p	GO:0002718	regulation of cytokine production involved in immune response	10	10	-0.4742657860959562	0.16609060445334206	0.4547361852789109
hsa-miR-891b	GO:0007179	transforming growth factor beta receptor signaling pathway	10	17	-0.4741789706940285	0.1661790427018439	0.4547361852789109
hsa-miR-130a-3p	GO:0072567	chemokine (C-X-C motif) ligand 2 production	10	4	-0.4741243636590144	0.1662346849496416	0.4547361852789109
hsa-miR-130a-3p	GO:2000341	regulation of chemokine (C-X-C motif) ligand 2 production	10	4	-0.4741243636590144	0.1662346849496416	0.4547361852789109
hsa-miR-19a-3p	GO:0070231	T cell apoptotic process	10	9	0.4724064646340261	0.1679908456164607	0.4578811857055156
hsa-miR-891b	GO:0000910	cytokinesis	10	14	-0.4711005229512627	0.1693332612660544	0.45987990020097513
hsa-miR-148a-3p	GO:0033077	T cell differentiation in thymus	10	5	-0.46914006825446003	0.17136045577231893	0.4629303962091537
hsa-miR-532-5p	GO:1902410	mitotic cytokinetic process	10	4	-0.46882961681817414	0.1716827959451166	0.4629303962091537
hsa-miR-193a-5p	GO:0050688	regulation of defense response to virus	10	13	-0.46727093489662336	0.17330662441773262	0.46564591258145244
hsa-miR-148a-3p	GO:0030098	lymphocyte differentiation	10	15	-0.4653240740010303	0.1753476433311103	0.46945911601059676
hsa-miR-20a-5p	GO:0006089	lactate metabolic process	10	6	0.4647117699278869	0.17599249782134976	0.46952062139618045
hsa-miR-501-3p	GO:0071345	cellular response to cytokine stimulus	10	50	-0.4639841264998519	0.17676065102769173	0.46990947720389875
hsa-miR-148a-3p	GO:0001776	leukocyte homeostasis	10	6	-0.4620934515098806	0.1787658674412391	0.47357273655486143
hsa-miR-193a-5p	GO:0031347	regulation of defense response	10	46	-0.46103160014528266	0.17989792846142963	0.47482060451701746
hsa-miR-130a-3p	GO:0046632	alpha-beta T cell differentiation	10	9	-0.4592572376446081	0.18179905344637742	0.47482060451701746
hsa-miR-532-5p	GO:0032506	cytokinetic process	10	8	-0.45892631117393984	0.18215492899949345	0.47482060451701746
hsa-miR-450b-5p	GO:0007179	transforming growth factor beta receptor signaling pathway	10	34	0.4585551256133535	0.18255458793199072	0.47482060451701746
hsa-miR-501-3p	GO:0002262	myeloid cell homeostasis	10	15	-0.4582791754351186	0.1828520411957735	0.47482060451701746
hsa-miR-148a-3p	GO:0042110	T cell activation	10	17	-0.45813244139600473	0.18301032571450607	0.47482060451701746
hsa-miR-216a-5p	GO:0030225	macrophage differentiation	10	3	-0.45745346728988445	0.1837437989791828	0.47509098708658565
hsa-miR-193a-5p	GO:0002230	positive regulation of defense response to virus by host	10	8	-0.4566701167284871	0.1845921768874281	0.47565560938569357
hsa-miR-3065-5p	GO:0030099	myeloid cell differentiation	10	63	-0.4556269483623822	0.18572551742442295	0.47694818250149434
hsa-miR-532-5p	GO:0002700	regulation of production of molecular mediator of immune response	10	13	-0.45476226879280807	0.18666803766467663	0.4777436218197656
hsa-miR-576-5p	GO:0000910	cytokinesis	10	23	-0.45175615191320107	0.18996662240443	0.48353514012165705
hsa-miR-891b	GO:0042110	T cell activation	10	34	-0.4510736139109201	0.19072029318789596	0.48353514012165705
hsa-miR-501-3p	GO:0045089	positive regulation of innate immune response	10	27	-0.4509542466272725	0.19085228047185934	0.48353514012165705
hsa-miR-28-3p	GO:1900744	regulation of p38MAPK cascade	10	7	-0.44702539526376495	0.19522637889263206	0.4929629299797231
hsa-miR-892b	GO:0034097	response to cytokine	10	56	-0.44552328222585674	0.19691404554449754	0.49511046966577965
hsa-miR-130a-3p	GO:0032620	interleukin-17 production	10	5	-0.4445215883278008	0.19804418786631187	0.49511046966577965
hsa-miR-130a-3p	GO:0032660	regulation of interleukin-17 production	10	5	-0.4445215883278008	0.19804418786631187	0.49511046966577965
hsa-miR-501-3p	GO:0045088	regulation of innate immune response	10	31	-0.44218922529684285	0.20069023776859435	0.5000697343738901
hsa-miR-891b	GO:0071560	cellular response to transforming growth factor beta stimulus	10	20	-0.4379052565711539	0.20560359839074568	0.509925898030374
hsa-miR-892b	GO:0045639	positive regulation of myeloid cell differentiation	10	10	-0.437565211099296	0.20599655483346235	0.509925898030374
hsa-miR-130a-3p	GO:0032755	positive regulation of interleukin-6 production	10	8	-0.436613329850815	0.20709885696544392	0.5109792059114712
hsa-miR-892b	GO:0030099	myeloid cell differentiation	10	29	-0.43470702258065175	0.20931663455588875	0.5147689221162737
hsa-miR-501-3p	GO:0002253	activation of immune response	10	33	-0.43320490896108477	0.21107378489983247	0.5174048948031608
hsa-miR-148a-3p	GO:0046649	lymphocyte activation	10	20	-0.4300886040226305	0.2147461897312052	0.5244456598929171
hsa-miR-892a	GO:0000165	MAPK cascade	10	51	-0.42943277028668825	0.21552369497678733	0.5244456598929171
hsa-miR-216a-5p	GO:0071560	cellular response to transforming growth factor beta stimulus	10	6	-0.4284224862830799	0.21672456408819887	0.5244456598929171
hsa-miR-216a-5p	GO:0071559	response to transforming growth factor beta	10	6	-0.4284224862830799	0.21672456408819887	0.5244456598929171
hsa-miR-148a-3p	GO:0002573	myeloid leukocyte differentiation	10	8	-0.42554043562615157	0.2201713202785947	0.5310841751129042
hsa-miR-21-5p	GO:0030225	macrophage differentiation	10	10	-0.42233874409244043	0.2240368246090928	0.5386872693626276
hsa-miR-3144-3p	GO:0000281	mitotic cytokinesis	10	6	-0.42147613890096913	0.22508483655786718	0.5394890527021896
hsa-miR-502-3p	GO:0002758	innate immune response-activating signaling pathway	10	21	-0.4186586685365379	0.2285272791334479	0.5460066321068138
hsa-miR-891b	GO:0046632	alpha-beta T cell differentiation	10	12	-0.41709026486218914	0.23045644315864544	0.5474815544486098
hsa-miR-505-3p	GO:0002218	activation of innate immune response	10	8	-0.41697800281690195	0.23059487988696414	0.5474815544486098
hsa-miR-19a-3p	GO:0000910	cytokinesis	10	14	-0.4118620470868823	0.23695357634349246	0.5578425411127246
hsa-miR-193a-5p	GO:0002521	leukocyte differentiation	10	34	-0.4118564586767611	0.2369605756393629	0.5578425411127246
hsa-miR-3144-3p	GO:0002682	regulation of immune system process	10	51	-0.4115962037789341	0.23728666508776067	0.5578425411127246
hsa-miR-148a-3p	GO:0031347	regulation of defense response	10	18	-0.4110958468999852	0.23791430230238056	0.5578425411127246
hsa-miR-891b	GO:0071559	response to transforming growth factor beta	10	23	-0.4093561916453902	0.24010374798666825	0.5595858222619622
hsa-miR-216a-5p	GO:0002521	leukocyte differentiation	10	11	-0.40749522050418124	0.24245834897257204	0.5595858222619622
hsa-miR-891b	GO:0002695	negative regulation of leukocyte activation	10	15	-0.4065704896645012	0.24363315992900778	0.5595858222619622
hsa-miR-216a-5p	GO:0045342	MHC class II biosynthetic process	10	2	-0.4052405363122052	0.2453283538658404	0.5595858222619622
hsa-miR-216a-5p	GO:0010934	macrophage cytokine production	10	2	-0.4052405363122052	0.2453283538658404	0.5595858222619622
hsa-miR-216a-5p	GO:0045348	positive regulation of MHC class II biosynthetic process	10	2	-0.4052405363122052	0.2453283538658404	0.5595858222619622
hsa-miR-216a-5p	GO:0060907	positive regulation of macrophage cytokine production	10	2	-0.4052405363122052	0.2453283538658404	0.5595858222619622
hsa-miR-216a-5p	GO:0045346	regulation of MHC class II biosynthetic process	10	2	-0.4052405363122052	0.2453283538658404	0.5595858222619622
hsa-miR-216a-5p	GO:0010935	regulation of macrophage cytokine production	10	2	-0.4052405363122052	0.2453283538658404	0.5595858222619622
hsa-miR-505-3p	GO:0032479	regulation of type I interferon production	10	5	-0.40323690295147235	0.24789464460048044	0.5610451282511457
hsa-miR-505-3p	GO:0032606	type I interferon production	10	5	-0.40323690295147235	0.24789464460048044	0.5610451282511457
hsa-miR-193a-5p	GO:0030099	myeloid cell differentiation	10	26	-0.40300125414910315	0.24819744746474526	0.5610451282511457
hsa-miR-18a-5p	GO:0043029	T cell homeostasis	10	4	0.40110986193781706	0.2506353016305979	0.5648646350182132
hsa-miR-532-5p	GO:0002720	positive regulation of cytokine production involved in immune response	10	7	-0.40026229323414697	0.2517320537639968	0.5656479184280285
hsa-miR-216a-5p	GO:0032607	interferon-alpha production	10	2	-0.39364703262076794	0.2603835341156444	0.5782046125215046
hsa-miR-216a-5p	GO:0032727	positive regulation of interferon-alpha production	10	2	-0.39364703262076794	0.2603835341156444	0.5782046125215046
hsa-miR-216a-5p	GO:0032728	positive regulation of interferon-beta production	10	2	-0.39364703262076794	0.2603835341156444	0.5782046125215046
hsa-miR-216a-5p	GO:0032647	regulation of interferon-alpha production	10	2	-0.39364703262076794	0.2603835341156444	0.5782046125215046
hsa-miR-505-3p	GO:0032691	negative regulation of interleukin-1 beta production	10	3	0.3909501772587879	0.2639568657678962	0.5818674666138193
hsa-miR-505-3p	GO:0032692	negative regulation of interleukin-1 production	10	3	0.3909501772587879	0.2639568657678962	0.5818674666138193
hsa-miR-148a-3p	GO:0000281	mitotic cytokinesis	10	5	-0.3901877711669456	0.26497191167674977	0.5818674666138193
hsa-miR-3144-3p	GO:0061640	cytoskeleton-dependent cytokinesis	10	7	-0.3900798461568647	0.2651157728677534	0.5818674666138193
hsa-miR-891b	GO:0071346	cellular response to type II interferon	10	9	-0.3878387894578906	0.2681127241008502	0.5864594889325219
hsa-miR-320b	GO:0051403	stress-activated MAPK cascade	10	10	-0.38684205486064915	0.2694515816147188	0.5864594889325219
hsa-miR-19a-3p	GO:0071887	leukocyte apoptotic process	10	15	0.3867775636843471	0.26953833464845706	0.5864594889325219
hsa-miR-505-3p	GO:0032481	positive regulation of type I interferon production	10	4	-0.3844494799696783	0.2726802735215734	0.5915908233011148
hsa-miR-216b-5p	GO:0060340	positive regulation of type I interferon-mediated signaling pathway	10	2	0.3805237479390505	0.27802333326794776	0.6014544888747867
hsa-miR-216a-5p	GO:0007179	transforming growth factor beta receptor signaling pathway	10	5	-0.3789920629910008	0.2801232873338794	0.6027502881725835
hsa-miR-891b	GO:0046649	lymphocyte activation	10	46	-0.37892239370143294	0.28021900814381034	0.6027502881725835
hsa-miR-501-3p	GO:0002218	activation of innate immune response	10	24	-0.3766574756965889	0.2833404873692441	0.6062580602841312
hsa-miR-3144-3p	GO:0002694	regulation of leukocyte activation	10	22	-0.37657409703063255	0.2834557553381435	0.6062580602841312
hsa-miR-505-3p	GO:0045089	positive regulation of innate immune response	10	10	-0.37455636346082555	0.286252910167188	0.6105111502153303
hsa-miR-548y	GO:0032608	interferon-beta production	10	11	0.37284750321905236	0.28863344872232616	0.6121299263633602
hsa-miR-548y	GO:0032648	regulation of interferon-beta production	10	11	0.37284750321905236	0.28863344872232616	0.6121299263633602
hsa-miR-148a-3p	GO:0070228	regulation of lymphocyte apoptotic process	10	4	-0.37086773142423907	0.2914046267532005	0.6146229145842911
hsa-miR-19a-3p	GO:0061640	cytoskeleton-dependent cytokinesis	10	11	-0.37001041312223076	0.2926090596802559	0.6146229145842911
hsa-miR-19a-3p	GO:0000281	mitotic cytokinesis	10	11	-0.37001041312223076	0.2926090596802559	0.6146229145842911
hsa-miR-450b-5p	GO:0002262	myeloid cell homeostasis	10	27	0.3688593290129687	0.29423038086154296	0.6146229145842911
hsa-miR-18a-5p	GO:0000165	MAPK cascade	10	19	0.36800469010222714	0.2954372514251668	0.6146229145842911
hsa-miR-216a-5p	GO:0002252	immune effector process	10	10	-0.367803444439671	0.295721822332569	0.6146229145842911
hsa-miR-505-3p	GO:0050727	regulation of inflammatory response	10	10	-0.367191079307808	0.29658863474979363	0.6146229145842911
hsa-miR-210-3p	GO:0071353	cellular response to interleukin-4	10	2	-0.36680517641978866	0.2971355812228692	0.6146229145842911
hsa-miR-210-3p	GO:0035771	interleukin-4-mediated signaling pathway	10	2	-0.36680517641978866	0.2971355812228692	0.6146229145842911
hsa-miR-505-3p	GO:0002696	positive regulation of leukocyte activation	10	10	-0.3642090612631879	0.30082904511697556	0.6205626477139796
hsa-miR-450b-5p	GO:0046649	lymphocyte activation	10	88	0.3630770098987765	0.30244719457600733	0.6210501026443863
hsa-miR-505-3p	GO:0045088	regulation of innate immune response	10	12	-0.36289309706323813	0.3027105136068002	0.6210501026443863
hsa-miR-892a	GO:0032872	regulation of stress-activated MAPK cascade	10	6	-0.35786001918648036	0.3099637356567298	0.6342076434168862
hsa-miR-320b	GO:0032872	regulation of stress-activated MAPK cascade	10	9	-0.3572627717436878	0.31083044937635584	0.6342621331868882
hsa-miR-450b-5p	GO:0045321	leukocyte activation	10	98	0.35399189087728855	0.3155996381299849	0.6413483579646219
hsa-miR-216a-5p	GO:0032465	regulation of cytokinesis	10	3	-0.35160819073210087	0.3190992158861161	0.6413483579646219
hsa-miR-548y	GO:0032481	positive regulation of type I interferon production	10	13	0.351113261731136	0.31982836197858466	0.6413483579646219
hsa-miR-891b	GO:0045321	leukocyte activation	10	54	-0.3507289789676767	0.32039509871766103	0.6413483579646219
hsa-miR-93-5p	GO:0032728	positive regulation of interferon-beta production	10	8	-0.3503438257043026	0.3209636438706189	0.6413483579646219
hsa-miR-216b-5p	GO:0033077	T cell differentiation in thymus	10	3	-0.3491244004027528	0.32276716306806424	0.6413483579646219
hsa-miR-450b-5p	GO:0000165	MAPK cascade	10	82	0.34876820901425093	0.3232949588112843	0.6413483579646219
hsa-miR-18a-5p	GO:0002260	lymphocyte homeostasis	10	5	0.3487666966626602	0.32329720073253687	0.6413483579646219
hsa-miR-216b-5p	GO:0045321	leukocyte activation	10	13	-0.3459812051128148	0.3274401262761039	0.6413483579646219
hsa-miR-216b-5p	GO:0046649	lymphocyte activation	10	13	-0.3459812051128148	0.3274401262761039	0.6413483579646219
hsa-miR-19a-3p	GO:0002260	lymphocyte homeostasis	10	9	0.34565634273717905	0.32792508128342446	0.6413483579646219
hsa-miR-505-3p	GO:0031347	regulation of defense response	10	19	-0.34549419254225133	0.32816727821426656	0.6413483579646219
hsa-miR-210-3p	GO:0098761	cellular response to interleukin-7	10	2	-0.34425924827989596	0.33001489481990415	0.6413483579646219
hsa-miR-210-3p	GO:0098760	response to interleukin-7	10	2	-0.34425924827989596	0.33001489481990415	0.6413483579646219
hsa-miR-505-3p	GO:0002694	regulation of leukocyte activation	10	16	-0.34423899141272163	0.33004524604817076	0.6413483579646219
hsa-miR-505-3p	GO:0051249	regulation of lymphocyte activation	10	14	-0.34423899141272163	0.33004524604817076	0.6413483579646219
hsa-miR-21-5p	GO:0043408	regulation of MAPK cascade	10	38	-0.34423035872273205	0.3300581810005682	0.6413483579646219
hsa-miR-148a-3p	GO:0070227	lymphocyte apoptotic process	10	5	-0.3440938276915569	0.33026278961128946	0.6413483579646219
hsa-miR-505-3p	GO:0060759	regulation of response to cytokine stimulus	10	8	-0.343973572370936	0.33044306125594425	0.6413483579646219
hsa-miR-148a-3p	GO:0045580	regulation of T cell differentiation	10	7	0.342016457489921	0.3333840499647325	0.6453973274958282
hsa-miR-505-3p	GO:0032728	positive regulation of interferon-beta production	10	3	-0.3404656265470336	0.3357240317914677	0.6482650741753404
hsa-miR-450b-5p	GO:0045637	regulation of myeloid cell differentiation	10	31	0.3389396501528296	0.33803471104112914	0.6510617521327869
hsa-miR-130a-3p	GO:0032740	positive regulation of interleukin-17 production	10	4	-0.3348713495679539	0.34423466569413574	0.6585359880240744
hsa-miR-450b-5p	GO:0043367	CD4-positive, alpha-beta T cell differentiation	10	18	-0.33480282359433916	0.3443395890445224	0.6585359880240744
hsa-miR-891b	GO:0002521	leukocyte differentiation	10	37	-0.33456622305306133	0.34470198433428445	0.6585359880240744
hsa-miR-501-3p	GO:0034612	response to tumor necrosis factor	10	16	-0.3341080511028331	0.3454043063013688	0.6585359880240744
hsa-miR-19a-3p	GO:0006924	activation-induced cell death of T cells	10	4	0.3324997123137577	0.3478754423144697	0.6607249130484217
hsa-miR-4425	GO:0002521	leukocyte differentiation	10	33	-0.3322222398669771	0.34830266939506205	0.6607249130484217
hsa-miR-505-3p	GO:0050863	regulation of T cell activation	10	10	-0.3315033701162594	0.3494107558832457	0.6611657160196754
hsa-miR-450b-5p	GO:0042110	T cell activation	10	68	0.3307714864103261	0.3505407325475191	0.6616456326834423
hsa-miR-450b-5p	GO:0030099	myeloid cell differentiation	10	62	0.3280984426993617	0.35468337718132653	0.6672652515810199
hsa-miR-532-5p	GO:0035743	CD4-positive, alpha-beta T cell cytokine production	10	3	-0.32771116815499673	0.35528560415307286	0.6672652515810199
hsa-miR-450b-5p	GO:0141091	transforming growth factor beta receptor superfamily signaling pathway	10	50	0.3263068490063094	0.35747368376997296	0.6697087623978402
hsa-miR-216b-5p	GO:0000165	MAPK cascade	10	11	-0.3244419106149011	0.36038987858410815	0.6735008869579249
hsa-miR-320d	GO:0045089	positive regulation of innate immune response	10	41	-0.3230708939691893	0.3625412945551482	0.6758485861460171
hsa-miR-505-3p	GO:0045321	leukocyte activation	10	23	-0.3200016754543327	0.3673807044787286	0.6831833297572416
hsa-miR-148a-3p	GO:0071887	leukocyte apoptotic process	10	6	-0.31690181506896015	0.3723007838311452	0.6906316751658835
hsa-miR-155-5p	GO:0002262	myeloid cell homeostasis	10	24	0.31191795149204216	0.38027886812953393	0.7032938745149544
hsa-miR-505-3p	GO:0060760	positive regulation of response to cytokine stimulus	10	4	-0.31147642565328626	0.38098966182333294	0.7032938745149544
hsa-miR-193a-5p	GO:0050691	regulation of defense response to virus by host	10	9	-0.3087052118620411	0.3854657387958209	0.7090827234783554
hsa-miR-216a-5p	GO:0045580	regulation of T cell differentiation	10	5	-0.3077939676663229	0.3869431550636854	0.7090827234783554
hsa-miR-216a-5p	GO:0045619	regulation of lymphocyte differentiation	10	5	-0.3077939676663229	0.3869431550636854	0.7090827234783554
hsa-miR-450b-5p	GO:0002682	regulation of immune system process	10	151	0.3050430607548351	0.39141990545071836	0.7155497060902962
hsa-miR-450b-5p	GO:0046632	alpha-beta T cell differentiation	10	24	-0.3028949978653441	0.39493293861516765	0.7202279436097865
hsa-miR-320d	GO:0045088	regulation of innate immune response	10	49	-0.3016285332918906	0.3970112634556878	0.7222735033952875
hsa-miR-450b-5p	GO:0002521	leukocyte differentiation	10	75	0.29981699957981717	0.39999318792497074	0.7259491752003676
hsa-miR-505-3p	GO:0046649	lymphocyte activation	10	19	-0.29794168505684127	0.4030913679021132	0.7298177044750491
hsa-miR-193a-5p	GO:0002694	regulation of leukocyte activation	10	33	-0.29547184587320535	0.4071891696319675	0.7348017572297804
hsa-miR-505-3p	GO:0001959	regulation of cytokine-mediated signaling pathway	10	6	-0.29511032140018034	0.40779064407851384	0.7348017572297804
hsa-miR-18a-5p	GO:1902105	regulation of leukocyte differentiation	10	12	0.2940833237083321	0.40950157823514366	0.7350496096143315
hsa-miR-505-3p	GO:0001816	cytokine production	10	17	-0.2918977142128755	0.4131540091545478	0.7350496096143315
hsa-miR-19a-3p	GO:0001776	leukocyte homeostasis	10	14	0.2918053237480259	0.4133087432418676	0.7350496096143315
hsa-miR-17-5p	GO:0071347	cellular response to interleukin-1	10	14	0.2917575699339959	0.4133887312998481	0.7350496096143315
hsa-miR-17-5p	GO:0070555	response to interleukin-1	10	16	0.2917575699339959	0.4133887312998481	0.7350496096143315
hsa-miR-10b-5p	GO:0002828	regulation of type 2 immune response	10	3	0.29153021812619495	0.4137696477961469	0.7350496096143315
hsa-miR-450b-5p	GO:0030098	lymphocyte differentiation	10	54	0.28717767460564214	0.4210939502019655	0.7463050056396336
hsa-miR-450b-5p	GO:0030217	T cell differentiation	10	48	0.28171943665865684	0.4303637633093721	0.7609476377015829
hsa-miR-216a-5p	GO:0050829	defense response to Gram-negative bacterium	10	3	-0.27973231308441293	0.43376177207539923	0.7651638736376786
hsa-miR-148a-3p	GO:0002711	positive regulation of T cell mediated immunity	10	5	-0.27849427897782947	0.43588505876779904	0.7671170614678049
hsa-miR-505-3p	GO:0002274	myeloid leukocyte activation	10	7	0.2774975102335616	0.43759802882871246	0.7683407250364602
hsa-miR-505-3p	GO:0002376	immune system process	10	44	-0.27673218997927485	0.43891534188717407	0.7688656220993421
hsa-miR-216b-5p	GO:0002757	immune response-activating signaling pathway	10	8	-0.2734384222008322	0.4446054250420435	0.7738415457089145
hsa-miR-891b	GO:0060340	positive regulation of type I interferon-mediated signaling pathway	10	4	-0.27142310104677636	0.44810340621453215	0.7738415457089145
hsa-miR-4425	GO:0044546	NLRP3 inflammasome complex assembly	10	6	0.27094757191035723	0.4489305920801385	0.7738415457089145
hsa-miR-4425	GO:0140632	canonical inflammasome complex assembly	10	6	0.27094757191035723	0.4489305920801385	0.7738415457089145
hsa-miR-4425	GO:0141084	inflammasome-mediated signaling pathway	10	6	0.27094757191035723	0.4489305920801385	0.7738415457089145
hsa-miR-4425	GO:1900225	regulation of NLRP3 inflammasome complex assembly	10	6	0.27094757191035723	0.4489305920801385	0.7738415457089145
hsa-miR-4425	GO:0141085	regulation of inflammasome-mediated signaling pathway	10	6	0.27094757191035723	0.4489305920801385	0.7738415457089145
hsa-miR-17-5p	GO:0045321	leukocyte activation	10	80	0.26855907570888066	0.4530958221985336	0.7792422454667264
hsa-miR-148a-3p	GO:0002520	immune system development	10	7	-0.26286981345544397	0.46308669770147737	0.7917775002494789
hsa-miR-891b	GO:0030099	myeloid cell differentiation	10	27	-0.26161950583069227	0.4652953763071588	0.7917775002494789
hsa-miR-216a-5p	GO:0002573	myeloid leukocyte differentiation	10	6	-0.2607956575651937	0.46675325787700483	0.7917775002494789
hsa-miR-892a	GO:0032874	positive regulation of stress-activated MAPK cascade	10	5	-0.26064474356514444	0.4670205340494493	0.7917775002494789
hsa-miR-20a-5p	GO:0030099	myeloid cell differentiation	10	44	0.2605769177009156	0.46714067906386403	0.7917775002494789
hsa-miR-216a-5p	GO:0071345	cellular response to cytokine stimulus	10	13	-0.2583807792340682	0.47103823556758573	0.7917775002494789
hsa-miR-216a-5p	GO:0034097	response to cytokine	10	13	-0.2583807792340682	0.47103823556758573	0.7917775002494789
hsa-miR-505-3p	GO:0051251	positive regulation of lymphocyte activation	10	9	-0.2581497559393577	0.47144906949754284	0.7917775002494789
hsa-miR-505-3p	GO:0030099	myeloid cell differentiation	10	10	0.25809238886727265	0.47155111107462666	0.7917775002494789
hsa-miR-892a	GO:0051403	stress-activated MAPK cascade	10	7	-0.2578911412566598	0.47190915669119504	0.7917775002494789
hsa-miR-505-3p	GO:0050776	regulation of immune response	10	21	-0.25788484280229784	0.4719203643871066	0.7917775002494789
hsa-miR-17-5p	GO:0002521	leukocyte differentiation	10	58	0.2562714973195386	0.4747950571495694	0.7945063826712453
hsa-miR-148a-3p	GO:2000106	regulation of leukocyte apoptotic process	10	5	-0.2554298311348272	0.476297791367847	0.7945063826712453
hsa-miR-505-3p	GO:0030098	lymphocyte differentiation	10	10	-0.25520261259203997	0.47670382960274715	0.7945063826712453
hsa-miR-193a-5p	GO:0050798	activated T cell proliferation	10	6	0.2521153623106237	0.4822356653497828	0.8001932468990902
hsa-miR-193a-5p	GO:0046006	regulation of activated T cell proliferation	10	6	0.2521153623106237	0.4822356653497828	0.8001932468990902
hsa-miR-450b-5p	GO:0007159	leukocyte cell-cell adhesion	10	51	0.2494165578419872	0.4870941353576951	0.8040498353009706
hsa-miR-148a-3p	GO:0046631	alpha-beta T cell activation	10	8	-0.24877485060046486	0.4882524482168531	0.8040498353009706
hsa-miR-148a-3p	GO:0046632	alpha-beta T cell differentiation	10	6	-0.24877485060046486	0.4882524482168531	0.8040498353009706
hsa-miR-155-5p	GO:0051251	positive regulation of lymphocyte activation	10	35	-0.2484608304718646	0.4888197011962192	0.8040498353009706
hsa-miR-19a-3p	GO:0030099	myeloid cell differentiation	10	30	-0.2475725318861454	0.4904258758048551	0.8049381222449252
hsa-miR-450b-5p	GO:0002573	myeloid leukocyte differentiation	10	33	0.2463008610608697	0.4927291747291649	0.8069642666388709
hsa-miR-93-5p	GO:0141091	transforming growth factor beta receptor superfamily signaling pathway	10	38	-0.2439330844799723	0.49703005886078766	0.8122460918612439
hsa-miR-19a-3p	GO:2000106	regulation of leukocyte apoptotic process	10	10	0.24234440563425536	0.49992467903062987	0.814369371705037
hsa-miR-20a-5p	GO:0002684	positive regulation of immune system process	10	82	0.24203645011555444	0.5004866072465393	0.814369371705037
hsa-miR-503-5p	GO:0002520	immune system development	10	7	-0.2406719293770068	0.5029796652047855	0.8166659080206733
hsa-miR-148a-3p	GO:0007159	leukocyte cell-cell adhesion	10	11	-0.23872173696796026	0.506551834767792	0.8207009340121951
hsa-miR-18a-5p	GO:0002521	leukocyte differentiation	10	19	0.2356794817464827	0.5121454718280416	0.8254974073389779
hsa-miR-320d	GO:0002684	positive regulation of immune system process	10	102	-0.23545645130554727	0.5125565541060262	0.8254974073389779
hsa-miR-505-3p	GO:0002682	regulation of immune system process	10	35	-0.235317073551683	0.5128135201800852	0.8254974073389779
hsa-miR-93-5p	GO:0070555	response to interleukin-1	10	16	-0.23468620252188685	0.5139773051065669	0.8254974073389779
hsa-miR-20a-5p	GO:0007179	transforming growth factor beta receptor signaling pathway	10	23	0.23414357677744935	0.5149791772935876	0.8254974073389779
hsa-miR-19a-3p	GO:0000165	MAPK cascade	10	38	-0.2333840884389392	0.5163828089927573	0.8259936881134149
hsa-miR-576-5p	GO:0141091	transforming growth factor beta receptor superfamily signaling pathway	10	41	-0.23097118529119584	0.5208526252823391	0.8296676924977534
hsa-miR-505-3p	GO:1902107	positive regulation of leukocyte differentiation	10	6	-0.23095780003304445	0.5208774652237551	0.8296676924977534
hsa-miR-10b-5p	GO:0045620	negative regulation of lymphocyte differentiation	10	4	-0.22647804321308496	0.5292180597419152	0.8403666947467372
hsa-miR-450b-5p	GO:0061082	myeloid leukocyte cytokine production	10	12	0.2261555396902268	0.5298205916548966	0.8403666947467372
hsa-miR-21-5p	GO:0002687	positive regulation of leukocyte migration	10	17	-0.22452965793351762	0.5328624459083524	0.8434195946767422
hsa-miR-18a-5p	GO:0071356	cellular response to tumor necrosis factor	10	8	0.2230839043970051	0.5355732007062937	0.8459367500695643
hsa-miR-19a-3p	GO:0019221	cytokine-mediated signaling pathway	10	30	-0.221365131811514	0.5388030475784216	0.8492615885630653
hsa-miR-505-3p	GO:0002764	immune response-regulating signaling pathway	10	13	-0.21996163075029784	0.5414462086299263	0.849298938413321
hsa-miR-216b-5p	GO:0031349	positive regulation of defense response	10	8	-0.21976515233216037	0.5418166406155503	0.849298938413321
hsa-miR-320d	GO:0046649	lymphocyte activation	10	78	-0.21956110923357802	0.5422014414771136	0.849298938413321
hsa-miR-148a-3p	GO:0036037	CD8-positive, alpha-beta T cell activation	10	3	-0.2181285126070781	0.5449062031465253	0.8517684956017113
hsa-miR-130a-3p	GO:0002573	myeloid leukocyte differentiation	10	13	-0.21693917781553296	0.5471557335548236	0.8535177248634128
hsa-miR-93-5p	GO:0032608	interferon-beta production	10	10	-0.21501814848774878	0.5507969226053662	0.8547131682795466
hsa-miR-93-5p	GO:0032648	regulation of interferon-beta production	10	10	-0.21501814848774878	0.5507969226053662	0.8547131682795466
hsa-miR-148a-3p	GO:0043367	CD4-positive, alpha-beta T cell differentiation	10	5	-0.2147434903696826	0.5513182953008466	0.8547131682795466
hsa-miR-503-5p	GO:0051403	stress-activated MAPK cascade	10	4	0.21202747550274526	0.5564843830773016	0.8608870387954882
hsa-miR-155-5p	GO:0050863	regulation of T cell activation	10	35	-0.2114521334654561	0.5575811416834354	0.8608870387954882
hsa-miR-320d	GO:1903037	regulation of leukocyte cell-cell adhesion	10	46	-0.21052292669167255	0.5593542324304368	0.8618621336428159
hsa-miR-503-5p	GO:0000165	MAPK cascade	10	20	0.20959416724574392	0.5611286469793253	0.8628352921983515
hsa-miR-450b-5p	GO:0071604	transforming growth factor beta production	10	10	0.20809998349440628	0.5639878649825857	0.863640340811829
hsa-miR-216a-5p	GO:2000514	regulation of CD4-positive, alpha-beta T cell activation	10	3	0.2071447104851956	0.5658187689410157	0.863640340811829
hsa-miR-216a-5p	GO:0046637	regulation of alpha-beta T cell differentiation	10	3	0.2071447104851956	0.5658187689410157	0.863640340811829
hsa-miR-216a-5p	GO:0032735	positive regulation of interleukin-12 production	10	2	-0.20693147485236862	0.5662277731150402	0.863640340811829
hsa-miR-148a-3p	GO:0045321	leukocyte activation	10	23	-0.20622994554528182	0.5675741642181364	0.8639485765820424
hsa-miR-320d	GO:0002682	regulation of immune system process	10	151	-0.20470230629841168	0.5705102648540965	0.8666705230680943
hsa-miR-17-5p	GO:0071560	cellular response to transforming growth factor beta stimulus	10	31	0.20111050939389527	0.5774362585547064	0.8741904724643883
hsa-miR-216a-5p	GO:0030217	T cell differentiation	10	6	-0.20093462634283799	0.5777762195493109	0.8741904724643883
hsa-miR-505-3p	GO:0034097	response to cytokine	10	20	-0.19741402168863637	0.5845968588160103	0.8827412568121755
hsa-miR-320d	GO:0050863	regulation of T cell activation	10	43	-0.19585341658792566	0.5876298095812448	0.88281784628948
hsa-miR-17-5p	GO:0046649	lymphocyte activation	10	68	0.19567200168036736	0.5879827559081383	0.88281784628948
hsa-miR-10b-5p	GO:0071887	leukocyte apoptotic process	10	7	-0.19498257543397035	0.5893247609667522	0.88281784628948
hsa-miR-10b-5p	GO:2000106	regulation of leukocyte apoptotic process	10	7	-0.19498257543397035	0.5893247609667522	0.88281784628948
hsa-miR-20a-5p	GO:0002262	myeloid cell homeostasis	10	21	0.19307243379990027	0.593048823303665	0.886637349691618
hsa-miR-148a-3p	GO:0032615	interleukin-12 production	10	4	-0.19034909728748553	0.5983731124603964	0.8893707350446148
hsa-miR-148a-3p	GO:0032655	regulation of interleukin-12 production	10	4	-0.19034909728748553	0.5983731124603964	0.8893707350446148
hsa-miR-450b-5p	GO:0071634	regulation of transforming growth factor beta production	10	9	0.18939261221631323	0.6002471937314966	0.8893707350446148
hsa-miR-17-5p	GO:0032479	regulation of type I interferon production	10	17	0.1887013960345661	0.6016028388957219	0.8893707350446148
hsa-miR-17-5p	GO:0032606	type I interferon production	10	17	0.1887013960345661	0.6016028388957219	0.8893707350446148
hsa-miR-320d	GO:0007159	leukocyte cell-cell adhesion	10	50	-0.18852704351690475	0.6019449610699313	0.8893707350446148
hsa-miR-450b-5p	GO:1902107	positive regulation of leukocyte differentiation	10	28	0.18789819594104046	0.6031794942978523	0.889454137099372
hsa-miR-18a-5p	GO:0034612	response to tumor necrosis factor	10	9	0.1855220534810737	0.6078524324553972	0.89459763451038
hsa-miR-17-5p	GO:0030099	myeloid cell differentiation	10	48	0.18291223520492175	0.6129996844032432	0.8974584065156719
hsa-miR-155-5p	GO:1903039	positive regulation of leukocyte cell-cell adhesion	10	27	-0.1820471747333727	0.6147091925404526	0.8974584065156719
hsa-miR-505-3p	GO:0050778	positive regulation of immune response	10	17	-0.18176004978060648	0.6152769705861334	0.8974584065156719
hsa-miR-10b-5p	GO:0141091	transforming growth factor beta receptor superfamily signaling pathway	10	12	0.18152149597795023	0.6157488410071015	0.8974584065156719
hsa-miR-20a-5p	GO:0002682	regulation of immune system process	10	119	0.1812415710013535	0.616302707191349	0.8974584065156719
hsa-miR-320d	GO:0032465	regulation of cytokinesis	10	15	-0.17996337323719816	0.6188339917478536	0.8974584065156719
hsa-miR-148a-3p	GO:0071350	cellular response to interleukin-15	10	2	-0.1789695390462545	0.6208046335979895	0.8974584065156719
hsa-miR-148a-3p	GO:0035723	interleukin-15-mediated signaling pathway	10	2	-0.1789695390462545	0.6208046335979895	0.8974584065156719
hsa-miR-155-5p	GO:0002696	positive regulation of leukocyte activation	10	37	-0.17875132520002754	0.6212376142337761	0.8974584065156719
hsa-miR-17-5p	GO:0071559	response to transforming growth factor beta	10	32	0.17852685998377563	0.6216831080896641	0.8974584065156719
hsa-miR-320d	GO:0071559	response to transforming growth factor beta	10	36	-0.17728854802765484	0.6241427591508868	0.8992047570984317
hsa-miR-320d	GO:0042110	T cell activation	10	61	-0.17572273456997892	0.627257714105439	0.8992047570984317
hsa-miR-320d	GO:1903039	positive regulation of leukocyte cell-cell adhesion	10	34	-0.17558334815158355	0.6275352608601805	0.8992047570984317
hsa-miR-320d	GO:0045321	leukocyte activation	10	92	-0.17552230148645992	0.6276568304514881	0.8992047570984317
hsa-miR-450b-5p	GO:1903037	regulation of leukocyte cell-cell adhesion	10	46	0.17391611574071028	0.6308583119624706	0.900978141906545
hsa-miR-320d	GO:0000910	cytokinesis	10	26	-0.17370407348466183	0.6312813736007448	0.900978141906545
hsa-miR-320d	GO:0050870	positive regulation of T cell activation	10	33	-0.17222675105542762	0.6342315621666065	0.9034808102562035
hsa-miR-193a-5p	GO:0070665	positive regulation of leukocyte proliferation	10	12	-0.17069299582495023	0.6372993602904865	0.9042975152964348
hsa-miR-17-5p	GO:0032481	positive regulation of type I interferon production	10	12	0.16987684859706356	0.6389338352888123	0.9042975152964348
hsa-miR-505-3p	GO:0002521	leukocyte differentiation	10	13	-0.16965112208302235	0.6393861389215301	0.9042975152964348
hsa-miR-892a	GO:0071635	negative regulation of transforming growth factor beta production	10	3	0.16902367442685004	0.6406439604316168	0.9042975152964348
hsa-miR-505-3p	GO:0042110	T cell activation	10	12	0.16894905431157803	0.6407936035544273	0.9042975152964348
hsa-miR-320d	GO:0071560	cellular response to transforming growth factor beta stimulus	10	34	-0.16692945832677283	0.6448481102642598	0.9066750894997986
hsa-miR-505-3p	GO:0010759	positive regulation of macrophage chemotaxis	10	2	0.1669135092971242	0.644880162995221	0.9066750894997986
hsa-miR-93-5p	GO:0000165	MAPK cascade	10	62	-0.1647705238791104	0.6491916875523069	0.910363328564955
hsa-miR-19a-3p	GO:0071356	cellular response to tumor necrosis factor	10	16	0.1638132016732531	0.651120791291491	0.910363328564955
hsa-miR-19a-3p	GO:0034612	response to tumor necrosis factor	10	16	0.1638132016732531	0.651120791291491	0.910363328564955
hsa-miR-320d	GO:0000281	mitotic cytokinesis	10	15	-0.1606005171373304	0.6576082681523636	0.9177342744085666
hsa-miR-93-5p	GO:0031347	regulation of defense response	10	79	-0.15930030710919346	0.6602397140434471	0.9180772564838261
hsa-miR-10b-5p	GO:0002720	positive regulation of cytokine production involved in immune response	10	5	0.1592774386114246	0.6602860268486326	0.9180772564838261
hsa-miR-216b-5p	GO:0002682	regulation of immune system process	10	18	-0.1581583954072698	0.6625535559904312	0.9195366448028963
hsa-miR-20a-5p	GO:0045088	regulation of innate immune response	10	49	0.15436434442694388	0.6702597800438685	0.9275663149161839
hsa-miR-93-5p	GO:0002218	activation of innate immune response	10	35	-0.15349726064814162	0.6720248665684141	0.9275663149161839
hsa-miR-93-5p	GO:0002758	innate immune response-activating signaling pathway	10	33	-0.15349726064814162	0.6720248665684141	0.9275663149161839
hsa-miR-155-5p	GO:0051249	regulation of lymphocyte activation	10	45	-0.1522165503363206	0.6746345951628909	0.9294691958904793
hsa-miR-450b-5p	GO:1902105	regulation of leukocyte differentiation	10	40	0.15158748882893341	0.6759175927492074	0.9295405874784182
hsa-miR-505-3p	GO:0071345	cellular response to cytokine stimulus	10	17	-0.1505400967194274	0.678055459331357	0.9307852214457719
hsa-miR-148a-3p	GO:0045058	T cell selection	10	4	-0.14973302530155277	0.6797042124494215	0.9313551368408588
hsa-miR-503-5p	GO:0043408	regulation of MAPK cascade	10	18	0.14704685822512037	0.6852005176613603	0.9355517509272123
hsa-miR-3065-5p	GO:0071560	cellular response to transforming growth factor beta stimulus	10	39	-0.14702505278045283	0.6852451897519847	0.9355517509272123
hsa-miR-216a-5p	GO:0002703	regulation of leukocyte mediated immunity	10	5	-0.14572222564319556	0.6879158381365936	0.9375026313955382
hsa-miR-501-3p	GO:0002758	innate immune response-activating signaling pathway	10	21	-0.14361676633905096	0.6922383547835695	0.9416936177686397
hsa-miR-892b	GO:0001776	leukocyte homeostasis	10	11	0.13998246951985424	0.6997183772623631	0.9501571489803671
hsa-miR-155-5p	GO:0071345	cellular response to cytokine stimulus	10	77	-0.1385295398834509	0.7027153197781671	0.9525135842594545
hsa-miR-3065-5p	GO:0071559	response to transforming growth factor beta	10	41	-0.13688474356706576	0.7061124776560807	0.9543815998606193
hsa-miR-216b-5p	GO:0050778	positive regulation of immune response	10	11	-0.13602711066609258	0.7078856899628434	0.9543815998606193
hsa-miR-216b-5p	GO:0045089	positive regulation of innate immune response	10	7	-0.13602711066609258	0.7078856899628434	0.9543815998606193
hsa-miR-505-3p	GO:0002684	positive regulation of immune system process	10	25	-0.1337259159748134	0.7126497915689689	0.9590919654805196
hsa-miR-18a-5p	GO:0045637	regulation of myeloid cell differentiation	10	10	0.13307603369691956	0.7139968550000426	0.959195063211801
hsa-miR-20a-5p	GO:0050778	positive regulation of immune response	10	59	0.13154566892639008	0.7171717713507159	0.9617490006568215
hsa-miR-18a-5p	GO:0030099	myeloid cell differentiation	10	16	0.13049641920011987	0.7193508186019122	0.9629607589440492
hsa-miR-10b-5p	GO:0071353	cellular response to interleukin-4	10	4	-0.12829600847949685	0.7239264597059383	0.9635434570839241
hsa-miR-10b-5p	GO:0070670	response to interleukin-4	10	4	-0.12829600847949685	0.7239264597059383	0.9635434570839241
hsa-miR-155-5p	GO:0071887	leukocyte apoptotic process	10	16	0.12742223173233627	0.7257456283605366	0.9635434570839241
hsa-miR-155-5p	GO:2000106	regulation of leukocyte apoptotic process	10	14	0.12742223173233627	0.7257456283605366	0.9635434570839241
hsa-miR-19a-3p	GO:0034097	response to cytokine	10	47	-0.12621773649121718	0.7282553640419609	0.9635434570839241
hsa-miR-216a-5p	GO:0032604	granulocyte macrophage colony-stimulating factor production	10	2	-0.12558287594891976	0.7295791234871337	0.9635434570839241
hsa-miR-216a-5p	GO:0032645	regulation of granulocyte macrophage colony-stimulating factor production	10	2	-0.12558287594891976	0.7295791234871337	0.9635434570839241
hsa-miR-20a-5p	GO:0045089	positive regulation of innate immune response	10	41	0.12515522742640353	0.7304711842619432	0.9635434570839241
hsa-miR-505-3p	GO:0050856	regulation of T cell receptor signaling pathway	10	3	-0.12444828112156944	0.7319464889053635	0.9635434570839241
hsa-miR-20a-5p	GO:0141091	transforming growth factor beta receptor superfamily signaling pathway	10	34	0.12243002561317493	0.7361626641876373	0.9635434570839241
hsa-miR-10b-5p	GO:2000108	positive regulation of leukocyte apoptotic process	10	6	-0.12143051548692191	0.7382530178548139	0.9635434570839241
hsa-miR-10b-5p	GO:0002262	myeloid cell homeostasis	10	10	0.12107612099113048	0.738994562554361	0.9635434570839241
hsa-miR-155-5p	GO:0030217	T cell differentiation	10	33	0.11998592097493356	0.741276939392268	0.9635434570839241
hsa-miR-216a-5p	GO:0030099	myeloid cell differentiation	10	7	-0.11973063096927011	0.7418116624214486	0.9635434570839241
hsa-miR-19a-3p	GO:0045637	regulation of myeloid cell differentiation	10	17	-0.11957358111796756	0.7421406639241055	0.9635434570839241
hsa-miR-450b-5p	GO:0045582	positive regulation of T cell differentiation	10	19	0.11912853645942706	0.7430731858011017	0.9635434570839241
hsa-miR-93-5p	GO:0046649	lymphocyte activation	10	67	-0.11836778520066134	0.7446679181115583	0.9635434570839241
hsa-miR-155-5p	GO:0045321	leukocyte activation	10	74	-0.11826031412356783	0.7448932760008171	0.9635434570839241
NovelmiRNA-1638	GO:0061640	cytoskeleton-dependent cytokinesis	10	13	-0.11806139648602218	0.7453104356781612	0.9635434570839241
NovelmiRNA-1638	GO:0000281	mitotic cytokinesis	10	13	-0.11806139648602218	0.7453104356781612	0.9635434570839241
hsa-miR-155-5p	GO:0002573	myeloid leukocyte differentiation	10	29	0.11530051004244153	0.7511065364085491	0.9636286655040248
hsa-miR-17-5p	GO:0002376	immune system process	10	206	0.11490922372373	0.751928902627796	0.9636286655040248
hsa-miR-503-5p	GO:0050776	regulation of immune response	10	21	-0.11466588563650672	0.7524404395825884	0.9636286655040248
hsa-miR-155-5p	GO:0046649	lymphocyte activation	10	67	-0.11433400819952888	0.7531382407774408	0.9636286655040248
hsa-miR-155-5p	GO:0030099	myeloid cell differentiation	10	51	-0.11403641042076099	0.7537641029268668	0.9636286655040248
hsa-miR-93-5p	GO:0002521	leukocyte differentiation	10	58	-0.11366839331740572	0.7545382387793625	0.9636286655040248
hsa-miR-20a-5p	GO:0002764	immune response-regulating signaling pathway	10	48	0.11271056509680398	0.7565539828193798	0.9636286655040248
hsa-miR-20a-5p	GO:0050776	regulation of immune response	10	73	0.11207496608372881	0.7578923281896184	0.9636286655040248
hsa-miR-216a-5p	GO:0035710	CD4-positive, alpha-beta T cell activation	10	4	0.11167892727981417	0.7587265381922086	0.9636286655040248
hsa-miR-216a-5p	GO:0046632	alpha-beta T cell differentiation	10	4	0.11167892727981417	0.7587265381922086	0.9636286655040248
hsa-miR-155-5p	GO:0002682	regulation of immune system process	10	117	-0.11135170269383719	0.7594159681786686	0.9636286655040248
hsa-miR-19a-3p	GO:0071345	cellular response to cytokine stimulus	10	45	-0.10873989583299419	0.7649242236199552	0.9665542773372809
hsa-miR-503-5p	GO:0043410	positive regulation of MAPK cascade	10	13	0.10856534848829381	0.7652926822594884	0.9665542773372809
hsa-miR-17-5p	GO:0002682	regulation of immune system process	10	142	0.10827237340206088	0.7659112297978032	0.9665542773372809
NovelmiRNA-1638	GO:0032480	negative regulation of type I interferon production	10	7	-0.10746009035079032	0.7676267952583308	0.9665542773372809
hsa-miR-93-5p	GO:0032479	regulation of type I interferon production	10	16	-0.10588512757762378	0.7709557472264714	0.9665542773372809
hsa-miR-93-5p	GO:0032606	type I interferon production	10	16	-0.10588512757762378	0.7709557472264714	0.9665542773372809
hsa-miR-93-5p	GO:0002682	regulation of immune system process	10	130	-0.10471755150723591	0.7734257961463559	0.9665542773372809
hsa-miR-450b-5p	GO:0046631	alpha-beta T cell activation	10	28	-0.10388203124075678	0.7751944953226382	0.9665542773372809
hsa-miR-548y	GO:0030098	lymphocyte differentiation	10	47	-0.10326296493083904	0.7765055877661873	0.9665542773372809
hsa-miR-505-3p	GO:0002757	immune response-activating signaling pathway	10	12	-0.10267105958847281	0.777759632700908	0.9665542773372809
hsa-miR-20a-5p	GO:0002757	immune response-activating signaling pathway	10	45	0.10102289113279496	0.781253965268432	0.9665542773372809
hsa-miR-503-5p	GO:0061640	cytoskeleton-dependent cytokinesis	10	6	0.09976492004298637	0.7839234058084208	0.9665542773372809
hsa-miR-892b	GO:0061515	myeloid cell development	10	10	-0.09972843177108769	0.7840008651019703	0.9665542773372809
hsa-miR-450b-5p	GO:0002287	alpha-beta T cell activation involved in immune response	10	16	-0.09925637388306495	0.7850031291200552	0.9665542773372809
hsa-miR-450b-5p	GO:0002293	alpha-beta T cell differentiation involved in immune response	10	16	-0.09925637388306495	0.7850031291200552	0.9665542773372809
hsa-miR-210-3p	GO:0002714	positive regulation of B cell mediated immunity	10	3	-0.09756061280302318	0.7886058739599537	0.9665542773372809
hsa-miR-210-3p	GO:0002891	positive regulation of immunoglobulin mediated immune response	10	3	-0.09756061280302318	0.7886058739599537	0.9665542773372809
hsa-miR-210-3p	GO:0002639	positive regulation of immunoglobulin production	10	3	-0.09756061280302318	0.7886058739599537	0.9665542773372809
hsa-miR-210-3p	GO:0002712	regulation of B cell mediated immunity	10	3	-0.09756061280302318	0.7886058739599537	0.9665542773372809
hsa-miR-210-3p	GO:0002889	regulation of immunoglobulin mediated immune response	10	3	-0.09756061280302318	0.7886058739599537	0.9665542773372809
hsa-miR-210-3p	GO:0002637	regulation of immunoglobulin production	10	3	-0.09756061280302318	0.7886058739599537	0.9665542773372809
hsa-miR-155-5p	GO:1903037	regulation of leukocyte cell-cell adhesion	10	36	-0.09627336325232644	0.7913431269677601	0.9670865149470589
hsa-miR-10b-5p	GO:0035457	cellular response to interferon-alpha	10	2	-0.09615170032430904	0.7916019420361357	0.9670865149470589
hsa-miR-450b-5p	GO:0002292	T cell differentiation involved in immune response	10	19	-0.0951233055267695	0.7937903894849158	0.9672263384795281
hsa-miR-320d	GO:0043408	regulation of MAPK cascade	10	69	-0.09432179929070196	0.7954969126922911	0.9672263384795281
hsa-miR-505-3p	GO:0045651	positive regulation of macrophage differentiation	10	2	0.09429232762455962	0.7955596770805125	0.9672263384795281
hsa-miR-155-5p	GO:0034097	response to cytokine	10	84	-0.09214210368850982	0.800141733691599	0.9678923370475687
hsa-miR-130a-3p	GO:0090594	inflammatory response to wounding	10	5	-0.09182683101007354	0.8008140344533591	0.9678923370475687
hsa-miR-130a-3p	GO:0002246	wound healing involved in inflammatory response	10	3	-0.09182683101007354	0.8008140344533591	0.9678923370475687
hsa-miR-93-5p	GO:0031349	positive regulation of defense response	10	56	-0.09162927168323358	0.8012353783506364	0.9678923370475687
hsa-miR-20a-5p	GO:0032608	interferon-beta production	10	9	0.08975643113358923	0.8052319509863455	0.9683196656806851
hsa-miR-20a-5p	GO:0032648	regulation of interferon-beta production	10	9	0.08975643113358923	0.8052319509863455	0.9683196656806851
hsa-miR-10b-5p	GO:0030099	myeloid cell differentiation	10	15	0.08966050918756972	0.805436755029762	0.9683196656806851
hsa-miR-10b-5p	GO:0033034	positive regulation of myeloid cell apoptotic process	10	3	-0.08573927113009364	0.8138180297470966	0.9740664316284742
hsa-miR-10b-5p	GO:0033032	regulation of myeloid cell apoptotic process	10	3	-0.08573927113009364	0.8138180297470966	0.9740664316284742
hsa-miR-20a-5p	GO:0071347	cellular response to interleukin-1	10	13	-0.08503962975863368	0.8153152610545839	0.9740664316284742
hsa-miR-155-5p	GO:0042110	T cell activation	10	50	0.08501056872324743	0.8153774632969479	0.9740664316284742
hsa-miR-18a-5p	GO:0032872	regulation of stress-activated MAPK cascade	10	4	0.08397533862445274	0.817593873372972	0.9751712075775575
hsa-miR-155-5p	GO:0097398	cellular response to interleukin-17	10	8	-0.08062997172059967	0.8247641386732383	0.9793171369326323
hsa-miR-155-5p	GO:0097396	response to interleukin-17	10	8	-0.08062997172059967	0.8247641386732383	0.9793171369326323
hsa-miR-155-5p	GO:0002694	regulation of leukocyte activation	10	48	-0.07996662069408873	0.8261873305850509	0.9793171369326323
hsa-miR-505-3p	GO:0002253	activation of immune response	10	13	-0.07993354753152274	0.826258299637201	0.9793171369326323
hsa-miR-18a-5p	GO:0070233	negative regulation of T cell apoptotic process	10	3	-0.07907950261566607	0.8280913173170497	0.9793237262320278
hsa-miR-93-5p	GO:0050778	positive regulation of immune response	10	68	-0.07872234724583531	0.8288580941222063	0.9793237262320278
hsa-miR-17-5p	GO:0141091	transforming growth factor beta receptor superfamily signaling pathway	10	38	0.07808064886921985	0.8302360829176614	0.9794191290669286
hsa-miR-18a-5p	GO:0002573	myeloid leukocyte differentiation	10	11	0.07640059974596711	0.8338458012037804	0.9821428703726275
hsa-miR-20a-5p	GO:0033173	calcineurin-NFAT signaling cascade	10	8	0.0746719624568181	0.8375628343185414	0.9833930009810758
hsa-miR-155-5p	GO:0002521	leukocyte differentiation	10	61	-0.07367383687541099	0.8397103946982749	0.9833930009810758
hsa-miR-93-5p	GO:0050776	regulation of immune response	10	80	-0.0730732904256198	0.841002986420367	0.9833930009810758
hsa-miR-10b-5p	GO:0001961	positive regulation of cytokine-mediated signaling pathway	10	4	0.07297302879715842	0.8412188188767203	0.9833930009810758
hsa-miR-17-5p	GO:0002684	positive regulation of immune system process	10	102	0.07287971339634294	0.841419706799702	0.9833930009810758
hsa-miR-93-5p	GO:0032481	positive regulation of type I interferon production	10	11	-0.07081073909530954	0.845875860302677	0.9839003310193674
hsa-miR-93-5p	GO:0002684	positive regulation of immune system process	10	96	-0.0707010974608532	0.8461121171603563	0.9839003310193674
hsa-miR-17-5p	GO:0045087	innate immune response	10	85	0.06967853142648756	0.8483160819433375	0.9839003310193674
hsa-miR-450b-5p	GO:1903039	positive regulation of leukocyte cell-cell adhesion	10	36	0.06874008183035102	0.8503395819351001	0.9839003310193674
hsa-miR-503-5p	GO:0002682	regulation of immune system process	10	31	-0.06820510725369612	0.8514934555583802	0.9839003310193674
hsa-miR-548y	GO:0002682	regulation of immune system process	10	148	-0.06697725148364592	0.8541427443761035	0.9839003310193674
hsa-miR-20a-5p	GO:0002758	innate immune response-activating signaling pathway	10	31	0.06632630617130209	0.8555477938555089	0.9839003310193674
hsa-miR-18a-5p	GO:0002761	regulation of myeloid leukocyte differentiation	10	7	-0.06595896344286241	0.8563408557311055	0.9839003310193674
hsa-miR-20a-5p	GO:0051607	defense response to virus	10	28	0.06544890942845674	0.8574422110940417	0.9839003310193674
hsa-miR-93-5p	GO:0001911	negative regulation of leukocyte mediated cytotoxicity	10	7	0.06470179846659611	0.8590558410277276	0.9839003310193674
hsa-miR-93-5p	GO:0045953	negative regulation of natural killer cell mediated cytotoxicity	10	7	0.06470179846659611	0.8590558410277276	0.9839003310193674
hsa-miR-93-5p	GO:0002716	negative regulation of natural killer cell mediated immunity	10	7	0.06470179846659611	0.8590558410277276	0.9839003310193674
hsa-miR-10b-5p	GO:0030098	lymphocyte differentiation	10	14	-0.06458691736963665	0.8593040060762472	0.9839003310193674
hsa-miR-216a-5p	GO:0046649	lymphocyte activation	10	11	-0.06421925438814245	0.8600983026129568	0.9839003310193674
hsa-miR-320d	GO:0000165	MAPK cascade	10	77	-0.06176815291368762	0.8653965021745716	0.9881239585489644
hsa-miR-548y	GO:0141091	transforming growth factor beta receptor superfamily signaling pathway	10	45	-0.061300448681475245	0.8664080272310125	0.9881239585489644
hsa-miR-193a-5p	GO:0042129	regulation of T cell proliferation	10	13	-0.06007405828417645	0.8690612232589503	0.9895726818295969
NovelmiRNA-1638	GO:0051607	defense response to virus	10	30	-0.05915650550649928	0.8710470454233207	0.9895726818295969
hsa-miR-20a-5p	GO:0002253	activation of immune response	10	47	0.0588962726560887	0.8716103753863336	0.9895726818295969
hsa-miR-20a-5p	GO:0031347	regulation of defense response	10	70	0.05571625842985886	0.8784983306334968	0.9924930551283723
hsa-miR-503-5p	GO:0000910	cytokinesis	10	10	-0.05322036401329893	0.883909641266007	0.9924930551283723
hsa-miR-19a-3p	GO:0002262	myeloid cell homeostasis	10	20	-0.05208276274291279	0.886377504786696	0.9924930551283723
hsa-miR-216a-5p	GO:0002263	cell activation involved in immune response	10	6	-0.051628303177763485	0.887363636942323	0.9924930551283723
hsa-miR-216a-5p	GO:0002366	leukocyte activation involved in immune response	10	6	-0.051628303177763485	0.887363636942323	0.9924930551283723
hsa-miR-17-5p	GO:0002683	negative regulation of immune system process	10	53	0.04921996119082431	0.8925917945696584	0.9924930551283723
hsa-miR-93-5p	GO:0007179	transforming growth factor beta receptor signaling pathway	10	27	-0.04913760166768274	0.8927706519953391	0.9924930551283723
hsa-miR-17-5p	GO:0002757	immune response-activating signaling pathway	10	55	0.04876424167233479	0.893581519922684	0.9924930551283723
hsa-miR-17-5p	GO:0051607	defense response to virus	10	32	-0.04843739283915532	0.8942914472383743	0.9924930551283723
hsa-miR-17-5p	GO:0031348	negative regulation of defense response	10	32	0.04675983903894641	0.8979362079158384	0.9924930551283723
hsa-miR-505-3p	GO:0032680	regulation of tumor necrosis factor production	10	8	-0.04671655685343764	0.898030268578665	0.9924930551283723
hsa-miR-505-3p	GO:1903555	regulation of tumor necrosis factor superfamily cytokine production	10	8	-0.04671655685343764	0.898030268578665	0.9924930551283723
hsa-miR-505-3p	GO:0032640	tumor necrosis factor production	10	8	-0.04671655685343764	0.898030268578665	0.9924930551283723
hsa-miR-505-3p	GO:0071706	tumor necrosis factor superfamily cytokine production	10	8	-0.04671655685343764	0.898030268578665	0.9924930551283723
hsa-miR-93-5p	GO:0071347	cellular response to interleukin-1	10	15	-0.046238385783023396	0.8990695038060025	0.9924930551283723
hsa-miR-155-5p	GO:0045637	regulation of myeloid cell differentiation	10	23	-0.04609037862820609	0.899391203884037	0.9924930551283723
hsa-miR-93-5p	GO:0002253	activation of immune response	10	51	-0.04597728442219473	0.8996370280241146	0.9924930551283723
hsa-miR-503-5p	GO:0071559	response to transforming growth factor beta	10	11	0.04546631084298422	0.9007477873596587	0.9924930551283723
hsa-miR-148a-3p	GO:0002262	myeloid cell homeostasis	10	7	-0.044540811127484176	0.902760041485477	0.9924930551283723
hsa-miR-10b-5p	GO:0071345	cellular response to cytokine stimulus	10	25	-0.04397364702621032	0.9039934368103615	0.9924930551283723
hsa-miR-503-5p	GO:0032467	positive regulation of cytokinesis	10	4	-0.0427313948593663	0.9066955694374358	0.9924930551283723
hsa-miR-20a-5p	GO:0031349	positive regulation of defense response	10	49	0.04235829430735713	0.907507302992818	0.9924930551283723
hsa-miR-93-5p	GO:0045088	regulation of innate immune response	10	54	-0.04210993294257901	0.9080476914177019	0.9924930551283723
hsa-miR-17-5p	GO:0006952	defense response	10	141	0.04158493313111505	0.9091901055311948	0.9924930551283723
hsa-miR-892a	GO:0098760	response to interleukin-7	10	4	-0.04127175979287596	0.9098716508865017	0.9924930551283723
hsa-miR-503-5p	GO:0017015	regulation of transforming growth factor beta receptor signaling pathway	10	7	0.04107619758073214	0.9102972712033054	0.9924930551283723
hsa-miR-503-5p	GO:0141091	transforming growth factor beta receptor superfamily signaling pathway	10	11	0.039533766540992235	0.9136549203785537	0.9924930551283723
hsa-miR-216b-5p	GO:0032731	positive regulation of interleukin-1 beta production	10	3	-0.03809517885819041	0.9167876276786299	0.9924930551283723
hsa-miR-216b-5p	GO:0032732	positive regulation of interleukin-1 production	10	3	-0.03809517885819041	0.9167876276786299	0.9924930551283723
hsa-miR-93-5p	GO:0002262	myeloid cell homeostasis	10	20	0.03690620713213963	0.9193775449921411	0.9924930551283723
hsa-miR-216a-5p	GO:1902105	regulation of leukocyte differentiation	10	7	-0.036186350502954705	0.920945929992222	0.9924930551283723
hsa-miR-93-5p	GO:0002757	immune response-activating signaling pathway	10	48	-0.035846724136606264	0.9216859752194826	0.9924930551283723
hsa-miR-17-5p	GO:0002764	immune response-regulating signaling pathway	10	58	0.034815037772752015	0.9239343477424462	0.9924930551283723
hsa-miR-216a-5p	GO:0043367	CD4-positive, alpha-beta T cell differentiation	10	3	0.0343024530568625	0.9250516140775681	0.9924930551283723
hsa-miR-216a-5p	GO:0002292	T cell differentiation involved in immune response	10	3	0.0343024530568625	0.9250516140775681	0.9924930551283723
hsa-miR-216a-5p	GO:0002287	alpha-beta T cell activation involved in immune response	10	3	0.0343024530568625	0.9250516140775681	0.9924930551283723
hsa-miR-216a-5p	GO:0002293	alpha-beta T cell differentiation involved in immune response	10	3	0.0343024530568625	0.9250516140775681	0.9924930551283723
hsa-miR-503-5p	GO:0071560	cellular response to transforming growth factor beta stimulus	10	10	0.033746048526114944	0.9262645267392	0.9924930551283723
hsa-miR-148a-3p	GO:1902105	regulation of leukocyte differentiation	10	10	0.03298884387204639	0.9279153852512316	0.9924930551283723
hsa-miR-10b-5p	GO:0034097	response to cytokine	10	26	-0.032872281994992765	0.9281695357408075	0.9924930551283723
hsa-miR-155-5p	GO:1902105	regulation of leukocyte differentiation	10	31	-0.031888472125280586	0.9303148571000839	0.9924930551283723
hsa-miR-450b-5p	GO:0010934	macrophage cytokine production	10	9	-0.030287484972114562	0.9338068699606625	0.9924930551283723
hsa-miR-17-5p	GO:0033173	calcineurin-NFAT signaling cascade	10	9	0.028391473281808025	0.9379436904094328	0.9924930551283723
hsa-miR-17-5p	GO:0045088	regulation of innate immune response	10	60	0.027940260794539668	0.9389283704645168	0.9924930551283723
hsa-miR-93-5p	GO:0045089	positive regulation of innate immune response	10	45	0.027812755537340937	0.9392066384779755	0.9924930551283723
NovelmiRNA-1638	GO:0045824	negative regulation of innate immune response	10	11	-0.026571103418829435	0.9419167310062386	0.9924930551283723
hsa-miR-155-5p	GO:0030098	lymphocyte differentiation	10	44	0.025775089050179768	0.9436544361186716	0.9924930551283723
hsa-miR-148a-3p	GO:0030217	T cell differentiation	10	13	-0.024467180718348067	0.9465100712135205	0.9924930551283723
hsa-miR-17-5p	GO:0031349	positive regulation of defense response	10	65	-0.0243837224442508	0.9466923096264344	0.9924930551283723
hsa-miR-10b-5p	GO:0002521	leukocyte differentiation	10	17	-0.023158608585657377	0.9493677047149012	0.9924930551283723
hsa-miR-93-5p	GO:0030099	myeloid cell differentiation	10	43	-0.022254547359345858	0.9513422808844707	0.9924930551283723
hsa-miR-548y	GO:0046649	lymphocyte activation	10	81	-0.021364324312472805	0.9532868659380913	0.9924930551283723
hsa-miR-155-5p	GO:0007159	leukocyte cell-cell adhesion	10	40	-0.021180223062341866	0.9536890409606547	0.9924930551283723
hsa-miR-210-3p	GO:0060397	growth hormone receptor signaling pathway via JAK-STAT	10	2	0.02042095913775462	0.9553477756648976	0.9924930551283723
hsa-miR-17-5p	GO:0002218	activation of innate immune response	10	43	0.01902954268584717	0.9583879462596163	0.9924930551283723
hsa-miR-4425	GO:1900227	positive regulation of NLRP3 inflammasome complex assembly	10	5	0.01870761185055119	0.9590914180514285	0.9924930551283723
hsa-miR-4425	GO:0141087	positive regulation of inflammasome-mediated signaling pathway	10	5	0.01870761185055119	0.9590914180514285	0.9924930551283723
hsa-miR-576-5p	GO:0032728	positive regulation of interferon-beta production	10	8	0.018599321702718077	0.9593280555617618	0.9924930551283723
hsa-miR-20a-5p	GO:0002683	negative regulation of immune system process	10	46	0.018432887779787858	0.9596917554297213	0.9924930551283723
hsa-miR-155-5p	GO:0002684	positive regulation of immune system process	10	82	0.01747975208639722	0.961774723155695	0.9924930551283723
hsa-miR-216a-5p	GO:2000316	regulation of T-helper 17 type immune response	10	2	-0.01703353537260981	0.9627499504055084	0.9924930551283723
hsa-miR-19a-3p	GO:0002521	leukocyte differentiation	10	35	-0.014315430813376042	0.9686914117394845	0.9924930551283723
hsa-miR-10b-5p	GO:0001911	negative regulation of leukocyte mediated cytotoxicity	10	3	0.013295843378523228	0.9709204836339194	0.9924930551283723
hsa-miR-17-5p	GO:0002253	activation of immune response	10	61	-0.013092627785415478	0.9713647856157066	0.9924930551283723
hsa-miR-450b-5p	GO:0045580	regulation of T cell differentiation	10	26	0.012675111731937494	0.9722776472030348	0.9924930551283723
hsa-miR-17-5p	GO:0045089	positive regulation of innate immune response	10	51	-0.01244806741940215	0.9727740715584683	0.9924930551283723
hsa-miR-148a-3p	GO:0001913	T cell mediated cytotoxicity	10	4	0.012415510938545229	0.9728452558456568	0.9924930551283723
hsa-miR-148a-3p	GO:0001916	positive regulation of T cell mediated cytotoxicity	10	4	0.012415510938545229	0.9728452558456568	0.9924930551283723
hsa-miR-148a-3p	GO:0001914	regulation of T cell mediated cytotoxicity	10	4	0.012415510938545229	0.9728452558456568	0.9924930551283723
hsa-miR-503-5p	GO:0007179	transforming growth factor beta receptor signaling pathway	10	8	0.010932899874473042	0.9760871399247502	0.9924930551283723
hsa-miR-17-5p	GO:0002262	myeloid cell homeostasis	10	24	-0.010891157295208715	0.9761784192025653	0.9924930551283723
hsa-miR-20a-5p	GO:0070555	response to interleukin-1	10	14	0.010855186739511545	0.9762570768884096	0.9924930551283723
hsa-miR-20a-5p	GO:0002218	activation of innate immune response	10	33	0.010769551336082978	0.9764443386408959	0.9924930551283723
hsa-miR-216a-5p	GO:0030098	lymphocyte differentiation	10	7	-0.008716220237876986	0.980934716710804	0.9924930551283723
hsa-miR-17-5p	GO:0031347	regulation of defense response	10	93	0.008213589538389679	0.9820339849597062	0.9924930551283723
hsa-miR-155-5p	GO:0071560	cellular response to transforming growth factor beta stimulus	10	32	0.007890214018749822	0.9827412313136223	0.9924930551283723
hsa-miR-155-5p	GO:0071559	response to transforming growth factor beta	10	32	0.007890214018749822	0.9827412313136223	0.9924930551283723
hsa-miR-193a-5p	GO:0042102	positive regulation of T cell proliferation	10	9	-0.006461564314785137	0.985865918194809	0.9924930551283723
hsa-miR-193a-5p	GO:0050671	positive regulation of lymphocyte proliferation	10	11	-0.006461564314785137	0.985865918194809	0.9924930551283723
hsa-miR-148a-3p	GO:0019883	antigen processing and presentation of endogenous antigen	10	3	0.00613237334707809	0.9865859377601178	0.9924930551283723
hsa-miR-148a-3p	GO:0002483	antigen processing and presentation of endogenous peptide antigen	10	3	0.00613237334707809	0.9865859377601178	0.9924930551283723
hsa-miR-148a-3p	GO:0002428	antigen processing and presentation of peptide antigen via MHC class Ib	10	3	0.00613237334707809	0.9865859377601178	0.9924930551283723
hsa-miR-148a-3p	GO:0002475	antigen processing and presentation via MHC class Ib	10	3	0.00613237334707809	0.9865859377601178	0.9924930551283723
hsa-miR-10b-5p	GO:0002367	cytokine production involved in immune response	10	6	0.005546142912672831	0.9878681855541072	0.9924930551283723
hsa-miR-10b-5p	GO:0002718	regulation of cytokine production involved in immune response	10	6	0.005546142912672831	0.9878681855541072	0.9924930551283723
hsa-miR-17-5p	GO:0050778	positive regulation of immune response	10	74	-0.005331960743046885	0.9883366674646297	0.9924930551283723
hsa-miR-18a-5p	GO:0051403	stress-activated MAPK cascade	10	5	0.004690877285120496	0.9897389317287155	0.9924930551283723
hsa-miR-548y	GO:0002521	leukocyte differentiation	10	66	0.0046337294561576425	0.9898639344525355	0.9924930551283723
hsa-miR-17-5p	GO:0002758	innate immune response-activating signaling pathway	10	38	0.0021013826561578873	0.9954032457380797	0.9964336925469757
hsa-miR-17-5p	GO:0050776	regulation of immune response	10	89	-0.0016303163117871843	0.9964336925469757	0.9964336925469757
