miRNA	GO.ID	Term	n_samples	n_target_genes	pearson_r	pearson_p	pearson_fdr_within_mirna
NovelmiRNA-903	GO:0032728	positive regulation of interferon-beta production	5	7	-0.8664789370071484	0.0048182304681985404	0.019272921872794162
hsa-miR-301b-3p	GO:0001865	NK T cell differentiation	5	3	-0.8693699101739443	0.016666666666666666	0.09583333333333333
hsa-miR-301b-3p	GO:0046635	positive regulation of alpha-beta T cell activation	5	5	-0.8818624788501002	0.016666666666666666	0.09583333333333333
hsa-miR-301b-3p	GO:0046638	positive regulation of alpha-beta T cell differentiation	5	5	-0.8818624788501002	0.016666666666666666	0.09583333333333333
hsa-miR-301b-3p	GO:0046637	regulation of alpha-beta T cell differentiation	5	5	-0.8818624788501002	0.016666666666666666	0.09583333333333333
hsa-miR-3616-5p	GO:0002517	T cell tolerance induction	5	4	-0.9638263906904486	0.016666666666666666	0.13333333333333333
hsa-miR-3616-5p	GO:0002664	regulation of T cell tolerance induction	5	4	-0.9638263906904486	0.016666666666666666	0.13333333333333333
hsa-miR-3616-5p	GO:0002819	regulation of adaptive immune response	5	18	-0.8316593038155053	0.016666666666666666	0.13333333333333333
NovelmiRNA-1805	GO:0002262	myeloid cell homeostasis	5	34	0.8489010347582304	0.040519326353834	0.05402576847177892
NovelmiRNA-1805	GO:0002705	positive regulation of leukocyte mediated immunity	5	31	-0.8576669022247682	0.04051932635383419	0.05402576847177892
NovelmiRNA-1805	GO:0032760	positive regulation of tumor necrosis factor production	5	23	-0.9429802707751167	0.04051932635383419	0.05402576847177892
NovelmiRNA-2872	GO:0045058	T cell selection	5	32	-0.7767709453655441	0.04051932635383419	0.10805153694355785
NovelmiRNA-2872	GO:0046632	alpha-beta T cell differentiation	5	58	-0.7123814745196732	0.04051932635383419	0.10805153694355785
NovelmiRNA-2872	GO:0043368	positive T cell selection	5	26	-0.7085027486887854	0.04051932635383419	0.10805153694355785
NovelmiRNA-1819	GO:0002209	behavioral defense response	5	12	-0.909052229998249	0.05385421772754198	0.05385421772754198
NovelmiRNA-903	GO:0032608	interferon-beta production	5	9	-0.7994263776931924	0.05385421772754198	0.07180562363672263
NovelmiRNA-903	GO:0032648	regulation of interferon-beta production	5	9	-0.7994263776931924	0.05385421772754198	0.07180562363672263
hsa-miR-214-5p	GO:0045444	fat cell differentiation	5	7	-0.7375994742983137	0.08333333333333333	0.08333333333333333
hsa-miR-301b-3p	GO:0046632	alpha-beta T cell differentiation	5	8	-0.8402069687199314	0.08333333333333333	0.2738095238095238
hsa-miR-301b-3p	GO:0140105	interleukin-10-mediated signaling pathway	5	2	-0.796128466861027	0.08333333333333333	0.2738095238095238
hsa-miR-301b-3p	GO:0046634	regulation of alpha-beta T cell activation	5	6	-0.942591778892292	0.08333333333333333	0.2738095238095238
hsa-miR-3616-5p	GO:0002520	immune system development	5	20	-0.7795845956307372	0.08333333333333333	0.5
NovelmiRNA-1470	GO:0061621	canonical glycolysis	5	4	-0.7930623534830495	0.11761376087345826	0.47045504349383305
NovelmiRNA-1470	GO:0033004	negative regulation of mast cell activation	5	3	-0.7021609802613824	0.11761376087345826	0.47045504349383305
NovelmiRNA-1470	GO:0033003	regulation of mast cell activation	5	4	-0.6406912422048794	0.11761376087345826	0.47045504349383305
hsa-miR-301b-3p	GO:0002758	innate immune response-activating signaling pathway	5	11	0.8097700557298249	0.13333333333333333	0.2981481481481481
hsa-miR-3065-5p	GO:0071560	cellular response to transforming growth factor beta stimulus	5	39	-0.5508992664083554	0.13333333333333333	0.35
hsa-miR-3065-5p	GO:0071559	response to transforming growth factor beta	5	41	-0.5581714494456332	0.13333333333333333	0.35
hsa-miR-3616-5p	GO:0034097	response to cytokine	5	76	-0.4035466719435496	0.13333333333333333	0.64
NovelmiRNA-903	GO:0050852	T cell receptor signaling pathway	5	18	-0.7317553877960774	0.1717953049079889	0.1717953049079889
NovelmiRNA-3342	GO:0002521	leukocyte differentiation	5	176	-0.6834122712208929	0.18169011381620923	0.2725351707243138
NovelmiRNA-3342	GO:0030099	myeloid cell differentiation	5	127	-0.6254188867803455	0.18169011381620923	0.2725351707243138
NovelmiRNA-3568	GO:0002371	dendritic cell cytokine production	5	4	0.6771506525809949	0.18169011381620923	0.30887319348755565
NovelmiRNA-3568	GO:0002762	negative regulation of myeloid leukocyte differentiation	5	8	-0.8200557776545582	0.18169011381620923	0.30887319348755565
NovelmiRNA-3568	GO:0001961	positive regulation of cytokine-mediated signaling pathway	5	9	-0.7421893286844334	0.18169011381620923	0.30887319348755565
NovelmiRNA-3568	GO:0002230	positive regulation of defense response to virus by host	5	7	-0.6330640894591653	0.18169011381620923	0.30887319348755565
NovelmiRNA-3568	GO:0002732	positive regulation of dendritic cell cytokine production	5	3	0.8036476687789589	0.18169011381620923	0.30887319348755565
NovelmiRNA-3568	GO:0060760	positive regulation of response to cytokine stimulus	5	10	-0.742339037578638	0.18169011381620923	0.30887319348755565
NovelmiRNA-3568	GO:0050688	regulation of defense response to virus	5	10	-0.49265062670906845	0.18169011381620923	0.30887319348755565
NovelmiRNA-3568	GO:0050691	regulation of defense response to virus by host	5	7	-0.6330640894591653	0.18169011381620923	0.30887319348755565
NovelmiRNA-3568	GO:0002730	regulation of dendritic cell cytokine production	5	4	0.6771506525809949	0.18169011381620923	0.30887319348755565
NovelmiRNA-3568	GO:0035455	response to interferon-alpha	5	4	-0.6255119225702066	0.18169011381620923	0.30887319348755565
NovelmiRNA-1805	GO:0141091	transforming growth factor beta receptor superfamily signaling pathway	5	66	-0.7724266720240164	0.21516994256954983	0.21516994256954983
NovelmiRNA-2872	GO:0030217	T cell differentiation	5	122	-0.6977878238665852	0.21516994256954983	0.21516994256954983
NovelmiRNA-2872	GO:0002360	T cell lineage commitment	5	22	-0.7109047216536967	0.21516994256954983	0.21516994256954983
NovelmiRNA-2872	GO:0072538	T-helper 17 type immune response	5	30	-0.5517182355607645	0.21516994256954983	0.21516994256954983
NovelmiRNA-2872	GO:0002521	leukocyte differentiation	5	227	-0.686516807017701	0.21516994256954983	0.21516994256954983
NovelmiRNA-2872	GO:0030098	lymphocyte differentiation	5	162	-0.6611065261473436	0.21516994256954983	0.21516994256954983
NovelmiRNA-1303	GO:0036006	cellular response to macrophage colony-stimulating factor stimulus	5	23	-0.7229171791686715	0.21889398131323168	0.43778796262646336
NovelmiRNA-1303	GO:0038145	macrophage colony-stimulating factor signaling pathway	5	21	-0.7251837466549905	0.21889398131323168	0.43778796262646336
NovelmiRNA-1303	GO:0036005	response to macrophage colony-stimulating factor	5	23	-0.7229171791686715	0.21889398131323168	0.43778796262646336
hsa-miR-301b-3p	GO:0030217	T cell differentiation	5	13	-0.7930862583599567	0.23333333333333334	0.2981481481481481
hsa-miR-301b-3p	GO:0002521	leukocyte differentiation	5	19	-0.8192997062939391	0.23333333333333334	0.2981481481481481
hsa-miR-301b-3p	GO:0030098	lymphocyte differentiation	5	15	-0.7816371680662936	0.23333333333333334	0.2981481481481481
hsa-miR-301b-3p	GO:0010804	negative regulation of tumor necrosis factor-mediated signaling pathway	5	3	-0.8443254644104707	0.23333333333333334	0.2981481481481481
hsa-miR-301b-3p	GO:0032480	negative regulation of type I interferon production	5	4	-0.9819725299480172	0.23333333333333334	0.2981481481481481
hsa-miR-301b-3p	GO:0045582	positive regulation of T cell differentiation	5	7	-0.8645099791605474	0.23333333333333334	0.2981481481481481
hsa-miR-301b-3p	GO:0045621	positive regulation of lymphocyte differentiation	5	7	-0.8645099791605474	0.23333333333333334	0.2981481481481481
hsa-miR-301b-3p	GO:0045580	regulation of T cell differentiation	5	8	-0.8658496068854783	0.23333333333333334	0.2981481481481481
hsa-miR-301b-3p	GO:0032479	regulation of type I interferon production	5	8	-0.9591008045522265	0.23333333333333334	0.2981481481481481
hsa-miR-301b-3p	GO:0032606	type I interferon production	5	8	-0.9591008045522265	0.23333333333333334	0.2981481481481481
hsa-miR-3065-5p	GO:0002521	leukocyte differentiation	5	72	-0.7156923337907656	0.23333333333333334	0.35
hsa-miR-3065-5p	GO:0030099	myeloid cell differentiation	5	63	-0.6658030554485395	0.23333333333333334	0.35
hsa-miR-3065-5p	GO:0002682	regulation of immune system process	5	160	-0.8359922971995856	0.23333333333333334	0.35
hsa-miR-3065-5p	GO:0006929	substrate-dependent cell migration	5	8	0.5918582805880542	0.23333333333333334	0.35
hsa-miR-3616-5p	GO:0061082	myeloid leukocyte cytokine production	5	7	-0.5660160257042731	0.23333333333333334	0.7999999999999999
hsa-miR-3616-5p	GO:0010759	positive regulation of macrophage chemotaxis	5	4	-0.7294448805286639	0.23333333333333334	0.7999999999999999
NovelmiRNA-1756	GO:0019221	cytokine-mediated signaling pathway	5	60	-0.6117630705335034	0.2689977701158221	0.7370863288578009
NovelmiRNA-1303	GO:0043300	regulation of leukocyte degranulation	5	15	-0.7987872790785334	0.3217233358243004	0.48258500373645064
hsa-miR-301b-3p	GO:0002357	defense response to tumor cell	5	2	-0.6734153730222273	0.35	0.4236842105263158
hsa-miR-3065-5p	GO:0071604	transforming growth factor beta production	5	10	-0.4825438696292627	0.35	0.45
hsa-miR-3616-5p	GO:0071345	cellular response to cytokine stimulus	5	70	-0.48625471651607594	0.35	0.817391304347826
hsa-miR-3616-5p	GO:0002440	production of molecular mediator of immune response	5	19	-0.34123650506456454	0.35	0.817391304347826
hsa-miR-3616-5p	GO:0034612	response to tumor necrosis factor	5	23	-0.25897331294932385	0.35	0.817391304347826
NovelmiRNA-2786	GO:0043374	CD8-positive, alpha-beta T cell differentiation	5	7	0.897635162321153	0.45	0.7714285714285714
NovelmiRNA-2786	GO:0002757	immune response-activating signaling pathway	5	113	-0.21470993634609095	0.45	0.7714285714285714
NovelmiRNA-2786	GO:0002758	innate immune response-activating signaling pathway	5	71	0.017586528226285005	0.45	0.7714285714285714
NovelmiRNA-2786	GO:0061515	myeloid cell development	5	26	0.24915733470095305	0.45	0.7714285714285714
NovelmiRNA-2786	GO:0045088	regulation of innate immune response	5	104	-0.031186062595975048	0.45	0.7714285714285714
NovelmiRNA-2786	GO:0010803	regulation of tumor necrosis factor-mediated signaling pathway	5	24	-0.11885173029429245	0.45	0.7714285714285714
NovelmiRNA-2786	GO:0033209	tumor necrosis factor-mediated signaling pathway	5	34	-0.1930769591464343	0.45	0.7714285714285714
hsa-miR-206	GO:0045600	positive regulation of fat cell differentiation	5	11	0.42694343707668697	0.45	0.95
hsa-miR-3065-5p	GO:0034446	substrate adhesion-dependent cell spreading	5	17	-0.7099296346889817	0.45	0.50625
hsa-miR-3616-5p	GO:0072678	T cell migration	5	10	-0.42220999452225794	0.45	0.817391304347826
hsa-miR-3616-5p	GO:2000404	regulation of T cell migration	5	10	-0.42220999452225794	0.45	0.817391304347826
hsa-miR-3616-5p	GO:2000401	regulation of lymphocyte migration	5	10	-0.42220999452225794	0.45	0.817391304347826
NovelmiRNA-1470	GO:0045824	negative regulation of innate immune response	5	15	0.4648653646994311	0.45018485575210093	0.8579446176050993
NovelmiRNA-1470	GO:1900025	negative regulation of substrate adhesion-dependent cell spreading	5	4	-0.4504263755457197	0.45018485575210093	0.8579446176050993
NovelmiRNA-1470	GO:0141091	transforming growth factor beta receptor superfamily signaling pathway	5	33	-0.729735723268656	0.45018485575210093	0.8579446176050993
NovelmiRNA-1756	GO:0097400	interleukin-17-mediated signaling pathway	5	4	-0.7036166845027196	0.49253578170279755	0.7370863288578009
NovelmiRNA-78	GO:0002521	leukocyte differentiation	5	130	-0.5819421264226382	0.5166666666666667	1
NovelmiRNA-78	GO:0046649	lymphocyte activation	5	161	-0.5076920794723133	0.5166666666666667	1
NovelmiRNA-78	GO:0030098	lymphocyte differentiation	5	89	-0.5027642872918189	0.5166666666666667	1
NovelmiRNA-78	GO:0014033	neural crest cell differentiation	5	26	-0.6293270902577134	0.5166666666666667	1
hsa-miR-301b-3p	GO:0002683	negative regulation of immune system process	5	17	0.6454846516600716	0.5166666666666667	0.5941666666666667
hsa-miR-3616-5p	GO:0150079	negative regulation of neuroinflammatory response	5	4	-0.30060318755284804	0.5166666666666667	0.817391304347826
NovelmiRNA-1756	GO:1900024	regulation of substrate adhesion-dependent cell spreading	5	11	0.4107037241145046	0.5528147466433507	0.7370863288578009
NovelmiRNA-3342	GO:0034446	substrate adhesion-dependent cell spreading	5	36	-0.42338679107610694	0.5594043441634876	0.5594043441634876
NovelmiRNA-3568	GO:0043374	CD8-positive, alpha-beta T cell differentiation	5	5	-0.4640333208276	0.5594043441634876	0.7924894875649409
NovelmiRNA-3568	GO:0050851	antigen receptor-mediated signaling pathway	5	22	-0.554109458628726	0.5594043441634876	0.7924894875649409
NovelmiRNA-1303	GO:0046718	symbiont entry into host cell	5	35	-0.5946880569800643	0.614384002810333	0.7372608033723996
NovelmiRNA-2786	GO:0002218	activation of innate immune response	5	73	0.06765538326820393	0.6833333333333333	0.82
NovelmiRNA-2786	GO:0046426	negative regulation of receptor signaling pathway via JAK-STAT	5	10	0.13613914106584496	0.6833333333333333	0.82
NovelmiRNA-2786	GO:0034446	substrate adhesion-dependent cell spreading	5	27	0.39571821499985255	0.6833333333333333	0.82
hsa-miR-206	GO:0030099	myeloid cell differentiation	5	42	0.11858170560780666	0.6833333333333333	0.95
hsa-miR-301b-3p	GO:0070231	T cell apoptotic process	5	5	-0.21658668940807932	0.6833333333333333	0.7143939393939394
hsa-miR-301b-3p	GO:0070227	lymphocyte apoptotic process	5	5	-0.21658668940807932	0.6833333333333333	0.7143939393939394
hsa-miR-3616-5p	GO:0071347	cellular response to interleukin-1	5	11	-0.07553895655102075	0.6833333333333333	0.817391304347826
hsa-miR-3616-5p	GO:2000406	positive regulation of T cell migration	5	7	-0.42939290561539495	0.6833333333333333	0.817391304347826
hsa-miR-3616-5p	GO:2000403	positive regulation of lymphocyte migration	5	7	-0.42939290561539495	0.6833333333333333	0.817391304347826
hsa-miR-3616-5p	GO:0070555	response to interleukin-1	5	13	0.021438971443922167	0.6833333333333333	0.817391304347826
hsa-miR-455-5p	GO:0032731	positive regulation of interleukin-1 beta production	5	6	0.11126725093087449	0.6833333333333333	0.985185185185185
hsa-miR-455-5p	GO:0141091	transforming growth factor beta receptor superfamily signaling pathway	5	23	-0.4373766096575959	0.6833333333333333	0.985185185185185
NovelmiRNA-1470	GO:0002683	negative regulation of immune system process	5	45	-0.14962471193325869	0.7176856442107864	0.8579446176050993
NovelmiRNA-1470	GO:0045088	regulation of innate immune response	5	42	-0.14580920854222093	0.7176856442107864	0.8579446176050993
NovelmiRNA-1470	GO:1900024	regulation of substrate adhesion-dependent cell spreading	5	10	-0.1037468150334577	0.7176856442107864	0.8579446176050993
NovelmiRNA-1470	GO:0034446	substrate adhesion-dependent cell spreading	5	14	-0.31818391953650804	0.7176856442107864	0.8579446176050993
NovelmiRNA-1303	GO:0046636	negative regulation of alpha-beta T cell activation	5	16	-0.012120489652594322	0.7405819415910722	0.7405819415910722
hsa-miR-3616-5p	GO:0035458	cellular response to interferon-beta	5	5	0.07304631701974598	0.7833333333333333	0.817391304347826
hsa-miR-3616-5p	GO:0071560	cellular response to transforming growth factor beta stimulus	5	25	0.03829858896518496	0.7833333333333333	0.817391304347826
hsa-miR-3616-5p	GO:0071356	cellular response to tumor necrosis factor	5	22	-0.25497948286021266	0.7833333333333333	0.817391304347826
hsa-miR-3616-5p	GO:0035456	response to interferon-beta	5	6	-0.011123808848411635	0.7833333333333333	0.817391304347826
hsa-miR-3616-5p	GO:0071559	response to transforming growth factor beta	5	27	0.031059879621219064	0.7833333333333333	0.817391304347826
NovelmiRNA-1470	GO:0050777	negative regulation of immune response	5	20	0.4353502162303925	0.8579446176050993	0.8579446176050993
NovelmiRNA-1470	GO:0045089	positive regulation of innate immune response	5	32	0.15643774799581348	0.8579446176050993	0.8579446176050993
NovelmiRNA-1756	GO:0034446	substrate adhesion-dependent cell spreading	5	16	0.13269204475828572	0.8695979205185651	0.8695979205185651
NovelmiRNA-2786	GO:0140374	antiviral innate immune response	5	18	0.36782902705443277	0.95	0.95
NovelmiRNA-2786	GO:0002720	positive regulation of cytokine production involved in immune response	5	25	0.2271642772643548	0.95	0.95
NovelmiRNA-78	GO:0042110	T cell activation	5	117	-0.4036946909527089	0.95	1
NovelmiRNA-78	GO:0033077	T cell differentiation in thymus	5	24	-0.10450124289240977	0.95	1
NovelmiRNA-78	GO:0032615	interleukin-12 production	5	19	0.011004145143796414	0.95	1
NovelmiRNA-78	GO:0007159	leukocyte cell-cell adhesion	5	89	-0.4062597345875	0.95	1
NovelmiRNA-78	GO:0050931	pigment cell differentiation	5	13	-0.038834379324589725	0.95	1
NovelmiRNA-78	GO:0032735	positive regulation of interleukin-12 production	5	16	0.012564087890755101	0.95	1
NovelmiRNA-78	GO:0032655	regulation of interleukin-12 production	5	19	0.011004145143796414	0.95	1
NovelmiRNA-78	GO:0045061	thymic T cell selection	5	10	-0.05426509186101894	0.95	1
hsa-miR-206	GO:0061515	myeloid cell development	5	14	-0.04985264537877759	0.95	0.95
hsa-miR-206	GO:0034097	response to cytokine	5	79	0.08210314473322436	0.95	0.95
hsa-miR-301b-3p	GO:0051133	regulation of NK T cell activation	5	2	-0.3519231642508949	0.95	0.95
hsa-miR-3065-5p	GO:0045637	regulation of myeloid cell differentiation	5	30	-0.3803315291929478	0.95	0.95
hsa-miR-3616-5p	GO:0071604	transforming growth factor beta production	5	6	0.11376342747915077	0.95	0.95
hsa-miR-455-5p	GO:0002253	activation of immune response	5	33	-0.12159788075229039	0.95	0.985185185185185
hsa-miR-455-5p	GO:0002218	activation of innate immune response	5	20	-0.10809607601664781	0.95	0.985185185185185
hsa-miR-455-5p	GO:0071560	cellular response to transforming growth factor beta stimulus	5	20	-0.4017360880498891	0.95	0.985185185185185
hsa-miR-455-5p	GO:0002429	immune response-activating cell surface receptor signaling pathway	5	22	-0.08146304711442519	0.95	0.985185185185185
hsa-miR-455-5p	GO:0002757	immune response-activating signaling pathway	5	33	-0.12159788075229039	0.95	0.985185185185185
hsa-miR-455-5p	GO:0002768	immune response-regulating cell surface receptor signaling pathway	5	23	-0.08258907238321939	0.95	0.985185185185185
hsa-miR-455-5p	GO:0002764	immune response-regulating signaling pathway	5	34	-0.12223758693649842	0.95	0.985185185185185
hsa-miR-455-5p	GO:0002220	innate immune response activating cell surface receptor signaling pathway	5	9	-0.028450783235092942	0.95	0.985185185185185
hsa-miR-455-5p	GO:0002758	innate immune response-activating signaling pathway	5	20	-0.10809607601664781	0.95	0.985185185185185
hsa-miR-455-5p	GO:0032608	interferon-beta production	5	6	-0.24789218734456586	0.95	0.985185185185185
hsa-miR-455-5p	GO:0030099	myeloid cell differentiation	5	26	-0.07360364303138293	0.95	0.985185185185185
hsa-miR-455-5p	GO:0002262	myeloid cell homeostasis	5	13	0.31035046645001985	0.95	0.985185185185185
hsa-miR-455-5p	GO:0032480	negative regulation of type I interferon production	5	6	-0.2758754911067258	0.95	0.985185185185185
hsa-miR-455-5p	GO:0031349	positive regulation of defense response	5	30	-0.10043838282205775	0.95	0.985185185185185
hsa-miR-455-5p	GO:0050778	positive regulation of immune response	5	42	-0.10412538738834998	0.95	0.985185185185185
hsa-miR-455-5p	GO:0045089	positive regulation of innate immune response	5	24	-0.10620801963818448	0.95	0.985185185185185
hsa-miR-455-5p	GO:0031347	regulation of defense response	5	43	-0.09754190832016461	0.95	0.985185185185185
hsa-miR-455-5p	GO:0050776	regulation of immune response	5	49	-0.09881889256507824	0.95	0.985185185185185
hsa-miR-455-5p	GO:0002682	regulation of immune system process	5	73	-0.18273604348284042	0.95	0.985185185185185
hsa-miR-455-5p	GO:0045088	regulation of innate immune response	5	28	-0.09986620064935015	0.95	0.985185185185185
hsa-miR-455-5p	GO:0032648	regulation of interferon-beta production	5	6	-0.24789218734456586	0.95	0.985185185185185
hsa-miR-455-5p	GO:0010803	regulation of tumor necrosis factor-mediated signaling pathway	5	7	-0.15075103847495805	0.95	0.985185185185185
hsa-miR-455-5p	GO:0032479	regulation of type I interferon production	5	11	-0.23684808186769676	0.95	0.985185185185185
hsa-miR-455-5p	GO:0071559	response to transforming growth factor beta	5	21	-0.3956881565622501	0.95	0.985185185185185
hsa-miR-455-5p	GO:0032606	type I interferon production	5	11	-0.23684808186769676	0.95	0.985185185185185
NovelmiRNA-3568	GO:0036037	CD8-positive, alpha-beta T cell activation	5	6	-0.17977310559421084	1	1
NovelmiRNA-3568	GO:0050860	negative regulation of T cell receptor signaling pathway	5	6	-0.2819630978446221	1	1
NovelmiRNA-3568	GO:0050858	negative regulation of antigen receptor-mediated signaling pathway	5	6	-0.2819630978446221	1	1
NovelmiRNA-3568	GO:2001185	regulation of CD8-positive, alpha-beta T cell activation	5	4	-0.04741204349560524	1	1
NovelmiRNA-3568	GO:0050854	regulation of antigen receptor-mediated signaling pathway	5	11	-0.30516149538201437	1	1
NovelmiRNA-78	GO:0045058	T cell selection	5	21	-0.2108750857557695	1	1
NovelmiRNA-78	GO:0045321	leukocyte activation	5	192	-0.45764918553802203	1	1
NovelmiRNA-78	GO:0071887	leukocyte apoptotic process	5	31	-0.2970236740372826	1	1
NovelmiRNA-78	GO:2000107	negative regulation of leukocyte apoptotic process	5	18	-0.14447149631315373	1	1
NovelmiRNA-78	GO:0043368	positive T cell selection	5	17	-0.22001525581257514	1	1
hsa-miR-455-5p	GO:0075509	endocytosis involved in viral entry into host cell	5	3	-0.05387360927210646	1	1
