miRNA	Genes	Term	Experiments	Support Type	Seq2	Max_Score	Max_Energy	Len1	Len2	Positions	GeneID	mirna_target_pearson_r	mirna_target_pearson_p	mb_vs_healthy_log2FC	mb_vs_healthy_padj	mb_vs_adj_log2FC	mb_vs_adj_padj
NovelmiRNA-1303	FGFR3	cellular response to macrophage colony-stimulating factor stimulus;macrophage colony-stimulating factor signaling pathway;response to macrophage colony-stimulating factor	NA	miRanda	ENST00000260795.8	142	-21	19	1490	1322	ENSG00000068078.20	-0.855592202610156	0.0644290162958279	-0.5067841575044567	0.3247079145518468	-2.394719564676605	2.2922162061702613e-4
NovelmiRNA-1303	NTRK2	cellular response to macrophage colony-stimulating factor stimulus;macrophage colony-stimulating factor signaling pathway;response to macrophage colony-stimulating factor	NA	miRanda	ENST00000687386.1	163	-24.83	19	554	60	ENSG00000148053.18	-0.7685465494688196	0.12892738266772902	-0.6788366354018597	0.20019594566549492	-1.3638642953406133	0.01341991774650295
NovelmiRNA-1303	TYRO3	cellular response to macrophage colony-stimulating factor stimulus;macrophage colony-stimulating factor signaling pathway;response to macrophage colony-stimulating factor	NA	miRanda	ENST00000263798.8	163	-24.83	19	5313	1762 4691 1355	ENSG00000092445.12	-0.7485508647291047	0.1455155429959681	-0.7337239547205108	0.1423821184368053	-0.9286981172520196	0.03357365181521946
NovelmiRNA-1756	IL17RA	interleukin-17-mediated signaling pathway	NA	miRanda	ENST00000612619.1	149	-23.07	18	5874	1465	ENSG00000177663.14	0.2332372640056358	0.705747982382313	-1.474101805608924	0.01968999438646639	-0.2593218180061786	0.6158170436964623
NovelmiRNA-1805	ERCC2	myeloid cell homeostasis	NA	miRanda	ENST00000684218.1	142	-20.04	24	3323	1231	ENSG00000104884.17	-0.968850378029725	0.006568608098196126	-0.04367797170671756	0.9363623880315218	-0.09754420100490196	0.8570690763382061
NovelmiRNA-1805	FECH	myeloid cell homeostasis	NA	miRanda	ENST00000585494.5	142	-22.91	24	1457	782	ENSG00000066926.13	-0.9359078326940192	0.019289520502437957	-0.9926826589883516	0.01006659096299964	-0.31220857483825293	0.5150915397738284
NovelmiRNA-1805	HIPK2	myeloid cell homeostasis	NA	miRanda	ENST00000406875.8	154	-25.05	24	11357	603 1022 5044	ENSG00000064393.16	-0.9457799068808974	0.015031774673912	-1.8682198393556655	0.01293740569529906	-0.8687226325348371	0.06736128318116466
NovelmiRNA-1805	ITPKB	myeloid cell homeostasis	NA	miRanda	ENST00000272117.8	142	-21.53	24	2981	1602	ENSG00000143772.11	-0.9302266133519782	0.021891235225472205	-0.28923108088438476	0.548299275885363	-1.376819795530123	0.01201803581159664
NovelmiRNA-1805	KCNQ1	myeloid cell homeostasis	NA	miRanda	ENST00000155840.12	148	-22.65	24	1102	183	ENSG00000053918.18	-0.9243722731108048	0.024681207858998064	-0.6847100026740338	0.20717895987797225	0.24836938721808577	0.6860285424057471
NovelmiRNA-1805	ZBTB7A	myeloid cell homeostasis	NA	miRanda	ENST00000322357.9	152	-23.34	24	4449	1002	ENSG00000178951.9	-0.8151817860331255	0.09268917973120254	-0.48558703752259863	0.275629039250422	-1.97088687287023	1.2228642842013737e-5
NovelmiRNA-2786	LRRK1	myeloid cell development	NA	miRanda	ENST00000388948.8	154	-29.25	18	9409	9040 5996 645 3683 2571	ENSG00000154237.13	-0.36783535938938283	0.5424442648733301	-1.6564477037673446	0.00209163484853266	-1.131191354697756	0.05025539407819014
NovelmiRNA-2786	TAL1	myeloid cell development	NA	miRanda	ENST00000371884.6	160	-24.97	18	3430	3299 2611	ENSG00000162367.12	-0.5699573084534123	0.3157781467098254	-1.8055261418507904	0.01127795263308612	-0.5146457211027817	0.3578350493600861
NovelmiRNA-2786	ZBTB7A	myeloid cell development	NA	miRanda	ENST00000322357.9	150	-24.06	18	4449	4132 2739	ENSG00000178951.9	-0.4869755022746519	0.40542541634477547	-0.48558703752259863	0.275629039250422	-1.97088687287023	1.2228642842013737e-5
NovelmiRNA-2872	CD69	T cell selection;positive T cell selection	NA	miRanda	ENST00000536709.1	143	-22.5	24	444	19	ENSG00000110848.8	-0.9003347970585567	0.03720041112780791	-0.3398272014380423	0.5107179969070252	0.5481382168532418	0.3219664115771952
NovelmiRNA-2872	CYLD	T cell selection;positive T cell selection	NA	miRanda	ENST00000562884.1	155	-24.48	24	410	238	ENSG00000083799.18	-0.9353224699100009	0.019552629786693112	-0.5588441637257499	0.21653529648449268	-0.6183399493671503	0.20706745671199717
NovelmiRNA-2872	DOCK2	T cell selection;positive T cell selection	NA	miRanda	ENST00000524185.5	158	-22.17	24	2524	1641	ENSG00000134516.19	-0.8910242296755583	0.04247165853540874	-0.680579345236649	0.23301491738698227	-0.2924022722435268	0.6156530706136883
NovelmiRNA-2872	IL12RB1	T cell selection;positive T cell selection	NA	miRanda	ENST00000322153.11	162	-34.1	24	647	180 337	ENSG00000096996.16	-0.9767144204687961	0.004250516238312156	-0.913948298876064	0.16817694757879603	-0.21407011842757695	NA
NovelmiRNA-2872	ITPKB	T cell selection;positive T cell selection	NA	miRanda	ENST00000272117.8	148	-30.18	24	2981	2788	ENSG00000143772.11	-0.9528398405463909	0.01220676201540824	-0.28923108088438476	0.548299275885363	-1.376819795530123	0.01201803581159664
NovelmiRNA-2872	JAK1	T cell selection;positive T cell selection	NA	miRanda	ENST00000671746.1	164	-28.92	24	4685	1466	ENSG00000162434.13	-0.9077213972298835	0.0331803388394107	0.07429320135111075	0.8610706549602414	0.3905076932776578	0.3634144792117792
NovelmiRNA-2872	JAK3	T cell selection;positive T cell selection	NA	miRanda	ENST00000458235.7	157	-30.09	24	1961	567	ENSG00000105639.20	-0.9634256911278767	0.00835027940179912	-1.3583915895117378	0.03925007962477382	-1.123446625502981	0.04702088179644489
NovelmiRNA-3342	CD81	myeloid cell differentiation	NA	miRanda	ENST00000263645.10	143	-23.5	22	531	3	ENSG00000110651.12	-0.8815278483023794	0.048071315253912825	-0.23961067426157065	0.5565554512075689	0.0275828103875416	0.9669888740506164
NovelmiRNA-3342	CSF3R	myeloid cell differentiation	NA	miRanda	ENST00000373106.6	156	-27.61	22	314	138	ENSG00000119535.18	-0.4579768163718459	0.4379647305052528	-3.3348283343807386	0.00180459840433779	-0.1646755394864979	0.7877346052097774
NovelmiRNA-3342	EPAS1	myeloid cell differentiation	NA	miRanda	ENST00000263734.5	147	-23.76	22	2037	1412	ENSG00000116016.14	-0.939832206412698	0.017555819585239097	-0.8319163412889181	0.08979478566399661	-0.8557855598868215	0.07334580464015825
NovelmiRNA-3342	FECH	myeloid cell differentiation	NA	miRanda	ENST00000262093.11	145	-20.07	22	6335	3656	ENSG00000066926.13	-0.869879781221726	0.05523159226610522	-0.9926826589883516	0.01006659096299964	-0.31220857483825293	0.5150915397738284
NovelmiRNA-3342	FLI1	myeloid cell differentiation	NA	miRanda	ENST00000429175.7	147	-28.66	22	2710	307	ENSG00000151702.17	-0.67440898558263	0.21178881922515366	-1.300256361668027	0.04555025273283196	-0.4173899415399549	0.4231551249161834
NovelmiRNA-3342	HIPK2	myeloid cell differentiation	NA	miRanda	ENST00000406875.8	149	-24.55	22	11357	2110 3822	ENSG00000064393.16	-0.7374693757501385	0.15495843725815164	-1.8682198393556655	0.01293740569529906	-0.8687226325348371	0.06736128318116466
NovelmiRNA-3342	INHBA	myeloid cell differentiation	NA	miRanda	ENST00000242208.5	154	-22.09	22	4536	529 423	ENSG00000122641.11	-0.9298212762316163	0.022080898135654968	-0.06016808916486381	0.9132838775335802	0.6299955170455833	0.2483080929448277
NovelmiRNA-3342	KLF13	myeloid cell differentiation	NA	miRanda	ENST00000307145.4	151	-27.5	22	5600	2898 5185	ENSG00000169926.11	-0.42819276643864335	0.47195929468985326	-0.12956058292636022	NA	-0.7953045201448208	0.03937652268283202
NovelmiRNA-3342	LRRK1	myeloid cell differentiation	NA	miRanda	ENST00000388948.8	171	-31.08	22	9409	473 2383 1416 963 783	ENSG00000154237.13	0.2679518188713689	0.6629608106450944	-1.6564477037673446	0.00209163484853266	-1.131191354697756	0.05025539407819014
NovelmiRNA-3342	MED1	myeloid cell differentiation	NA	miRanda	ENST00000577831.5	152	-20.96	22	4080	1213	ENSG00000125686.12	-0.9021033851380548	0.03622455049258166	0.5139198692323719	0.2268658713503365	0.7545697748411804	0.1068958292415743
NovelmiRNA-3342	MITF	myeloid cell differentiation	NA	miRanda	ENST00000478490.5	144	-26.23	22	1229	539	ENSG00000187098.18	-0.43382051341256417	0.46549355462823455	-1.6394652097769296	0.02227247971703309	-0.6030147679579869	0.2242506279801053
NovelmiRNA-3342	MPL	myeloid cell differentiation	NA	miRanda	ENST00000372470.9	153	-33.79	22	1694	180 535	ENSG00000117400.18	-0.6894707829255261	0.19776286512274813	-1.9632808396470305	0.00512394010851707	-0.3713758810345188	0.5285813544346623
NovelmiRNA-3342	NEDD9	myeloid cell differentiation	NA	miRanda	ENST00000448183.6	145	-21.44	22	4474	238	ENSG00000111859.17	-0.94318341987019	0.016117965055468773	-0.44525746342244366	0.30016025060955254	-0.3855312582635849	0.4400018843138015
NovelmiRNA-3342	NKAP	myeloid cell differentiation	NA	miRanda	ENST00000371410.5	143	-32.49	22	4548	2017	ENSG00000101882.10	-0.9744563419302663	0.004881883937254234	-0.4223833383718124	0.2505038102573655	0.01907105637258282	0.975949574722439
NovelmiRNA-3342	PDE2A	myeloid cell differentiation	NA	miRanda	ENST00000539367.5	143	-24.31	22	2831	1242	ENSG00000186642.16	0.10787347017167805	0.8629180795991375	-0.6737179750772437	0.2427437215225693	-1.2772301421703007	0.02618687455168393
NovelmiRNA-3342	PIK3CD	myeloid cell differentiation	NA	miRanda	ENST00000377346.9	140	-21.51	22	2068	1355	ENSG00000171608.17	-0.3481542389925719	0.565841742538878	-1.6967894541390292	0.00646391537461625	-0.6820923123036445	0.13830797518149987
NovelmiRNA-3342	PTPRJ	myeloid cell differentiation	NA	miRanda	ENST00000418331.7	160	-21.2	22	3477	527	ENSG00000149177.14	-0.6384334364335247	0.24633847857227967	-1.055953026390265	0.01773125865904616	-0.4592309898386201	0.2944500453721732
NovelmiRNA-3342	RAB7B	myeloid cell differentiation	NA	miRanda	ENST00000617070.5	149	-22.47	22	2111	1962	ENSG00000276600.5	-0.8944027051597195	0.04053326960029472	-0.7922984877737763	0.15942471362024396	-0.40544769389368474	0.48592149770097975
NovelmiRNA-3342	SH3PXD2A	myeloid cell differentiation	NA	miRanda	ENST00000369774.9	149	-25.14	22	7789	497 1393	ENSG00000107957.17	-0.6641726202616909	0.22147246311742647	-1.8025483978312216	8.527319874749214e-4	-0.8520672730863046	0.04305720472190069
NovelmiRNA-3342	SLC4A1	myeloid cell differentiation	NA	miRanda	ENST00000399246.3	150	-24.45	22	2068	296 490	ENSG00000004939.16	0.8252748965455498	0.08533826343543707	-2.0795384146666143	0.03504332474794113	-0.03722944822043966	0.9611493166049602
NovelmiRNA-3342	TET2	myeloid cell differentiation	NA	miRanda	ENST00000305737.6	146	-23.79	22	5331	4270 4182	ENSG00000168769.14	-0.8808187361127218	0.04849818593006835	0.1589724259821566	0.7069069537484479	0.16969796856933336	0.7229984560825458
NovelmiRNA-3342	ZBTB7A	myeloid cell differentiation	NA	miRanda	ENST00000322357.9	153	-26.23	22	4449	1941 2342	ENSG00000178951.9	-0.46833902986457854	0.42627166504930913	-0.48558703752259863	0.275629039250422	-1.97088687287023	1.2228642842013737e-5
NovelmiRNA-3342	ZFP36L1	myeloid cell differentiation	NA	miRanda	ENST00000439696.3	160	-23.03	22	1871	75	ENSG00000185650.10	-0.9327386802591324	0.020727697431044134	0.4618859612307712	0.2593924941028649	0.2221928451205196	0.6427817988913221
NovelmiRNA-78	AGER	T cell activation;interleukin-12 production;regulation of interleukin-12 production	NA	miRanda	ENST00000375067.7	146	-20.3	23	206	22	ENSG00000204305.16	-0.897079745837845	0.039017938263800865	-0.15492136452005778	0.7710682810091607	0.09847071793123328	0.8848190987870121
NovelmiRNA-78	ARMC5	T cell activation	NA	miRanda	ENST00000457010.6	142	-22.73	23	1965	409	ENSG00000140691.18	-0.9202038503672774	0.026732468696378887	-0.2734502024871809	0.4790389000936652	-0.2173783007170617	0.6558836602503073
NovelmiRNA-78	DUSP22	T cell activation	NA	miRanda	ENST00000605035.5	154	-23.54	23	768	70 23	ENSG00000112679.15	-0.5979702819641196	0.2868263972571061	-1.191466768014795	7.647477908765971e-7	-0.41271507922456696	0.3103145474181507
NovelmiRNA-78	GPAM	T cell activation	NA	miRanda	ENST00000369425.5	140	-26.77	23	3367	2428	ENSG00000119927.14	-0.67632985016143	0.20998515102646553	-0.29360798361494184	0.5321548820669572	-1.2140705114402557	0.00330618535803483
NovelmiRNA-78	HSH2D	T cell activation	NA	miRanda	ENST00000586872.5	159	-22.81	23	1028	459	ENSG00000196684.12	0.4031624069496234	0.5009440132001148	-2.783824285035241	0.01034782021256477	0.02321043536531364	NA
NovelmiRNA-78	ILDR2	T cell activation	NA	miRanda	ENST00000271417.8	147	-23.14	23	11168	9929 1594	ENSG00000143195.13	-0.6556200044657531	0.2296543049314412	-0.932606852968358	0.14099141680536273	-1.7647094514507553	0.00189029505584733
NovelmiRNA-78	ITPKB	T cell selection;positive T cell selection;thymic T cell selection;T cell activation	NA	miRanda	ENST00000272117.8	144	-22.93	23	2981	1448	ENSG00000143772.11	-0.30741454595265555	0.614843114661919	-0.28923108088438476	0.548299275885363	-1.376819795530123	0.01201803581159664
NovelmiRNA-78	JAK3	T cell selection;positive T cell selection;T cell activation;interleukin-12 production;regulation of interleukin-12 production	NA	miRanda	ENST00000458235.7	140	-24.9	23	1961	220	ENSG00000105639.20	-0.4253668631975823	0.47521321120341764	-1.3583915895117378	0.03925007962477382	-1.123446625502981	0.04702088179644489
NovelmiRNA-78	LMBR1L	T cell activation	NA	miRanda	ENST00000417750.5	145	-23.85	23	1983	614	ENSG00000139636.16	-0.9245638103781625	0.024588229024430648	0.5670070278064245	0.07645323602644018	0.6059180454610108	0.1701482107365156
NovelmiRNA-78	MAPK11	interleukin-12 production;regulation of interleukin-12 production	NA	miRanda	ENST00000417877.1	148	-26.55	23	1816	405	ENSG00000185386.15	-0.7544290063853569	0.14057786595986893	-0.39337201888404927	0.39261746396893343	-1.220667177702783	0.00288970963285511
NovelmiRNA-78	MEFV	interleukin-12 production;regulation of interleukin-12 production	NA	miRanda	ENST00000536980.5	145	-23.52	23	1735	159	ENSG00000103313.13	0.5475053485431787	0.3394854564092641	-2.5354654854830314	0.01415705078873119	-0.30147397757901884	0.6117543574392404
NovelmiRNA-78	PDPK1	T cell activation	NA	miRanda	ENST00000268673.11	141	-23.02	23	3328	786	ENSG00000140992.19	-0.9737904511187819	0.005073508355404649	-0.05977730250391005	0.909803569003423	-0.7159989083856322	0.06022959565007085
NovelmiRNA-78	PLCB1	interleukin-12 production;regulation of interleukin-12 production	NA	miRanda	ENST00000487210.5	145	-24.57	23	2037	1094	ENSG00000182621.18	-0.9452089475139144	0.015268503010158606	-0.5235683991757843	0.3247079145518468	-1.9892764282213091	9.80621145654796e-5
NovelmiRNA-78	PLXNA1	T cell activation	NA	miRanda	ENST00000393409.3	140	-31.11	23	3372	3056	ENSG00000114554.12	-0.8788102208450596	0.04971372073049647	0.12539741560468398	0.8141383707167771	0.01044563156332535	0.9862184272409222
NovelmiRNA-78	PPP3CA	T cell activation	NA	miRanda	ENST00000512215.5	142	-23.23	23	2456	1597	ENSG00000138814.17	-0.9924220425876298	7.909842251970054e-4	-0.08202274414726377	0.8828253127084071	-0.6036105795621055	0.17278308688833147
NovelmiRNA-78	RASGRP1	T cell activation	NA	miRanda	ENST00000414708.6	145	-20.23	23	698	288	ENSG00000172575.13	-0.9622554794160886	0.0087526690947842	-0.18938748808646064	0.7164723436254669	-0.9810170678643952	0.03504640489944684
NovelmiRNA-78	RORA	T cell activation	NA	miRanda	ENST00000335670.11	150	-21.43	23	9171	301	ENSG00000069667.16	-0.9134140029179606	0.03018442342844164	0.29303233276679397	0.4812784456570174	-0.4725277071470378	0.2787650117483875
NovelmiRNA-78	SIRPA	T cell activation	NA	miRanda	ENST00000622179.4	145	-21.65	23	3024	2683	ENSG00000198053.12	-0.6623472689019376	0.22321180059174134	-0.8062131750788001	0.1436884297692265	-1.484151185646829	0.00567285767555525
NovelmiRNA-78	THY1	T cell activation	NA	miRanda	ENST00000284240.10	140	-23.65	23	3932	2953	ENSG00000154096.14	-0.6772427497789222	0.20912946028824447	-0.2813903918097373	0.5829900115243193	-1.339859946742309	0.01891529396260257
NovelmiRNA-78	VSIR	T cell activation	NA	miRanda	ENST00000394957.8	160	-22.28	23	3697	2029 1332	ENSG00000107738.20	-0.4567322414308612	0.4393739278787094	-1.8120983698198216	0.00961578863485489	-1.0991481747625758	0.03247855828343726
NovelmiRNA-903	SIRPA	interferon-beta production;regulation of interferon-beta production	NA	miRanda	ENST00000400068.7	141	-20.9	21	2326	1206	ENSG00000198053.12	-0.676628769829977	0.20970485642433992	-0.8062131750788001	0.1436884297692265	-1.484151185646829	0.00567285767555525
hsa-miR-206	FBXW7	myeloid cell development;myeloid cell differentiation	CLIP-seq	Functional MTI (Weak)	NA	NA	NA	NA	NA	NA	NA	-0.3344692230926089	0.5822195555821845	-0.7476056458966704	0.1721424915438085	-1.1084719915296346	0.01611713213417783
hsa-miR-206	FECH	myeloid cell differentiation	CLIP-seq	Functional MTI (Weak)	NA	NA	NA	NA	NA	NA	NA	-0.2689222815180872	0.661770530378686	-0.9926826589883516	0.01006659096299964	-0.31220857483825293	0.5150915397738284
hsa-miR-206	KLF13	myeloid cell differentiation	PAR-CLIP	Functional MTI (Weak)	NA	NA	NA	NA	NA	NA	NA	0.066000584324075	0.9160264961562977	-0.12956058292636022	NA	-0.7953045201448208	0.03937652268283202
hsa-miR-206	PRKCA	myeloid cell differentiation	CLIP-seq	Functional MTI (Weak)	NA	NA	NA	NA	NA	NA	NA	-0.7629826867061416	0.13348330075250467	-0.2121434556255688	0.6755701582699195	-1.0964245998681506	0.03655142807673096
hsa-miR-206	SLC4A1	myeloid cell development;myeloid cell differentiation	CLIP-seq	Functional MTI (Weak)	NA	NA	NA	NA	NA	NA	NA	-0.19567036594801762	0.7524637787173591	-2.0795384146666143	0.03504332474794113	-0.03722944822043966	0.9611493166049602
hsa-miR-301b-3p	QKI	regulation of type I interferon production;type I interferon production	PAR-CLIP	Functional MTI (Weak)	NA	NA	NA	NA	NA	NA	NA	-0.9779752391719905	0.003910755418959756	-1.2003194232223893	0.04437705944281638	-0.2402285335079048	0.6261218155463075
hsa-miR-301b-3p	ZBTB16	regulation of alpha-beta T cell activation	PAR-CLIP	Functional MTI (Weak)	NA	NA	NA	NA	NA	NA	NA	-0.7743136406441092	0.12425503879724473	-1.3270969487811466	0.0214627765326855	-1.5131193756696115	8.163383917900784e-5
hsa-miR-3065-5p	CNOT4	myeloid cell differentiation;regulation of myeloid cell differentiation	CLIP-seq	Functional MTI (Weak)	NA	NA	NA	NA	NA	NA	NA	-0.911069633917959	0.03140720186255713	0.2329563400810287	0.4687214099381698	0.16304489883523515	0.7406333657688915
hsa-miR-3065-5p	EPAS1	myeloid cell differentiation	CLIP-seq	Functional MTI (Weak)	NA	NA	NA	NA	NA	NA	NA	-0.9020104341573609	0.03627563188714011	-0.8319163412889181	0.08979478566399661	-0.8557855598868215	0.07334580464015825
hsa-miR-3065-5p	FOXP1	myeloid cell differentiation;regulation of myeloid cell differentiation	CLIP-seq	Functional MTI (Weak)	NA	NA	NA	NA	NA	NA	NA	-0.9369993366313389	0.018802011010564914	-0.4943929722667339	0.24272532866204471	-0.6260496391007883	0.1424969907734588
hsa-miR-3065-5p	HIPK2	myeloid cell differentiation	CLIP-seq	Functional MTI (Weak)	NA	NA	NA	NA	NA	NA	NA	-0.7833722416107841	0.11702099959400922	-1.8682198393556655	0.01293740569529906	-0.8687226325348371	0.06736128318116466
hsa-miR-3065-5p	ITPKB	myeloid cell differentiation;regulation of myeloid cell differentiation	PAR-CLIP	Functional MTI (Weak)	NA	NA	NA	NA	NA	NA	NA	-0.48527178172106994	0.4073210970147368	-0.28923108088438476	0.548299275885363	-1.376819795530123	0.01201803581159664
hsa-miR-3065-5p	KLF13	myeloid cell differentiation;regulation of myeloid cell differentiation	CLIP-seq	Functional MTI (Weak)	NA	NA	NA	NA	NA	NA	NA	-0.6649293633932224	0.220752483202469	-0.12956058292636022	NA	-0.7953045201448208	0.03937652268283202
hsa-miR-3065-5p	NCOA6	myeloid cell differentiation	CLIP-seq	Functional MTI (Weak)	NA	NA	NA	NA	NA	NA	NA	-0.9872265428289233	0.0017296676941106575	0.47586095439105913	0.23188070910783143	0.30158192469724104	0.49504456894872384
hsa-miR-3065-5p	NFKBIA	myeloid cell differentiation;regulation of myeloid cell differentiation	CLIP-seq	Functional MTI (Weak)	NA	NA	NA	NA	NA	NA	NA	-0.9447493843064287	0.01545991806781462	-1.087819175744553	0.05809685971578034	-0.12016773160966088	0.8367425440066399
hsa-miR-3065-5p	PAFAH1B1	myeloid cell differentiation	CLIP-seq	Functional MTI (Weak)	NA	NA	NA	NA	NA	NA	NA	-0.8948111468182807	0.040300885896040126	-0.19765001800169468	0.6812750151680547	-0.26695916733525915	0.5637628798983567
hsa-miR-3065-5p	PIK3R1	myeloid cell differentiation;regulation of myeloid cell differentiation	CLIP-seq	Functional MTI (Weak)	NA	NA	NA	NA	NA	NA	NA	-0.6967138903394549	0.19111509923425815	-1.4373971753734291	0.00882509300307582	-1.2852188441771069	0.00560121867635345
hsa-miR-3065-5p	PTPRJ	myeloid cell differentiation	CLIP-seq	Functional MTI (Weak)	NA	NA	NA	NA	NA	NA	NA	-0.7595672863538971	0.13630306688751562	-1.055953026390265	0.01773125865904616	-0.4592309898386201	0.2944500453721732
hsa-miR-3065-5p	SH3PXD2A	myeloid cell differentiation	CLIP-seq	Functional MTI (Weak)	NA	NA	NA	NA	NA	NA	NA	-0.7075508515806676	0.1812904355879196	-1.8025483978312216	8.527319874749214e-4	-0.8520672730863046	0.04305720472190069
hsa-miR-3065-5p	SNRK	myeloid cell differentiation	HITS-CLIP	Functional MTI (Weak)	NA	NA	NA	NA	NA	NA	NA	-0.8823790724204327	0.047560475316221415	0.08205013861951876	0.877480404668867	-0.17138978048657466	0.741201516919251
hsa-miR-3065-5p	TET2	myeloid cell differentiation	CLIP-seq	Functional MTI (Weak)	NA	NA	NA	NA	NA	NA	NA	-0.9625449342834911	0.00865255915146993	0.1589724259821566	0.7069069537484479	0.16969796856933336	0.7229984560825458
hsa-miR-3616-5p	CCL5	cellular response to interleukin-1;response to interleukin-1	CLIP-seq	Functional MTI (Weak)	NA	NA	NA	NA	NA	NA	NA	-0.9738043966643586	0.0050694703312622645	-1.2393003248389605	0.10953201711685516	0.0068061541265823	0.993460310514955
hsa-miR-3616-5p	HCN1	response to interferon-beta;cellular response to interferon-beta	CLIP-seq	Functional MTI (Weak)	NA	NA	NA	NA	NA	NA	NA	-0.08499883918289014	0.8919065743209651	-0.46122410923654616	0.3802549357610855	-2.345469092146123	5.8912837918848945e-5
hsa-miR-3616-5p	IRAK4	cellular response to interleukin-1;response to interleukin-1	CLIP-seq	Functional MTI (Weak)	NA	NA	NA	NA	NA	NA	NA	-0.995194407312523	3.996142723090974e-4	-0.3642848383441827	0.43789981167777287	0.243688531189335	0.6514494431267666
hsa-miR-378i	PIP4K2A	myeloid cell development	CLIP-seq	Functional MTI (Weak)	NA	NA	NA	NA	NA	NA	NA	-0.38040352921998516	0.5276041840236453	-1.7039437296734583	0.03306576745437586	-0.34696860867286305	0.5319354744918569
hsa-miR-378i	SIRPA	interferon-beta production;regulation of interferon-beta production	CLIP-seq	Functional MTI (Weak)	NA	NA	NA	NA	NA	NA	NA	0.04691694658017433	0.9402854108712907	-0.8062131750788001	0.1436884297692265	-1.484151185646829	0.00567285767555525
hsa-miR-455-5p	FCAR	myeloid cell homeostasis	CLIP-seq	Functional MTI (Weak)	NA	NA	NA	NA	NA	NA	NA	-0.9538705665428726	0.011810626988057613	-0.9579272758939532	NA	0.1894097253869904	NA
hsa-miR-455-5p	MEF2C	myeloid cell differentiation	CLIP-seq	Functional MTI (Weak)	NA	NA	NA	NA	NA	NA	NA	-0.14922358306464506	0.8107101405800512	-3.414401183906563	1.3966002515953993e-4	-2.153854216615071	0.00218755440303869
hsa-miR-455-5p	NCSTN	myeloid cell homeostasis	Luciferase reporter assay//ELISA	Functional MTI	NA	NA	NA	NA	NA	NA	NA	-0.8911573123587287	0.042394759624551324	-0.07117879852300886	0.8914522441767958	0.5355673162823169	0.25675271019711954
hsa-miR-455-5p	PIK3R1	myeloid cell differentiation	HITS-CLIP	Functional MTI (Weak)	NA	NA	NA	NA	NA	NA	NA	-0.08634489937868088	0.8901990185362745	-1.4373971753734291	0.00882509300307582	-1.2852188441771069	0.00560121867635345
hsa-miR-455-5p	PTPRJ	myeloid cell differentiation	CLIP-seq	Functional MTI (Weak)	NA	NA	NA	NA	NA	NA	NA	-0.12217685190069273	0.8448274850095432	-1.055953026390265	0.01773125865904616	-0.4592309898386201	0.2944500453721732
hsa-miR-455-5p	QKI	myeloid cell differentiation;regulation of type I interferon production;type I interferon production	PAR-CLIP	Functional MTI (Weak)	NA	NA	NA	NA	NA	NA	NA	-0.496141197732466	0.39526261159148585	-1.2003194232223893	0.04437705944281638	-0.2402285335079048	0.6261218155463075
hsa-miR-455-5p	SH3PXD2A	myeloid cell differentiation	CLIP-seq	Functional MTI (Weak)	NA	NA	NA	NA	NA	NA	NA	-0.23591564093296413	0.7024329210144811	-1.8025483978312216	8.527319874749214e-4	-0.8520672730863046	0.04305720472190069
