Pathway	GO.ID
GOBP_ADENYLATE_CYCLASE_ACTIVATING_ADRENERGIC_RECEPTOR_SIGNALING_PATHWAY	GO:0071880
GOBP_ADRENERGIC_RECEPTOR_SIGNALING_PATHWAY	GO:0071875
GOBP_AMINO_ACID_NEUROTRANSMITTER_REUPTAKE	GO:0051933
GOBP_ANTEROGRADE_DENDRITIC_TRANSPORT_OF_NEUROTRANSMITTER_RECEPTOR_COMPLEX	GO:0098971
GOBP_CALCIUM_DEPENDENT_CELL_CELL_ADHESION_VIA_PLASMA_MEMBRANE_CELL_ADHESION_MOLECULES	GO:0016339
GOBP_CALCIUM_INDEPENDENT_CELL_CELL_ADHESION_VIA_PLASMA_MEMBRANE_CELL_ADHESION_MOLECULES	GO:0016338
GOBP_CALCIUM_ION_REGULATED_EXOCYTOSIS_OF_NEUROTRANSMITTER	GO:0048791
GOBP_CARDIAC_MUSCLE_CELL_CARDIAC_MUSCLE_CELL_ADHESION	GO:0086042
GOBP_CELL_ADHESION_INVOLVED_IN_HEART_MORPHOGENESIS	GO:0061343
GOBP_CELL_ADHESION_MEDIATED_BY_INTEGRIN	GO:0033627
GOBP_CELL_ADHESION_MOLECULE_PRODUCTION	GO:0060352
GOBP_CELL_CELL_ADHESION	GO:0098609
GOBP_CELL_CELL_ADHESION_INVOLVED_IN_GASTRULATION	GO:0070586
GOBP_CELL_CELL_ADHESION_MEDIATED_BY_CADHERIN	GO:0044331
GOBP_CELL_CELL_ADHESION_MEDIATED_BY_INTEGRIN	GO:0033631
GOBP_CELL_CELL_ADHESION_VIA_PLASMA_MEMBRANE_ADHESION_MOLECULES	GO:0098742
GOBP_CEREBRAL_CORTEX_GABAERGIC_INTERNEURON_DEVELOPMENT	GO:0021894
GOBP_CEREBRAL_CORTEX_GABAERGIC_INTERNEURON_DIFFERENTIATION	GO:0021892
GOBP_CHEMICAL_SYNAPTIC_TRANSMISSION_POSTSYNAPTIC	GO:0099565
GOBP_EPITHELIAL_CELL_CELL_ADHESION	GO:0090136
GOBP_GABAERGIC_NEURON_DIFFERENTIATION	GO:0097154
GOBP_GEPHYRIN_CLUSTERING_INVOLVED_IN_POSTSYNAPTIC_DENSITY_ASSEMBLY	GO:0097116
GOBP_G_PROTEIN_COUPLED_PURINERGIC_NUCLEOTIDE_RECEPTOR_SIGNALING_PATHWAY	GO:0035589
GOBP_G_PROTEIN_COUPLED_PURINERGIC_RECEPTOR_SIGNALING_PATHWAY	GO:0035588
GOBP_HETEROPHILIC_CELL_CELL_ADHESION_VIA_PLASMA_MEMBRANE_CELL_ADHESION_MOLECULES	GO:0007157
GOBP_HETEROTYPIC_CELL_CELL_ADHESION	GO:0034113
GOBP_HOMOPHILIC_CELL_ADHESION_VIA_PLASMA_MEMBRANE_ADHESION_MOLECULES	GO:0007156
GOBP_HOMOTYPIC_CELL_CELL_ADHESION	GO:0034109
GOBP_INHIBITORY_POSTSYNAPTIC_POTENTIAL	GO:0060080
GOBP_LEUKOCYTE_CELL_CELL_ADHESION	GO:0007159
GOBP_MAINTENANCE_OF_POSTSYNAPTIC_SPECIALIZATION_STRUCTURE	GO:0098880
GOBP_MODIFICATION_OF_POSTSYNAPTIC_ACTIN_CYTOSKELETON	GO:0098885
GOBP_MODIFICATION_OF_POSTSYNAPTIC_STRUCTURE	GO:0099010
GOBP_MODULATION_OF_EXCITATORY_POSTSYNAPTIC_POTENTIAL	GO:0098815
GOBP_NEGATIVE_REGULATION_OF_ADENYLATE_CYCLASE_ACTIVATING_ADRENERGIC_RECEPTOR_SIGNALING_PATHWAY	GO:0071878
GOBP_NEGATIVE_REGULATION_OF_CELL_ADHESION	GO:0007162
GOBP_NEGATIVE_REGULATION_OF_CELL_ADHESION_MEDIATED_BY_INTEGRIN	GO:0033629
GOBP_NEGATIVE_REGULATION_OF_CELL_ADHESION_MOLECULE_PRODUCTION	GO:0060354
GOBP_NEGATIVE_REGULATION_OF_CELL_CELL_ADHESION	GO:0022408
GOBP_NEGATIVE_REGULATION_OF_CELL_CELL_ADHESION_MEDIATED_BY_CADHERIN	GO:2000048
GOBP_NEGATIVE_REGULATION_OF_EXCITATORY_POSTSYNAPTIC_POTENTIAL	GO:0090394
GOBP_NEGATIVE_REGULATION_OF_HOMOTYPIC_CELL_CELL_ADHESION	GO:0034111
GOBP_NEGATIVE_REGULATION_OF_LEUKOCYTE_CELL_CELL_ADHESION	GO:1903038
GOBP_NEGATIVE_REGULATION_OF_NEUROTRANSMITTER_SECRETION	GO:0046929
GOBP_NEGATIVE_REGULATION_OF_NEUROTRANSMITTER_TRANSPORT	GO:0051589
GOBP_NEGATIVE_REGULATION_OF_SYNAPTIC_TRANSMISSION_GABAERGIC	GO:0032229
GOBP_NEGATIVE_REGULATION_OF_SYNAPTIC_TRANSMISSION_GLUTAMATERGIC	GO:0051967
GOBP_NEGATIVE_REGULATION_OF_SYNAPTIC_VESICLE_EXOCYTOSIS	GO:2000301
GOBP_NEURON_CELL_CELL_ADHESION	GO:0007158
GOBP_NEUROTRANSMITTER_GATED_ION_CHANNEL_CLUSTERING	GO:0072578
GOBP_NEUROTRANSMITTER_LOADING_INTO_SYNAPTIC_VESICLE	GO:0098700
GOBP_NEUROTRANSMITTER_RECEPTOR_INTERNALIZATION	GO:0099590
GOBP_NEUROTRANSMITTER_RECEPTOR_LOCALIZATION_TO_POSTSYNAPTIC_SPECIALIZATION_MEMBRANE	GO:0099645
GOBP_NEUROTRANSMITTER_RECEPTOR_TRANSPORT	GO:0099637
GOBP_NEUROTRANSMITTER_RECEPTOR_TRANSPORT_ENDOSOME_TO_POSTSYNAPTIC_MEMBRANE	GO:0098887
GOBP_NEUROTRANSMITTER_RECEPTOR_TRANSPORT_POSTSYNAPTIC_ENDOSOME_TO_LYSOSOME	GO:0098943
GOBP_NEUROTRANSMITTER_RECEPTOR_TRANSPORT_TO_PLASMA_MEMBRANE	GO:0098877
GOBP_NEUROTRANSMITTER_REUPTAKE	GO:0098810
GOBP_NEUROTRANSMITTER_SECRETION	GO:0007269
GOBP_NEUROTRANSMITTER_TRANSPORT	GO:0006836
GOBP_NEUROTRANSMITTER_UPTAKE	GO:0001504
GOBP_NORADRENERGIC_NEURON_DEVELOPMENT	GO:0003358
GOBP_NORADRENERGIC_NEURON_DIFFERENTIATION	GO:0003357
GOBP_POSITIVE_REGULATION_OF_CELL_ADHESION	GO:0045785
GOBP_POSITIVE_REGULATION_OF_CELL_ADHESION_MEDIATED_BY_INTEGRIN	GO:0033630
GOBP_POSITIVE_REGULATION_OF_CELL_ADHESION_MOLECULE_PRODUCTION	GO:0060355
GOBP_POSITIVE_REGULATION_OF_CELL_CELL_ADHESION	GO:0022409
GOBP_POSITIVE_REGULATION_OF_CELL_CELL_ADHESION_MEDIATED_BY_CADHERIN	GO:2000049
GOBP_POSITIVE_REGULATION_OF_CELL_CELL_ADHESION_MEDIATED_BY_INTEGRIN	GO:0033634
GOBP_POSITIVE_REGULATION_OF_EXCITATORY_POSTSYNAPTIC_POTENTIAL	GO:2000463
GOBP_POSITIVE_REGULATION_OF_HETEROTYPIC_CELL_CELL_ADHESION	GO:0034116
GOBP_POSITIVE_REGULATION_OF_HOMOTYPIC_CELL_CELL_ADHESION	GO:0034112
GOBP_POSITIVE_REGULATION_OF_LEUKOCYTE_CELL_CELL_ADHESION	GO:1903039
GOBP_POSITIVE_REGULATION_OF_NEUROTRANSMITTER_SECRETION	GO:0001956
GOBP_POSITIVE_REGULATION_OF_NEUROTRANSMITTER_TRANSPORT	GO:0051590
GOBP_POSITIVE_REGULATION_OF_NEUROTRANSMITTER_UPTAKE	GO:0051582
GOBP_POSITIVE_REGULATION_OF_SYNAPTIC_TRANSMISSION_GABAERGIC	GO:0032230
GOBP_POSITIVE_REGULATION_OF_SYNAPTIC_TRANSMISSION_GLUTAMATERGIC	GO:0051968
GOBP_POSITIVE_REGULATION_OF_SYNAPTIC_VESICLE_ENDOCYTOSIS	GO:1900244
GOBP_POSITIVE_REGULATION_OF_SYNAPTIC_VESICLE_RECYCLING	GO:1903423
GOBP_POSTSYNAPTIC_CYTOSKELETON_ORGANIZATION	GO:0099188
GOBP_POSTSYNAPTIC_DENSITY_PROTEIN_95_CLUSTERING	GO:0097119
GOBP_POSTSYNAPTIC_MEMBRANE_ASSEMBLY	GO:0097104
GOBP_POSTSYNAPTIC_MEMBRANE_ORGANIZATION	GO:0001941
GOBP_POSTSYNAPTIC_MODULATION_OF_CHEMICAL_SYNAPTIC_TRANSMISSION	GO:0099170
GOBP_POSTSYNAPTIC_NEUROTRANSMITTER_RECEPTOR_INTERNALIZATION	GO:0098884
GOBP_POSTSYNAPTIC_SIGNAL_TRANSDUCTION	GO:0098926
GOBP_POSTSYNAPTIC_SPECIALIZATION_ASSEMBLY	GO:0098698
GOBP_POSTSYNAPTIC_SPECIALIZATION_ORGANIZATION	GO:0099084
GOBP_PURINERGIC_NUCLEOTIDE_RECEPTOR_SIGNALING_PATHWAY	GO:0035590
GOBP_REGULATION_OF_CELL_ADHESION	GO:0030155
GOBP_REGULATION_OF_CELL_ADHESION_MEDIATED_BY_INTEGRIN	GO:0033628
GOBP_REGULATION_OF_CELL_CELL_ADHESION	GO:0022407
GOBP_REGULATION_OF_CELL_CELL_ADHESION_MEDIATED_BY_CADHERIN	GO:2000047
GOBP_REGULATION_OF_CELL_CELL_ADHESION_MEDIATED_BY_INTEGRIN	GO:0033632
GOBP_REGULATION_OF_HETEROTYPIC_CELL_CELL_ADHESION	GO:0034114
GOBP_REGULATION_OF_HOMOPHILIC_CELL_ADHESION	GO:1903385
GOBP_REGULATION_OF_HOMOTYPIC_CELL_CELL_ADHESION	GO:0034110
GOBP_REGULATION_OF_MODIFICATION_OF_POSTSYNAPTIC_STRUCTURE	GO:0099159
GOBP_REGULATION_OF_NEUROTRANSMITTER_RECEPTOR_ACTIVITY	GO:0099601
GOBP_REGULATION_OF_NEUROTRANSMITTER_RECEPTOR_LOCALIZATION_TO_POSTSYNAPTIC_SPECIALIZATION_MEMBRANE	GO:0098696
GOBP_REGULATION_OF_NEUROTRANSMITTER_TRANSPORT	GO:0051588
GOBP_REGULATION_OF_NEUROTRANSMITTER_UPTAKE	GO:0051580
GOBP_REGULATION_OF_POSTSYNAPTIC_CYTOSOLIC_CALCIUM_ION_CONCENTRATION	GO:0099566
GOBP_REGULATION_OF_POSTSYNAPTIC_DENSITY_ORGANIZATION	GO:1905874
GOBP_REGULATION_OF_POSTSYNAPTIC_MEMBRANE_NEUROTRANSMITTER_RECEPTOR_LEVELS	GO:0099072
GOBP_REGULATION_OF_POSTSYNAPTIC_MEMBRANE_POTENTIAL	GO:0060078
GOBP_REGULATION_OF_POSTSYNAPTIC_NEUROTRANSMITTER_RECEPTOR_ACTIVITY	GO:0098962
GOBP_REGULATION_OF_POSTSYNAPTIC_NEUROTRANSMITTER_RECEPTOR_INTERNALIZATION	GO:0099149
GOBP_REGULATION_OF_POSTSYNAPTIC_SPECIALIZATION_ASSEMBLY	GO:0099150
GOBP_REGULATION_OF_SYNAPTIC_TRANSMISSION_CHOLINERGIC	GO:0032222
GOBP_REGULATION_OF_SYNAPTIC_TRANSMISSION_GABAERGIC	GO:0032228
GOBP_REGULATION_OF_SYNAPTIC_TRANSMISSION_GLUTAMATERGIC	GO:0051966
GOBP_REGULATION_OF_SYNAPTIC_VESICLE_CLUSTERING	GO:2000807
GOBP_REGULATION_OF_SYNAPTIC_VESICLE_CYCLE	GO:0098693
GOBP_REGULATION_OF_SYNAPTIC_VESICLE_ENDOCYTOSIS	GO:1900242
GOBP_REGULATION_OF_SYNAPTIC_VESICLE_EXOCYTOSIS	GO:2000300
GOBP_REGULATION_OF_SYNAPTIC_VESICLE_MEMBRANE_ORGANIZATION	GO:1901632
GOBP_REGULATION_OF_SYNAPTIC_VESICLE_PRIMING	GO:0010807
GOBP_REGULATION_OF_SYNAPTIC_VESICLE_RECYCLING	GO:1903421
GOBP_REGULATION_OF_SYNAPTIC_VESICLE_TRANSPORT	GO:1902803
GOBP_SPONTANEOUS_NEUROTRANSMITTER_SECRETION	GO:0061669
GOBP_SYNAPTIC_TRANSMISSION_CHOLINERGIC	GO:0007271
GOBP_SYNAPTIC_TRANSMISSION_GABAERGIC	GO:0051932
GOBP_SYNAPTIC_TRANSMISSION_GLUTAMATERGIC	GO:0035249
GOBP_SYNAPTIC_VESICLE_BUDDING	GO:0070142
GOBP_SYNAPTIC_VESICLE_CLUSTERING	GO:0097091
GOBP_SYNAPTIC_VESICLE_CYTOSKELETAL_TRANSPORT	GO:0099514
GOBP_SYNAPTIC_VESICLE_DOCKING	GO:0016081
GOBP_SYNAPTIC_VESICLE_ENDOSOMAL_PROCESSING	GO:0099532
GOBP_SYNAPTIC_VESICLE_EXOCYTOSIS	GO:0016079
GOBP_SYNAPTIC_VESICLE_LOCALIZATION	GO:0097479
GOBP_SYNAPTIC_VESICLE_MATURATION	GO:0016188
GOBP_SYNAPTIC_VESICLE_MEMBRANE_ORGANIZATION	GO:0048499
GOBP_SYNAPTIC_VESICLE_PRIMING	GO:0016082
GOBP_SYNAPTIC_VESICLE_RECYCLING	GO:0036465
GOBP_SYNAPTIC_VESICLE_RECYCLING_VIA_ENDOSOME	GO:0036466
GOBP_SYNAPTIC_VESICLE_TRANSPORT	GO:0048489
GOBP_SYNAPTIC_VESICLE_UNCOATING	GO:0016191
