miRNA	col_cluster
hsa-miR-6499-5p	1
hsa-miR-135b-5p	1
hsa-miR-362-5p	1
hsa-miR-450a-5p	2
hsa-miR-9983-3p	2
hsa-miR-208b-3p	2
hsa-miR-19a-3p	2
hsa-miR-19b-1-3p	2
hsa-miR-19b-2-3p	2
hsa-miR-582-5p	3
hsa-miR-16-5p	3
hsa-miR-28-3p	3
hsa-miR-130a-3p	3
hsa-miR-25-3p	3
hsa-miR-3144-3p	3
hsa-miR-320b	3
hsa-miR-320c	3
hsa-miR-320d	3
hsa-miR-576-5p	3
hsa-miR-185-5p	3
hsa-miR-935	3
hsa-miR-221-3p	3
hsa-miR-210-3p	3
hsa-miR-21-5p	3
hsa-miR-892b	3
hsa-miR-760	4
hsa-miR-342-3p	4
hsa-miR-1249-3p	4
hsa-miR-3943	4
hsa-miR-129-5p	4
hsa-miR-6842-3p	4
hsa-miR-873-3p	4
hsa-miR-766-3p	4
hsa-miR-328-3p	4
hsa-miR-516a-5p	4
hsa-miR-671-5p	4
hsa-miR-548av-5p	4
hsa-miR-504-5p	4
hsa-miR-491-5p	4
hsa-miR-501-3p	4
hsa-miR-486-5p	4
hsa-miR-6733-3p	4
