gene_symbol,baseMean,log2FoldChange,lfcSE,pvalue,padj
HBA2,53915.25796043693,-2.0603108815678244,1.538296379480965,1.5735804285234816e-4,0.02937573943249647
PTGDS,5944.501810016583,-1.3206996961460795,0.6237924442950377,3.486517619333114e-4,0.04367827720264117
RN7SL3,5262.215124977065,-1.9887696217556867,0.4070367690390491,1.9137000405581517e-7,3.492343099015247e-4
TP53INP2,8358.668921627845,-2.279304642305007,0.8560568314790603,7.010431089415498e-5,0.01895326301569259
HBB,31787.114553663512,-2.3177452464386405,1.537190291374695,8.397785648475555e-5,0.02054999682796029
PKP4,5168.2205112181455,-1.619760201513696,0.8066914338621111,4.016845657621778e-4,0.04806825303620728
CNN3,2437.242964563487,1.190794886645543,0.3608764982543099,1.5526412481041744e-5,0.0081735399517839
SOX9,2647.6533246474196,1.7092670016895544,0.4206934861700264,4.159097192730762e-6,0.00337333590457818
EGFR,4366.953471678423,2.626623365198796,0.9170433740742804,2.8342094786708468e-5,0.01070109540920911
RPS23,1809.553790281669,-0.8408667079163604,0.4056365938933689,2.8299461052966405e-4,0.04024220114278645
MTATP6P1,5113.523208395442,-2.5072897551116275,0.95819784271355,5.01539702388841e-5,0.01546932104593412
HBA1,9664.553046411384,-1.7143565851596174,1.4637729534426962,4.334676850788187e-4,0.04996057281863711
PAQR6,3607.494121083387,-1.9637026186402755,0.9258254836130528,2.3697062969947735e-4,0.03592397050056173
SELENOW,1580.8501300632988,-0.7863770894924308,0.32750760422488234,9.617650141508904e-5,0.02200193833129267
SOX11,1619.029620494318,2.2696975946768325,0.9812014138389904,1.141763182387645e-4,0.02427521546709421
CENPF,763.9460788694197,2.177678474423866,1.203288922041674,2.0580026778690264e-4,0.03352445809263141
MKI67,982.2679234468512,2.578307761104525,1.3370136734033709,5.774780526940562e-5,0.01621306650762453
YAP1,910.2502418759796,1.7540438988831015,0.4659008551296796,9.847554427363927e-6,0.00594602408908406
SALL3,999.849525930144,2.2263544480156345,0.783911564863036,5.666099358645044e-5,0.01621306650762453
CCDC144A,471.13256811164234,1.6117711231713658,0.6618889013433474,0.00018242690348347151,0.03187344492100456
TOP2A,302.84828999475536,2.9895982991146925,1.166929242951681,1.4201361181833882e-5,0.0077748902130245
LAMA2,328.07411992230016,-1.5382325587788457,0.5424920463613504,7.993833632732192e-5,0.02015933358779942
Telomerase-vert,612.1443960454204,1.844061786621664,1.0333990677124714,4.313042396062718e-4,0.04996057281863711
XACT,957.7540431016986,-3.337543793434168,1.0341409050375283,2.493839209722119e-6,0.00237446021103063
NET1,753.1587924288667,-2.1140499481021733,0.2991147926288742,3.669430912223516e-13,2.4534791423102782e-9
EVI5L,789.0868957433657,-1.1286598551567066,0.47854101044506286,1.72531124948778e-4,0.03071755370124625
H2BC5,457.41983768500177,1.654994624363308,0.6375479135888715,1.3246262387641631e-4,0.02661283486485909
MEX3A,529.659870886511,2.705516226272772,0.938730151093246,2.334898146078808e-5,0.00964753481150562
ZNF117,806.7463507477506,1.8661228347040484,0.9060666871963232,2.9279410548979965e-4,0.04075645647265308
PXDN,498.4223987960965,2.767934373836711,0.8372169750589391,1.044398418396332e-5,0.00601875814854244
ASPM,412.4412866178745,3.2024995424211866,0.9829202905213256,3.7320984495864e-6,0.00314343169028817
ZBTB25,475.9822176694952,0.5218614519732474,0.2328718570550912,3.1876785799837116e-4,0.04205239350786945
FMNL1,803.4689140995896,-1.742670052498679,0.7398866162773141,2.012171139252933e-4,0.03323453542528947
H4C14,243.08111710088855,1.529638686872582,0.662606184154001,2.3661880143904871e-4,0.03592397050056173
H1-5,247.70841228689147,3.9868070926357793,0.8230596975621184,2.5026716397791575e-9,6.850750779940472e-6
N4BP2,432.3780359775167,1.2719883113397592,0.5446343500241678,2.083043142296433e-4,0.03352445809263141
FOSB,435.45048919613384,-2.1997745684392016,1.1136450757624208,1.814166913413066e-4,0.03187344492100456
ALDH1A1,582.2184684455563,-1.657196021982844,0.7036742095638275,2.097287893826432e-4,0.03352445809263141
GPC4,487.1403097252696,2.008731045124795,0.6574754002249025,4.7077801659068064e-5,0.01472795397902759
CD276,301.7049892118646,1.3523799458510024,0.6176295942847452,2.9963877309909794e-4,0.04075645647265308
H1-3,323.87334827542264,2.547513708277688,0.5716822031565911,6.165379750072861e-7,9.48701792937017e-4
KIRREL1,218.07955598074324,1.6960641758691746,0.8717282716291739,4.187614580791945e-4,0.04939850509591435
DNMBP,344.64252896076067,1.5742006555625996,0.733840857127687,3.208021853539524e-4,0.04206734764710301
ARRDC2,607.0379484699795,-1.8204294155060532,0.871949869124353,2.955713621132265e-4,0.04075645647265308
ASCL1,552.0593211536423,2.8329129927989354,0.757948260315229,3.673334708694879e-6,0.00314343169028817
GPR17,453.38648480558606,-4.099271273831155,0.7757278292349913,2.139128833456007e-10,6.692111760550442e-7
ERV3-1,501.04101878273,1.951154520679554,0.9495442233131584,2.6362387798025024e-4,0.03823537424396264
MAFK,419.574621238861,-1.3058680353219014,0.391761165916972,1.8659167295060165e-5,0.00874767431965435
TPX2,180.26134412162537,2.2863403090137915,0.9754001264157408,1.0680585693794015e-4,0.02315783624835595
ABCG2,302.8541951525959,-1.9286174052228011,0.7459779125434722,1.1833204024202498e-4,0.02449574867745052
TPST1,242.1977021045384,0.7738898095064785,0.3464427517652267,1.6526316438520444e-4,0.0301636730935488
HILPDA,138.85050298936534,2.615853137541188,0.4161054238802904,3.515833018988041e-11,1.283220454713652e-7
ATP10A,258.50551880604837,-1.7863073741196749,0.4549849452691264,6.364364730585324e-6,0.00449591042693832
ASPHD1,384.76299208835496,-1.6696358771139208,0.4789756896446013,1.9426360855641e-5,0.00886287242453504
GLI2,435.3816872014954,3.1733508029488253,0.8055901448163207,1.0228284812069395e-6,0.00124438449499726
TCF7L1,308.0759911318152,2.4274652909596113,0.8431939141242822,3.9938865186934326e-5,0.01315019607248039
ENSG00000240240,263.24354973188,2.387478398190051,0.6730804107931357,1.169898024235024e-5,0.00656912739300584
RSKR,164.6973581685209,1.0541976456700444,0.5087381024529126,3.38199769307883e-4,0.04345524289829348
H2AC11,126.10015388046178,2.594181790962357,1.1105238736734682,5.368813255646933e-5,0.01599497833799088
KLF2,365.8865298038667,-2.3996387020846894,0.5338360960768639,6.4982542098065e-7,9.48701792937017e-4
SMO,269.6519271470596,1.8323562085200225,0.9021936619974716,3.1775745118797354e-4,0.04205239350786945
LIMS2,256.8463181145772,-2.979797120337444,0.4348049356082378,4.481445074771046e-13,2.4534791423102782e-9
NBPF15,231.46692463975157,1.911842793158675,0.7660514476524207,1.399076882605941e-4,0.02760214833530405
FOXM1,164.1106001427083,2.1726925309711125,1.0777947905123917,1.867194287441296e-4,0.03187344492100456
PCDHB9,177.92213131235502,1.60319580124165,0.4833181895897116,2.81177412551314e-5,0.01070109540920911
ANGPTL4,127.9693113282692,1.7681228232449564,0.5836295792037098,5.4779824437157674e-5,0.01599497833799088
PYCR1,175.4048770656252,1.6894747989793124,0.6233647281516862,1.0529949757127517e-4,0.02315783624835595
R3HCC1,258.2537720179142,-1.1143290700745374,0.4966255696949925,2.282295910656772e-4,0.03551771653653929
KCNE4,106.34568992916944,2.4716902775054637,0.48788298496670623,4.654111929294139e-8,9.265490649055667e-5
STK36,154.1335418867048,1.347072321299818,0.6659517846360588,4.291320463469373e-4,0.04996057281863711
SELPLG,373.2976100053232,-1.879440081512519,0.7223666647983621,1.1920800020654504e-4,0.02449574867745052
PRC1,139.09728576674007,1.8074599665050384,0.8044878262126804,2.3180913785155515e-4,0.03574921344937469
CAVIN2,298.70796039522577,-2.333991692542732,0.5987324739723422,5.115462014142371e-6,0.00373411675492345
PCDHGA7,151.77735035852936,1.2011343079580004,0.5949242139843076,4.2122266643128934e-4,0.04939850509591435
TM7SF2,259.4469800358485,-1.2247943578456737,0.465257558435022,9.745595772114658e-5,0.02200193833129267
ANKRD20A1,149.81111298324328,2.759162152217232,0.6809134697389343,1.776051494182644e-6,0.00194468758355528
CBX2,196.22160030749063,2.408835392179935,1.0474172679134814,8.730610608689642e-5,0.02054999682796029
ROBO4,119.5940290239579,-1.545530684399078,0.535588383184872,7.195876786369945e-5,0.01921737874935554
ENSG00000272505,80.45592164020077,2.1267983355890756,0.6569307123351652,2.989514055937808e-5,0.01091122805183034
TBX18,39.74202662264705,-2.1665886087662627,0.40100923237769426,1.2470544586257604e-8,2.730924558944553e-5
TEAD2,143.765931050412,2.655718619765161,0.742646270155104,7.405442857444417e-6,0.00506786853547422
KIF11,108.5890829277607,1.9346115371772377,0.8889747300742868,2.2739256957292076e-4,0.03551771653653929
SNORC,169.6188432406833,-1.769068027996724,0.6688335913734722,1.1685668908684984e-4,0.02449574867745052
ZEB1-AS1,109.3947818131726,2.15421398839158,0.6210600697913691,1.7792230464047503e-5,0.00865849010960391
PCDHGA1,117.13289136989874,1.4046119816793268,0.5090824500433192,8.738327837701961e-5,0.02054999682796029
THBS3,170.9895708839266,2.0003104284459514,1.0061871874213395,2.653900582255958e-4,0.03823537424396264
H2AC17,99.3447645050132,2.475605038712518,0.9047348002788091,4.551477393146079e-5,0.01444533383079796
TIE1,159.5143073600383,-2.0403613045546316,0.5459003330370646,1.0046252856117192e-5,0.00594602408908406
H3C7,75.66213956005825,3.004926647361905,0.8803711611242451,5.037701401266922e-6,0.00373411675492345
BUB1,93.15713959475272,2.454602221756092,1.07808679699738,8.008868085933374e-5,0.02015933358779942
CLEC3B,61.48906519409197,-1.8612982359661885,0.9855707813714194,3.717128636320196e-4,0.04547564246188601
IRAK3,137.35572162357013,-1.4855049311063522,0.6222587733296705,2.0184452310897756e-4,0.03323453542528947
SNHG20,104.77523078436576,1.3136074246560658,0.470119142354265,7.356330985782705e-5,0.01940919183827174
L3MBTL4,148.60929162338658,-1.2150242238929836,0.5061159528721888,1.7028998625774516e-4,0.03071755370124625
H2BC14,183.51887546472977,2.6959434691614845,1.0579939902951323,3.4793742392310235e-5,0.01190544007264377
SOGA3,86.05653658151361,2.172463596010464,0.6792962393515095,3.107403121553967e-5,0.01115557720637874
DIPK2B,120.62890206729078,-1.5621387794449622,0.7414828078297281,3.465071694990312e-4,0.04367827720264117
ENSG00000284779,27.34377447599712,-2.7331012919972166,0.8947762887964673,1.7143174541546162e-5,0.00853223589284816
SLC38A5,129.68959205853622,-2.4136628300049883,0.5792640484652091,2.0698961766354767e-6,0.00215850744629239
KIF14,66.81395168496206,2.0430935172301767,1.2374684076349225,2.9946556750221824e-4,0.04075645647265308
ATP2A3,199.22734574504443,-2.26453038805081,1.1322483513426345,1.5333939635401152e-4,0.02919982122396955
H3C13,83.99203884886087,1.9876407659317432,1.1233884799968976,3.324493831384233e-4,0.04333476723061629
MYOCD,22.69582842564962,-2.4505975716083777,1.3605997032597734,8.353189083122133e-5,0.02054999682796029
H2BC17,51.36378404143298,3.1118436542433265,1.0927181211762385,7.882506761671753e-6,0.00523087925981362
GTSE1,58.81342973331486,3.130996207925303,1.2517491941349406,8.864877784557568e-6,0.00570976348835371
XRCC2,105.91687105593422,2.4420998752487426,0.7848257737244827,2.6348971992337115e-5,0.01049120250291255
P2RY13,180.2902721060401,-2.113625700639248,0.8920467055811891,1.364097332637201e-4,0.02715669771583824
KIFC1,72.56924858048534,2.456251785200625,1.132527649793032,8.581486342243044e-5,0.02054999682796029
GVINP1,116.72686601021958,-1.657246694730397,0.6117105706809636,1.0587116704490124e-4,0.02315783624835595
RGS10,118.81780779196302,-1.6614633148881144,0.8276646850392636,3.89810727958246e-4,0.04716279078208635
KIF4A,62.705047309645025,2.7037914546449997,1.274048009695098,4.011426547737569e-5,0.01315019607248039
VWA2,71.4042128634427,-1.8385426278588,0.33135440528543836,7.896028667828416e-9,1.921279242186383e-5
BIRC5,35.160061744952856,2.793688701182404,1.227737065202311,2.97113589420295e-5,0.01091122805183034
EDN1,64.12141271295147,-1.413704414170638,0.6024859386134481,2.170545232607227e-4,0.03444403626729395
ENSG00000251615,73.9072770832769,-1.391723820572784,0.45193504279700786,4.083352358229448e-5,0.01315019607248039
ENSG00000276115,95.6364140286138,2.173762666901405,1.082534824907474,1.8750556582877327e-4,0.03187344492100456
ARHGEF35-AS1,75.12673961591416,-2.5208171803211346,1.0984515941847128,6.700468375742633e-5,0.01834169462004849
NLRP1,139.92691828337507,-2.145218227344941,1.040000136023309,1.8905375857167423e-4,0.03187344492100456
H2AC16,60.56028999642533,2.1958006936823913,1.1658792159550475,1.9237315486566844e-4,0.03215862380460514
DTL,52.660783330969736,2.2260709479980143,1.06732713573107,1.5722804827733098e-4,0.02937573943249647
UBE2C,26.762971112892085,2.609942207065625,1.7535797279251502,2.752836729690611e-5,0.01070109540920911
KIF2C,49.94677119602148,2.797356964204004,1.0357818233694795,2.3066400425967573e-5,0.00964753481150562
ENSG00000274964,89.88432962282803,1.9857771263961357,1.039639561112439,2.960995363063638e-4,0.04075645647265308
H2AC13,45.36567554014581,1.9889432654604535,1.4272364163007878,2.6517096185467746e-4,0.03823537424396264
GIMAP8,91.9666323597071,-1.4867857710376329,0.6034072201230679,1.7228977340548048e-4,0.03071755370124625
SIX1,70.97763428315909,2.1935294237422593,1.3179769338873517,1.874280159519409e-4,0.03187344492100456
H2BC10,45.40398665369539,2.427038717390454,1.0245460713110557,7.845674881608929e-5,0.02015933358779942
EXO1,50.341515262750015,2.707047557927949,0.9229932822972622,2.1694943551887697e-5,0.00950195137685577
ENSG00000287001,36.56711194667969,-2.011761654730321,0.9892032701660196,2.4695883391651394e-4,0.03704213358861465
H2AC4,44.49491156707171,2.7749629314093895,0.9263135630767636,1.7052319198404544e-5,0.00853223589284816
PLAU,34.574248007142636,1.891710038784074,1.064286942459857,3.997869993695941e-4,0.04806825303620728
CCDC141,58.82916580130733,-1.875384240335643,1.070441371929293,4.218238482549881e-4,0.04939850509591435
NLRP3,110.40584436016302,-1.7196085019694685,0.7970509978290649,2.887458595900804e-4,0.04075645647265308
DLGAP5,29.53507556519417,2.234259911201815,1.5932817910773525,8.820949366766828e-5,0.02054999682796029
ENSG00000286412,59.95495047233457,2.0340394615761253,1.0513017364143709,2.645184911256623e-4,0.03823537424396264
H2BC3,41.702001806689154,2.1715588801721384,1.084350124090378,1.8921173750995903e-4,0.03187344492100456
EGFEM1P,68.46740440892026,2.4905187873022445,0.9851004383954058,5.7702440102965e-5,0.01621306650762453
TRPM6,98.20272413995936,-2.5709393487030394,0.8381150499633726,2.3044060729956635e-5,0.00964753481150562
ENSG00000271155,67.2290010378255,2.7932365727008364,0.923348283822548,1.5675997898302397e-5,0.0081735399517839
CHAD,28.820868243455696,-2.555382069561944,0.8502193680007093,2.6236012731031975e-5,0.01049120250291255
ENPEP,29.032306485401985,-1.9701943934770425,0.7702114682682617,1.196878902455457e-4,0.02449574867745052
IRX5,25.36340209205927,1.6769099507572591,1.9306741218182937,9.736795676985424e-5,0.02200193833129267
MELK,56.862656681656105,2.684294702945109,2.0541820653015415,1.877440490541826e-5,0.00874767431965435
AKR1C2,37.41546558803149,-2.5710838543326173,0.9020733700421704,3.231613805207384e-5,0.01141437269681234
PAQR5,51.678418038343395,-2.1910325749480486,0.4539656136057271,2.075969969097138e-7,3.49705125794294e-4
TMEM154,132.93105144744905,-2.4329428426587785,0.959985310838052,6.437429369635838e-5,0.01784471718552597
PPBP,339.1258011650919,-1.3510811492354904,1.9998074417569944,1.304742090784279e-4,0.02645606207970826
GNB3,19.348252338084343,2.0459316787231168,0.889835223544958,1.652879479074778e-4,0.0301636730935488
NDC80,23.486459554638312,1.8819015679251143,1.5307422925581726,2.3786363407376823e-4,0.03592397050056173
ENSG00000288840,56.88088767450887,2.6626086693391384,0.7680451909651136,9.28300792163944e-6,0.00580824544217091
RGS18,162.8126252542295,-2.2797482941581095,1.1864366651584155,1.523869535204393e-4,0.02919982122396955
CHRM5,77.49021442463057,-2.80831708390245,1.0203004010244705,2.1257905754829615e-5,0.00950054853316354
ARHGEF15,40.40613495577294,-1.8284789915775868,0.6757372723686447,1.0156751411770426e-4,0.02269619379248577
MUC1,35.27006376872271,1.9733522825254703,1.0472806500382703,3.107773937681477e-4,0.04149825698858943
MMP25,281.2713127985841,-1.654415638851922,1.5330711924250946,3.490432672935844e-4,0.04367827720264117
RAB42,18.121945904327987,1.9126981918879624,1.0187098392132896,3.4751293195329006e-4,0.04367827720264117
ENSG00000255062,27.065726680623857,1.9957262077485387,1.0825018453171509,3.0930406204481123e-4,0.04149825698858943
TUBB1,107.64687285516452,-3.341626460887428,1.0692894131800246,2.773938253006422e-6,0.00253110307510781
FCGR3B,236.8990493513381,-3.3893956102015,1.785057459324344,4.50574220482401e-6,0.00352397316226575
CALML3-AS1,56.23684075335801,-2.4879729373689425,1.3012042094266292,7.933098930243265e-5,0.02015933358779942
ENSG00000236494,27.83706910422341,-1.9736359543279416,1.107071091059874,3.3932355521294055e-4,0.04345524289829348
GMNC,16.28302844254185,-2.594584998483797,1.3446086738435266,5.439100196324664e-5,0.01599497833799088
ACY3,63.70791988297061,-3.5058813196885907,1.0081276301142974,9.54543459072462e-7,0.00123390094693293
ORC1,18.654953838100855,2.004224584991929,0.9890392786621762,2.5214682907277183e-4,0.03756301639363694
DHRS9,59.39235268659204,-2.6955169015864477,1.054071027087924,3.455410041627334e-5,0.01190544007264377
ENSG00000286364,14.349457155091182,-1.9723291502606748,1.1440065063768758,3.5307482606824055e-4,0.04393173645493409
HNRNPA1P48,23.697051567295972,-1.775279046721026,0.8886344714194684,3.5605859620367375e-4,0.04405269603539125
CYSLTR1,33.81912757031426,-1.790497235420025,0.9248558094614856,3.835330909205586e-4,0.04666106198927396
TCAP,23.0735720636703,-2.0496838014785697,1.3078156214855323,2.817137960657056e-4,0.04024220114278645
ZNF516-AS1,14.57783089551524,1.9611480671622392,1.1790972643994386,3.716142026216137e-4,0.04547564246188601
ENSG00000226252,33.96811814709218,-3.3544286628716056,0.9509883488004168,1.5003703497163705e-6,0.00172929527833888
ADAMDEC1,14.096155734249226,3.46745527759843,1.2368892910235103,2.3536021654824987e-6,0.0023427969919046
HOXA9,71.63639008610423,23.610678785727824,3.140347924695857,2.0596900750058956e-14,3.3861507279676137e-10
CCL3,25.917560383692464,-2.475706456021289,0.9347929787796648,5.127496598882751e-5,0.01559542333596296
PF4,160.08911312607378,-23.66988483884037,3.171044819211565,3.0925163048245257e-14,3.3861507279676137e-10
PNMA6B,15.456879376456968,1.4046706392504782,1.6779785541266905,2.286861514978784e-4,0.03551771653653929
CD96,22.34315433033108,-2.4744554451742693,1.24438252431562,8.50386676228037e-5,0.02054999682796029
ENSG00000287566,21.31643589835004,-6.735606773136122,1.839919145637124,2.7640364260424023e-11,1.2105926738780518e-7
HCRTR1,22.988626530326737,-1.803599527566556,1.4203621471261232,4.189687830471312e-4,0.04939850509591435
LINC01299,24.968960648768707,-1.989794490626647,1.605664912761447,1.4347948285989165e-4,0.02780581588627228
ENSG00000287433,17.88856785484258,-2.057567410244228,1.645539313903538,1.0969544589942302e-4,0.0235511820563869
LINC00840,9.45599644424681,-1.7536367136775175,1.5080316237810851,3.3442511813206783e-4,0.04333476723061629
S1PR4,33.5406613626476,-2.3006878116949983,1.280003780578734,1.4204691139015662e-4,0.02777397600475928
CORO7-PAM16,13.510786782890268,-3.9287831081225377,1.7253922613227832,9.578663910616845e-7,0.00123390094693293
ENSG00000259008,8.354575743258401,-1.460640130258484,1.5951451487403814,3.0790632535403846e-4,0.04149825698858943
ATP8B5P,8.122569296163638,-1.5631551113670032,1.6170769004924022,2.561880954478168e-4,0.0379071831230523
VTCN1,12.109415236502857,-1.5068999943173071,1.6816554892743991,2.0808864719250184e-4,0.03352445809263141
PAQR5-DT,14.523605543093392,-1.88917660346502,1.4661429607112189,2.98591353961114e-4,0.04075645647265308
TDGF1,11.412830179276728,-2.389105652767604,1.8043504609502703,4.026300171017178e-5,0.01315019607248039
LINC02642,9.452444345456032,-2.11826972385822,1.493965721428827,1.5828746760283957e-4,0.02937573943249647
