Pathway	row_cluster
GOBP_POSITIVE_REGULATION_OF_INSULIN_LIKE_GROWTH_FACTOR_RECEPTOR_SIGNALING_PATHWAY	1
GOBP_KERATINOCYTE_PROLIFERATION	1
GOBP_REGULATION_OF_MACROPHAGE_APOPTOTIC_PROCESS	1
GOBP_T_CELL_SELECTION	1
GOBP_THYMIC_T_CELL_SELECTION	1
GOBP_POSITIVE_T_CELL_SELECTION	1
GOBP_CD4_POSITIVE_OR_CD8_POSITIVE_ALPHA_BETA_T_CELL_LINEAGE_COMMITMENT	1
GOBP_ACTIVATION_OF_IMMUNE_RESPONSE	1
GOBP_REGULATION_OF_B_CELL_RECEPTOR_SIGNALING_PATHWAY	1
GOBP_NATURAL_KILLER_CELL_ACTIVATION	1
GOBP_VASCULAR_ENDOTHELIAL_GROWTH_FACTOR_SIGNALING_PATHWAY	1
GOBP_NEGATIVE_REGULATION_OF_MACROPHAGE_DERIVED_FOAM_CELL_DIFFERENTIATION	1
GOBP_ANTIGEN_PROCESSING_AND_PRESENTATION_OF_LIPID_ANTIGEN_VIA_MHC_CLASS_IB	1
GOBP_MONOCYTE_EXTRAVASATION	1
GOBP_POSITIVE_REGULATION_OF_PRODUCTION_OF_MOLECULAR_MEDIATOR_OF_IMMUNE_RESPONSE	1
GOBP_REGULATION_OF_PRODUCTION_OF_MOLECULAR_MEDIATOR_OF_IMMUNE_RESPONSE	1
GOBP_GERM_CELL_MIGRATION	1
GOBP_CELL_ACTIVATION	1
GOBP_NEGATIVE_REGULATION_OF_LYMPHOCYTE_ACTIVATION	1
GOBP_POSITIVE_REGULATION_OF_INTERLEUKIN_4_PRODUCTION	1
GOBP_REGULATION_OF_INNATE_IMMUNE_RESPONSE	1
GOBP_T_CELL_APOPTOTIC_PROCESS	1
GOBP_CYTOKINE_PRODUCTION	1
GOBP_POSITIVE_REGULATION_OF_MACROPHAGE_DIFFERENTIATION	1
GOBP_REGULATION_OF_MONONUCLEAR_CELL_MIGRATION	1
GOBP_REGULATION_OF_IMMUNE_RESPONSE	1
GOBP_PHAGOCYTOSIS	1
GOBP_LYMPHOCYTE_ACTIVATION	1
GOBP_IMMUNE_RESPONSE_REGULATING_CELL_SURFACE_RECEPTOR_SIGNALING_PATHWAY	1
GOBP_NEGATIVE_REGULATION_OF_LYMPHOCYTE_APOPTOTIC_PROCESS	1
GOBP_POSITIVE_REGULATION_OF_INTERLEUKIN_6_PRODUCTION	1
GOBP_REGULATION_OF_LYMPHOCYTE_APOPTOTIC_PROCESS	1
GOBP_POSITIVE_REGULATION_OF_OXIDATIVE_STRESS_INDUCED_CELL_DEATH	1
GOBP_B_CELL_ACTIVATION	1
GOBP_IMMUNE_RESPONSE_REGULATING_SIGNALING_PATHWAY	1
GOBP_NEGATIVE_REGULATION_OF_B_CELL_RECEPTOR_SIGNALING_PATHWAY	1
GOBP_MONONUCLEAR_CELL_DIFFERENTIATION	1
GOBP_INTESTINAL_EPITHELIAL_CELL_DIFFERENTIATION	1
GOBP_INTERLEUKIN_2_PRODUCTION	1
GOBP_B_CELL_DIFFERENTIATION	1
GOBP_NEGATIVE_REGULATION_OF_FIBROBLAST_GROWTH_FACTOR_RECEPTOR_SIGNALING_PATHWAY	1
GOBP_T_CELL_DIFFERENTIATION_IN_THYMUS	1
GOBP_INTERLEUKIN_15_MEDIATED_SIGNALING_PATHWAY	1
GOBP_T_CELL_LINEAGE_COMMITMENT	1
GOBP_POSITIVE_REGULATION_OF_T_CELL_RECEPTOR_SIGNALING_PATHWAY	1
GOBP_RESPONSE_TO_TUMOR_NECROSIS_FACTOR	1
GOBP_POSITIVE_REGULATION_OF_B_CELL_ACTIVATION	1
GOBP_REGULATION_OF_B_CELL_ACTIVATION	1
GOBP_EPIDERMAL_CELL_DIFFERENTIATION	1
GOBP_REGULATION_OF_INTERLEUKIN_1_MEDIATED_SIGNALING_PATHWAY	1
GOBP_POSITIVE_REGULATION_OF_GRANULOCYTE_DIFFERENTIATION	1
GOBP_MYELOID_DENDRITIC_CELL_ACTIVATION	1
GOBP_GLOMERULAR_EPITHELIAL_CELL_DIFFERENTIATION	1
GOBP_TRANSFORMING_GROWTH_FACTOR_BETA_PRODUCTION	1
GOBP_RESPONSE_TO_INTERLEUKIN_1	1
GOBP_SMOOTH_MUSCLE_CELL_MIGRATION	1
GOBP_POSITIVE_REGULATION_OF_DEFENSE_RESPONSE_TO_VIRUS_BY_HOST	1
GOBP_NEGATIVE_REGULATION_OF_SMOOTH_MUSCLE_CELL_PROLIFERATION	1
GOBP_REGULATION_OF_B_CELL_MEDIATED_IMMUNITY	1
GOBP_TOLL_LIKE_RECEPTOR_3_SIGNALING_PATHWAY	1
GOBP_ANTIGEN_PROCESSING_AND_PRESENTATION_OF_PEPTIDE_ANTIGEN_VIA_MHC_CLASS_I	1
GOBP_CELL_PROLIFERATION_INVOLVED_IN_METANEPHROS_DEVELOPMENT	1
GOBP_NEGATIVE_REGULATION_OF_CHEMOTAXIS	1
GOBP_MUSCLE_CELL_MIGRATION	1
GOBP_NEGATIVE_REGULATION_OF_FAT_CELL_DIFFERENTIATION	1
GOBP_MAMMARY_GLAND_EPITHELIAL_CELL_DIFFERENTIATION	1
GOBP_POSITIVE_REGULATION_OF_NATURAL_KILLER_CELL_PROLIFERATION	1
GOBP_NEGATIVE_REGULATION_OF_CD8_POSITIVE_ALPHA_BETA_T_CELL_ACTIVATION	1
GOBP_POSITIVE_REGULATION_OF_EPITHELIAL_CELL_DIFFERENTIATION	1
GOBP_SMOOTH_MUSCLE_CELL_PROLIFERATION	1
GOBP_REGULATION_OF_MYELOID_CELL_APOPTOTIC_PROCESS	1
GOBP_POSITIVE_REGULATION_OF_MYELOID_LEUKOCYTE_DIFFERENTIATION	1
GOBP_NEGATIVE_REGULATION_OF_ENDOTHELIAL_CELL_CHEMOTAXIS	1
GOBP_CELL_DIFFERENTIATION_INVOLVED_IN_EMBRYONIC_PLACENTA_DEVELOPMENT	1
GOBP_MAST_CELL_CYTOKINE_PRODUCTION	1
GOBP_PHAGOCYTOSIS_RECOGNITION	1
GOBP_POSITIVE_REGULATION_OF_ENDOTHELIAL_CELL_CHEMOTAXIS	1
GOBP_REGULATION_OF_LEUKOCYTE_APOPTOTIC_PROCESS	1
GOBP_MYELOID_CELL_APOPTOTIC_PROCESS	1
GOBP_EPITHELIAL_CELL_DIFFERENTIATION_INVOLVED_IN_KIDNEY_DEVELOPMENT	1
GOBP_POSITIVE_REGULATION_OF_IMMUNE_RESPONSE	1
GOBP_INTERLEUKIN_4_PRODUCTION	1
GOBP_REGULATION_OF_DENDRITIC_CELL_DIFFERENTIATION	1
GOBP_DENDRITIC_CELL_DIFFERENTIATION	1
GOBP_REGULATION_OF_ADAPTIVE_IMMUNE_RESPONSE	1
GOBP_T_CELL_MEDIATED_IMMUNITY	1
GOBP_POSITIVE_REGULATION_OF_MACROPHAGE_CYTOKINE_PRODUCTION	1
GOBP_POSITIVE_REGULATION_OF_TOLERANCE_INDUCTION	1
GOBP_TOLERANCE_INDUCTION_DEPENDENT_UPON_IMMUNE_RESPONSE	1
GOBP_CELL_MIGRATION_INVOLVED_IN_SPROUTING_ANGIOGENESIS	1
GOBP_NEGATIVE_REGULATION_OF_MONOCYTE_CHEMOTAXIS	1
GOBP_POSITIVE_REGULATION_OF_VASCULAR_ASSOCIATED_SMOOTH_MUSCLE_CELL_DIFFERENTIATION	1
GOBP_REGULATION_OF_CELL_CHEMOTAXIS_TO_FIBROBLAST_GROWTH_FACTOR	1
GOBP_POSITIVE_REGULATION_OF_T_CELL_TOLERANCE_INDUCTION	1
GOBP_REGULATION_OF_CELL_MIGRATION_INVOLVED_IN_SPROUTING_ANGIOGENESIS	1
GOBP_REGULATION_OF_NEUTROPHIL_EXTRAVASATION	1
GOBP_REGULATION_OF_POSITIVE_CHEMOTAXIS	1
GOBP_NEGATIVE_REGULATION_OF_T_CELL_PROLIFERATION	1
GOBP_BLOOD_VESSEL_ENDOTHELIAL_CELL_MIGRATION	1
GOBP_ENDOTHELIAL_CELL_MIGRATION	1
GOBP_NEGATIVE_REGULATION_OF_BLOOD_VESSEL_ENDOTHELIAL_CELL_MIGRATION	1
GOBP_T_CELL_ACTIVATION	1
GOBP_LEUKOCYTE_PROLIFERATION	1
GOBP_REGULATION_OF_LYMPHOCYTE_ACTIVATION	1
GOBP_POSITIVE_REGULATION_OF_LEUKOCYTE_APOPTOTIC_PROCESS	1
GOBP_REGULATION_OF_ENDOTHELIAL_CELL_MIGRATION	1
GOBP_POSITIVE_REGULATION_OF_ENDOTHELIAL_CELL_MIGRATION	1
GOBP_REGULATION_OF_MACROPHAGE_FUSION	1
GOBP_REGULATION_OF_MACROPHAGE_DIFFERENTIATION	1
GOBP_RESPONSE_TO_INTERFERON_GAMMA	1
GOBP_CELLULAR_RESPONSE_TO_VASCULAR_ENDOTHELIAL_GROWTH_FACTOR_STIMULUS	1
GOBP_POSITIVE_REGULATION_OF_NEUTROPHIL_EXTRAVASATION	1
GOBP_POSITIVE_CHEMOTAXIS	1
GOBP_TRANSFORMING_GROWTH_FACTOR_BETA_ACTIVATION	1
GOBP_RESPONSE_TO_BACTERIUM	1
GOBP_MONOCYTE_CHEMOTAXIS	1
GOBP_MYELOID_LEUKOCYTE_MIGRATION	1
GOBP_DEFENSE_RESPONSE_TO_OTHER_ORGANISM	1
GOBP_POSITIVE_REGULATION_OF_CYTOKINE_PRODUCTION	1
GOBP_CELLULAR_RESPONSE_TO_INTERLEUKIN_1	1
GOBP_POSITIVE_REGULATION_OF_LEUKOCYTE_MIGRATION	1
GOBP_INNATE_IMMUNE_RESPONSE	1
GOBP_POSITIVE_REGULATION_OF_INTERLEUKIN_8_PRODUCTION	1
GOBP_PRODUCTION_OF_MOLECULAR_MEDIATOR_INVOLVED_IN_INFLAMMATORY_RESPONSE	1
GOBP_REGULATION_OF_NATURAL_KILLER_CELL_ACTIVATION	1
GOBP_NK_T_CELL_DIFFERENTIATION	1
GOBP_POSITIVE_REGULATION_OF_ENDOTHELIAL_CELL_PROLIFERATION	1
GOBP_REGULATION_OF_NK_T_CELL_DIFFERENTIATION	1
GOBP_CELL_PROLIFERATION_INVOLVED_IN_KIDNEY_DEVELOPMENT	1
GOBP_POSITIVE_REGULATION_OF_VASCULAR_ASSOCIATED_SMOOTH_MUSCLE_CELL_PROLIFERATION	1
GOBP_REGULATION_OF_CD8_POSITIVE_ALPHA_BETA_T_CELL_DIFFERENTIATION	1
GOBP_T_CELL_RECEPTOR_SIGNALING_PATHWAY	1
GOBP_ENDOTHELIAL_CELL_PROLIFERATION	1
GOBP_REGULATION_OF_NATURAL_KILLER_CELL_DIFFERENTIATION	1
GOBP_POSITIVE_REGULATION_OF_INTERLEUKIN_5_PRODUCTION	1
GOBP_REGULATION_OF_LYMPHOCYTE_DIFFERENTIATION	1
GOBP_NEGATIVE_REGULATION_OF_LEUKOCYTE_CELL_CELL_ADHESION	1
GOBP_TOLERANCE_INDUCTION	1
GOBP_REGULATION_OF_EPITHELIAL_CELL_DIFFERENTIATION	1
GOBP_REGULATION_OF_TOLERANCE_INDUCTION	1
GOBP_REGULATION_OF_LEUKOCYTE_DIFFERENTIATION	1
GOBP_LEUKOCYTE_APOPTOTIC_PROCESS	1
GOBP_T_CELL_DIFFERENTIATION	1
GOBP_LEUKOCYTE_DIFFERENTIATION	1
GOBP_BROWN_FAT_CELL_DIFFERENTIATION	1
GOBP_STRIATED_MUSCLE_CELL_DIFFERENTIATION	1
GOBP_MYELOID_LEUKOCYTE_DIFFERENTIATION	1
GOBP_EPITHELIAL_CELL_PROLIFERATION	1
GOBP_MUSCLE_CELL_PROLIFERATION	1
GOBP_VASCULAR_ASSOCIATED_SMOOTH_MUSCLE_CELL_PROLIFERATION	1
GOBP_POSITIVE_REGULATION_OF_MYELOID_CELL_DIFFERENTIATION	1
GOBP_NEGATIVE_REGULATION_OF_ENDOTHELIAL_CELL_PROLIFERATION	1
GOBP_REGULATION_OF_MYELOID_LEUKOCYTE_DIFFERENTIATION	1
GOBP_POSITIVE_REGULATION_OF_EPITHELIAL_CELL_PROLIFERATION	1
GOBP_CELL_DIFFERENTIATION_INVOLVED_IN_KIDNEY_DEVELOPMENT	1
GOBP_MYELOID_LEUKOCYTE_CYTOKINE_PRODUCTION	1
GOBP_POSITIVE_REGULATION_OF_SMOOTH_MUSCLE_CELL_PROLIFERATION	1
GOBP_EPITHELIAL_CELL_DIFFERENTIATION	1
GOBP_REGULATION_OF_HEPATOCYTE_PROLIFERATION	1
GOBP_POSITIVE_REGULATION_OF_HEPATOCYTE_PROLIFERATION	1
GOBP_NEGATIVE_REGULATION_OF_DENDRITIC_CELL_APOPTOTIC_PROCESS	1
GOBP_MYELOID_DENDRITIC_CELL_DIFFERENTIATION	1
GOBP_GERMINAL_CENTER_FORMATION	1
GOBP_NEGATIVE_REGULATION_OF_LEUKOCYTE_APOPTOTIC_PROCESS	1
GOBP_POSITIVE_REGULATION_OF_MONOCYTE_DIFFERENTIATION	1
GOBP_MACROPHAGE_CYTOKINE_PRODUCTION	1
GOBP_POSITIVE_REGULATION_OF_LYMPHOCYTE_DIFFERENTIATION	1
GOBP_NEGATIVE_REGULATION_OF_T_CELL_MEDIATED_CYTOTOXICITY	1
GOBP_POSITIVE_REGULATION_OF_CD8_POSITIVE_ALPHA_BETA_T_CELL_DIFFERENTIATION	1
GOBP_NEGATIVE_REGULATION_OF_ANTIGEN_PROCESSING_AND_PRESENTATION	1
GOBP_CELL_DIFFERENTIATION_INVOLVED_IN_METANEPHROS_DEVELOPMENT	1
GOBP_ALPHA_BETA_T_CELL_DIFFERENTIATION	1
GOBP_REGULATION_OF_T_CELL_DIFFERENTIATION	1
GOBP_CARDIAC_VASCULAR_SMOOTH_MUSCLE_CELL_DIFFERENTIATION	1
GOBP_ACTIVATION_OF_TRANSMEMBRANE_RECEPTOR_PROTEIN_TYROSINE_KINASE_ACTIVITY	1
GOBP_NEGATIVE_REGULATION_OF_DENDRITIC_CELL_DIFFERENTIATION	1
GOBP_GERM_CELL_PROLIFERATION	1
GOBP_HEPATIC_STELLATE_CELL_ACTIVATION	1
GOBP_ACTIVATED_T_CELL_PROLIFERATION	1
GOBP_SKELETAL_MUSCLE_SATELLITE_CELL_DIFFERENTIATION	1
GOBP_FAT_CELL_DIFFERENTIATION	1
GOBP_NEGATIVE_REGULATION_OF_CELL_POPULATION_PROLIFERATION	1
GOBP_PLATELET_DERIVED_GROWTH_FACTOR_RECEPTOR_BETA_SIGNALING_PATHWAY	1
GOBP_REGULATION_OF_OSTEOBLAST_PROLIFERATION	1
GOBP_OSTEOBLAST_PROLIFERATION	1
GOBP_REGULATION_OF_IMMUNOGLOBULIN_PRODUCTION	1
GOBP_POSITIVE_REGULATION_OF_TRANSFORMING_GROWTH_FACTOR_BETA_PRODUCTION	1
GOBP_NEGATIVE_REGULATION_OF_B_CELL_MEDIATED_IMMUNITY	1
GOBP_LYMPHOCYTE_APOPTOTIC_PROCESS	1
GOBP_POSITIVE_REGULATION_OF_B_CELL_RECEPTOR_SIGNALING_PATHWAY	1
GOBP_REGULATION_OF_TUMOR_NECROSIS_FACTOR_MEDIATED_SIGNALING_PATHWAY	1
GOBP_TOLERANCE_INDUCTION_TO_SELF_ANTIGEN	1
GOBP_POSITIVE_REGULATION_OF_EXECUTION_PHASE_OF_APOPTOSIS	1
GOBP_NEUTROPHIL_HOMEOSTASIS	1
GOBP_POSITIVE_REGULATION_OF_FAT_CELL_DIFFERENTIATION	1
GOBP_NEGATIVE_REGULATION_OF_INTERLEUKIN_1_BETA_PRODUCTION	1
GOBP_NEGATIVE_REGULATION_OF_INTERLEUKIN_1_PRODUCTION	1
GOBP_POSITIVE_REGULATION_OF_NATURAL_KILLER_CELL_DIFFERENTIATION	1
GOBP_POSITIVE_REGULATION_OF_STRIATED_MUSCLE_CELL_DIFFERENTIATION	1
GOBP_NEGATIVE_REGULATION_OF_EPITHELIAL_CELL_MIGRATION	1
GOBP_AMEBOIDAL_TYPE_CELL_MIGRATION	1
GOBP_SMOOTH_MUSCLE_CELL_DIFFERENTIATION	1
GOBP_MUSCLE_CELL_DIFFERENTIATION	1
GOBP_CARDIAC_PACEMAKER_CELL_DIFFERENTIATION	1
GOBP_SKELETAL_MUSCLE_CELL_DIFFERENTIATION	1
GOBP_POSITIVE_REGULATION_OF_MYELOID_LEUKOCYTE_CYTOKINE_PRODUCTION_INVOLVED_IN_IMMUNE_RESPONSE	1
GOBP_NEGATIVE_REGULATION_OF_CELLULAR_RESPONSE_TO_GROWTH_FACTOR_STIMULUS	1
GOBP_LYMPHATIC_ENDOTHELIAL_CELL_DIFFERENTIATION	1
GOBP_RESPONSE_TO_INTERLEUKIN_18	1
GOBP_POSITIVE_REGULATION_OF_SMOOTH_MUSCLE_CELL_DIFFERENTIATION	1
GOBP_POSITIVE_REGULATION_OF_CELL_DIFFERENTIATION	1
GOBP_POSITIVE_REGULATION_OF_CELL_POPULATION_PROLIFERATION	1
GOBP_TUMOR_NECROSIS_FACTOR_MEDIATED_SIGNALING_PATHWAY	1
GOBP_VASCULAR_ASSOCIATED_SMOOTH_MUSCLE_CELL_DIFFERENTIATION	1
GOBP_PLASMA_LIPOPROTEIN_PARTICLE_CLEARANCE	1
GOBP_T_CELL_TOLERANCE_INDUCTION	1
GOBP_POSITIVE_REGULATION_OF_TRANSFORMING_GROWTH_FACTOR_BETA1_PRODUCTION	1
GOBP_TYPE_B_PANCREATIC_CELL_PROLIFERATION	1
GOBP_NEGATIVE_REGULATION_OF_MONONUCLEAR_CELL_MIGRATION	1
GOBP_INTERLEUKIN_5_PRODUCTION	1
GOBP_CELL_PROLIFERATION_IN_BONE_MARROW	1
GOBP_REGULATION_OF_ANTIGEN_PROCESSING_AND_PRESENTATION_OF_PEPTIDE_ANTIGEN	1
GOBP_NEGATIVE_REGULATION_OF_PLATELET_ACTIVATION	1
GOBP_POSITIVE_REGULATION_OF_VASCULAR_ASSOCIATED_SMOOTH_MUSCLE_CELL_MIGRATION	1
GOBP_POSITIVE_REGULATION_OF_REGULATORY_T_CELL_DIFFERENTIATION	1
GOBP_POSITIVE_REGULATION_OF_GAMMA_DELTA_T_CELL_DIFFERENTIATION	1
GOBP_GAMMA_DELTA_T_CELL_ACTIVATION	1
GOBP_GAMMA_DELTA_T_CELL_DIFFERENTIATION	1
GOBP_REGULATION_OF_GAMMA_DELTA_T_CELL_DIFFERENTIATION	1
GOBP_REGULATION_OF_NEUTROPHIL_DEGRANULATION	1
GOBP_NEGATIVE_REGULATION_OF_LEUKOCYTE_MEDIATED_IMMUNITY	1
GOBP_NEGATIVE_REGULATION_OF_T_CELL_APOPTOTIC_PROCESS	1
GOBP_REGULATION_OF_CD4_POSITIVE_ALPHA_BETA_T_CELL_DIFFERENTIATION	1
GOBP_REGULATION_OF_ALPHA_BETA_T_CELL_DIFFERENTIATION	1
GOBP_POSITIVE_REGULATION_OF_MAST_CELL_ACTIVATION	1
GOBP_REGULATION_OF_PLATELET_ACTIVATION	1
GOBP_POSITIVE_REGULATION_OF_MAST_CELL_ACTIVATION_INVOLVED_IN_IMMUNE_RESPONSE	1
GOBP_MICROGLIAL_CELL_MEDIATED_CYTOTOXICITY	1
GOBP_TOLL_LIKE_RECEPTOR_2_SIGNALING_PATHWAY	1
GOBP_CD4_POSITIVE_ALPHA_BETA_T_CELL_ACTIVATION	1
GOBP_INDUCTION_OF_POSITIVE_CHEMOTAXIS	1
GOBP_GERMINAL_CENTER_B_CELL_DIFFERENTIATION	1
GOBP_NEUTROPHIL_EXTRAVASATION	1
GOBP_POSITIVE_REGULATION_OF_CARDIAC_MUSCLE_CELL_DIFFERENTIATION	1
GOBP_T_CELL_DIFFERENTIATION_INVOLVED_IN_IMMUNE_RESPONSE	1
GOBP_CD4_POSITIVE_ALPHA_BETA_T_CELL_DIFFERENTIATION	1
GOBP_REGULATION_OF_T_CELL_APOPTOTIC_PROCESS	1
GOBP_IMMUNE_COMPLEX_CLEARANCE	1
GOBP_T_CELL_ACTIVATION_INVOLVED_IN_IMMUNE_RESPONSE	1
GOBP_EPITHELIAL_CELL_PROLIFERATION_INVOLVED_IN_SALIVARY_GLAND_MORPHOGENESIS	1
GOBP_LIPOPOLYSACCHARIDE_MEDIATED_SIGNALING_PATHWAY	1
GOBP_POSITIVE_REGULATION_OF_INTERLEUKIN_17_PRODUCTION	1
GOBP_ALPHA_BETA_T_CELL_ACTIVATION	1
GOBP_FC_RECEPTOR_MEDIATED_INHIBITORY_SIGNALING_PATHWAY	1
GOBP_DENDRITIC_CELL_CHEMOTAXIS	1
GOBP_COMPLEMENT_ACTIVATION_ALTERNATIVE_PATHWAY	1
GOBP_NEGATIVE_REGULATION_OF_ACUTE_INFLAMMATORY_RESPONSE_TO_ANTIGENIC_STIMULUS	1
GOBP_B_CELL_RECEPTOR_SIGNALING_PATHWAY	1
GOBP_NEGATIVE_REGULATION_OF_INTERLEUKIN_2_PRODUCTION	1
GOBP_LYMPHOCYTE_MIGRATION	1
GOBP_NEGATIVE_REGULATION_OF_COMPLEMENT_ACTIVATION	1
GOBP_NEGATIVE_REGULATION_OF_HUMORAL_IMMUNE_RESPONSE	1
GOBP_CELLULAR_EXTRAVASATION	1
GOBP_MONONUCLEAR_CELL_MIGRATION	1
GOBP_LYMPHOCYTE_ACTIVATION_INVOLVED_IN_IMMUNE_RESPONSE	1
GOBP_NEGATIVE_REGULATION_OF_CELL_ACTIVATION	1
GOBP_MYELOID_LEUKOCYTE_ACTIVATION	1
GOBP_POSITIVE_REGULATION_OF_LEUKOCYTE_PROLIFERATION	1
GOBP_INTERFERON_GAMMA_PRODUCTION	1
GOBP_MELANOCYTE_PROLIFERATION	1
GOBP_REGULATION_OF_ALPHA_BETA_T_CELL_ACTIVATION	1
GOBP_NEGATIVE_REGULATION_OF_ALPHA_BETA_T_CELL_ACTIVATION	1
GOBP_NEGATIVE_REGULATION_OF_CELL_MIGRATION_INVOLVED_IN_SPROUTING_ANGIOGENESIS	1
GOBP_RESPONSE_TO_INTERLEUKIN_15	1
GOBP_POSITIVE_REGULATION_OF_MAST_CELL_CHEMOTAXIS	1
GOBP_REGULATION_OF_MAST_CELL_CHEMOTAXIS	1
GOBP_POSITIVE_REGULATION_OF_HUMORAL_IMMUNE_RESPONSE	1
GOBP_POSITIVE_REGULATION_OF_ACTIVATION_OF_JANUS_KINASE_ACTIVITY	1
GOBP_GRANULOCYTE_ACTIVATION	1
GOBP_NEGATIVE_REGULATION_OF_IMMUNE_RESPONSE	1
GOBP_REGULATION_OF_LEUKOCYTE_MEDIATED_IMMUNITY	1
GOBP_REGULATION_OF_IMMUNE_EFFECTOR_PROCESS	1
GOBP_NEGATIVE_REGULATION_OF_INTERLEUKIN_10_PRODUCTION	1
GOBP_T_CELL_ACTIVATION_VIA_T_CELL_RECEPTOR_CONTACT_WITH_ANTIGEN_BOUND_TO_MHC_MOLECULE_ON_ANTIGEN_PRESENTING_CELL	1
GOBP_LEUKOCYTE_MEDIATED_CYTOTOXICITY	1
GOBP_REGULATION_OF_CELL_KILLING	1
GOBP_REGULATION_OF_LEUKOCYTE_MEDIATED_CYTOTOXICITY	1
GOBP_POSITIVE_REGULATION_OF_LEUKOCYTE_MEDIATED_IMMUNITY	1
GOBP_NEGATIVE_REGULATION_OF_INNATE_IMMUNE_RESPONSE	1
GOBP_REGULATION_OF_T_CELL_ACTIVATION_VIA_T_CELL_RECEPTOR_CONTACT_WITH_ANTIGEN_BOUND_TO_MHC_MOLECULE_ON_ANTIGEN_PRESENTING_CELL	1
GOBP_REGULATION_OF_INFLAMMATORY_RESPONSE_TO_ANTIGENIC_STIMULUS	1
GOBP_REGULATION_OF_HUMORAL_IMMUNE_RESPONSE_MEDIATED_BY_CIRCULATING_IMMUNOGLOBULIN	1
GOBP_REGULATION_OF_LYMPHOCYTE_MEDIATED_IMMUNITY	1
GOBP_POSITIVE_REGULATION_OF_IMMUNE_EFFECTOR_PROCESS	1
GOBP_REGULATION_OF_HUMORAL_IMMUNE_RESPONSE	1
GOBP_ANTIGEN_PROCESSING_AND_PRESENTATION_OF_EXOGENOUS_PEPTIDE_ANTIGEN	1
GOBP_ANTIGEN_PROCESSING_AND_PRESENTATION_OF_EXOGENOUS_PEPTIDE_ANTIGEN_VIA_MHC_CLASS_II	1
GOBP_ANTIGEN_PROCESSING_AND_PRESENTATION_OF_PEPTIDE_OR_POLYSACCHARIDE_ANTIGEN_VIA_MHC_CLASS_II	1
GOBP_NEGATIVE_REGULATION_OF_BLOOD_VESSEL_ENDOTHELIAL_CELL_PROLIFERATION_INVOLVED_IN_SPROUTING_ANGIOGENESIS	1
GOBP_NEGATIVE_REGULATION_OF_IMMUNE_EFFECTOR_PROCESS	1
GOBP_ANTIGEN_PROCESSING_AND_PRESENTATION_OF_PEPTIDE_ANTIGEN	1
GOBP_REGULATION_OF_LEUKOCYTE_TETHERING_OR_ROLLING	1
GOBP_ASTROCYTE_ACTIVATION	1
GOBP_NEGATIVE_REGULATION_OF_HUMORAL_IMMUNE_RESPONSE_MEDIATED_BY_CIRCULATING_IMMUNOGLOBULIN	1
GOBP_POSITIVE_REGULATION_OF_ACTIVATED_T_CELL_PROLIFERATION	1
GOBP_REGULATION_OF_B_CELL_PROLIFERATION	1
GOBP_POSITIVE_REGULATION_OF_DENDRITIC_CELL_DIFFERENTIATION	1
GOBP_MACROPHAGE_COLONY_STIMULATING_FACTOR_SIGNALING_PATHWAY	1
GOBP_REGULATION_OF_COMPLEMENT_ACTIVATION_CLASSICAL_PATHWAY	1
GOBP_REGULATION_OF_NEUTROPHIL_ACTIVATION	1
GOBP_REGULATORY_T_CELL_DIFFERENTIATION	1
GOBP_REGULATION_OF_GAMMA_DELTA_T_CELL_ACTIVATION	1
GOBP_POSITIVE_REGULATION_OF_GAMMA_DELTA_T_CELL_ACTIVATION	1
GOBP_MACROPHAGE_APOPTOTIC_PROCESS	1
GOBP_NEGATIVE_T_CELL_SELECTION	1
GOBP_MESANGIAL_CELL_DIFFERENTIATION	1
GOBP_REGULATION_OF_ANTIGEN_PROCESSING_AND_PRESENTATION_OF_PEPTIDE_OR_POLYSACCHARIDE_ANTIGEN_VIA_MHC_CLASS_II	1
GOBP_NEGATIVE_REGULATION_OF_PRODUCTION_OF_MOLECULAR_MEDIATOR_OF_IMMUNE_RESPONSE	1
GOBP_PERICYTE_CELL_DIFFERENTIATION	1
GOBP_POSITIVE_REGULATION_OF_DENDRITIC_CELL_ANTIGEN_PROCESSING_AND_PRESENTATION	1
GOBP_LEUKOCYTE_MIGRATION_INVOLVED_IN_INFLAMMATORY_RESPONSE	1
GOBP_ANTIGEN_PROCESSING_AND_PRESENTATION_OF_ENDOGENOUS_PEPTIDE_ANTIGEN_VIA_MHC_CLASS_I_VIA_ER_PATHWAY	1
GOBP_POSITIVE_REGULATION_OF_INNATE_IMMUNE_RESPONSE	1
GOBP_NEUTROPHIL_MIGRATION	1
GOBP_NEGATIVE_REGULATION_OF_LEUKOCYTE_MIGRATION	1
GOBP_DEFENSE_RESPONSE_TO_GRAM_NEGATIVE_BACTERIUM	1
GOBP_PLASMINOGEN_ACTIVATION	1
GOBP_RESPIRATORY_BURST_INVOLVED_IN_INFLAMMATORY_RESPONSE	1
GOBP_COMPLEMENT_ACTIVATION	1
GOBP_EOSINOPHIL_MIGRATION	1
GOBP_NEGATIVE_REGULATION_OF_CHRONIC_INFLAMMATORY_RESPONSE	1
GOBP_REGULATION_OF_DENDRITIC_CELL_ANTIGEN_PROCESSING_AND_PRESENTATION	1
GOBP_POSITIVE_REGULATION_OF_T_CELL_APOPTOTIC_PROCESS	1
GOBP_REGULATION_OF_ACUTE_INFLAMMATORY_RESPONSE	1
GOBP_NEURAL_CREST_CELL_MIGRATION_INVOLVED_IN_AUTONOMIC_NERVOUS_SYSTEM_DEVELOPMENT	1
GOBP_NEGATIVE_REGULATION_OF_MACROPHAGE_ACTIVATION	1
GOBP_NEGATIVE_REGULATION_OF_LEUKOCYTE_PROLIFERATION	1
GOBP_PLATELET_ACTIVATION	1
GOBP_NEGATIVE_REGULATION_OF_DEFENSE_RESPONSE	1
GOBP_IMMUNE_EFFECTOR_PROCESS	1
GOBP_LEUKOCYTE_MEDIATED_IMMUNITY	1
GOBP_LYMPHOCYTE_MEDIATED_IMMUNITY	1
GOBP_ADAPTIVE_IMMUNE_RESPONSE_BASED_ON_SOMATIC_RECOMBINATION_OF_IMMUNE_RECEPTORS_BUILT_FROM_IMMUNOGLOBULIN_SUPERFAMILY_DOMAINS	1
GOBP_ADAPTIVE_IMMUNE_RESPONSE	1
GOBP_POSITIVE_REGULATION_OF_LEUKOCYTE_CELL_CELL_ADHESION	1
GOBP_ANTIGEN_PROCESSING_AND_PRESENTATION	1
GOBP_POSITIVE_REGULATION_OF_T_CELL_DIFFERENTIATION_IN_THYMUS	1
GOBP_REGULATION_OF_T_CELL_ACTIVATION	1
GOBP_REGULATION_OF_CELL_ACTIVATION	1
GOBP_LEUKOCYTE_CELL_CELL_ADHESION	1
GOBP_REGULATION_OF_LEUKOCYTE_PROLIFERATION	1
GOBP_OSTEOCLAST_PROLIFERATION	1
GOBP_POSITIVE_REGULATION_OF_CELL_ACTIVATION	1
GOBP_DENDRITIC_CELL_APOPTOTIC_PROCESS	1
GOBP_PRODUCTION_OF_MOLECULAR_MEDIATOR_OF_IMMUNE_RESPONSE	1
GOBP_NEGATIVE_REGULATION_OF_INTERFERON_GAMMA_PRODUCTION	1
GOBP_REGULATION_OF_ANTIGEN_PROCESSING_AND_PRESENTATION	1
GOBP_DENDRITIC_CELL_ANTIGEN_PROCESSING_AND_PRESENTATION	1
GOBP_B_CELL_MEDIATED_IMMUNITY	1
GOBP_NEGATIVE_REGULATION_OF_CYTOKINE_PRODUCTION_INVOLVED_IN_IMMUNE_RESPONSE	1
GOBP_NEGATIVE_REGULATION_OF_PLASMINOGEN_ACTIVATION	1
GOBP_POSITIVE_REGULATION_OF_EPIDERMAL_CELL_DIFFERENTIATION	1
GOBP_POSITIVE_REGULATION_OF_CELL_MIGRATION_BY_VASCULAR_ENDOTHELIAL_GROWTH_FACTOR_SIGNALING_PATHWAY	1
GOBP_ENDOTHELIAL_CELL_CHEMOTAXIS	1
GOBP_POSITIVE_REGULATION_OF_EPIDERMAL_GROWTH_FACTOR_ACTIVATED_RECEPTOR_ACTIVITY	1
GOBP_POSITIVE_REGULATION_OF_CELL_MIGRATION_INVOLVED_IN_SPROUTING_ANGIOGENESIS	1
GOBP_REGULATION_OF_ENDOTHELIAL_CELL_CHEMOTAXIS	1
GOBP_POSITIVE_REGULATION_OF_ACUTE_INFLAMMATORY_RESPONSE	1
GOBP_ACUTE_INFLAMMATORY_RESPONSE	1
GOBP_LYMPHOCYTE_CHEMOTAXIS	1
GOBP_CELL_CHEMOTAXIS	1
GOBP_HUMORAL_IMMUNE_RESPONSE	1
GOBP_DEFENSE_RESPONSE_TO_BACTERIUM	1
GOBP_MATURE_B_CELL_DIFFERENTIATION	1
GOBP_NEGATIVE_REGULATION_OF_NEUTROPHIL_MIGRATION	1
GOBP_CELL_KILLING	1
GOBP_ACUTE_INFLAMMATORY_RESPONSE_TO_ANTIGENIC_STIMULUS	1
GOBP_CYTOKINE_PRODUCTION_INVOLVED_IN_IMMUNE_RESPONSE	1
GOBP_POSITIVE_REGULATION_OF_CYTOKINE_PRODUCTION_INVOLVED_IN_IMMUNE_RESPONSE	1
GOBP_NEGATIVE_REGULATION_OF_CELL_PROLIFERATION_INVOLVED_IN_KIDNEY_DEVELOPMENT	2
GOBP_CHORIONIC_TROPHOBLAST_CELL_PROLIFERATION	2
GOBP_NEUROENDOCRINE_CELL_DIFFERENTIATION	2
GOBP_REGULATION_OF_PLATELET_DERIVED_GROWTH_FACTOR_RECEPTOR_BETA_SIGNALING_PATHWAY	2
GOBP_NEGATIVE_REGULATION_OF_VASCULAR_ASSOCIATED_SMOOTH_MUSCLE_CELL_MIGRATION	2
GOBP_REGULATION_OF_RESPONSE_TO_OXIDATIVE_STRESS	2
GOBP_HEMATOPOIETIC_STEM_CELL_MIGRATION	2
GOBP_REGULATION_OF_B_CELL_APOPTOTIC_PROCESS	2
GOBP_B_CELL_HOMEOSTASIS	2
GOBP_REGULATION_OF_OXIDATIVE_STRESS_INDUCED_CELL_DEATH	2
GOBP_B_CELL_ACTIVATION_INVOLVED_IN_IMMUNE_RESPONSE	2
GOBP_MYELOID_CELL_HOMEOSTASIS	2
GOBP_REGULATION_OF_MYELOID_CELL_DIFFERENTIATION	2
GOBP_POSITIVE_REGULATION_OF_TYPE_I_INTERFERON_PRODUCTION	2
GOBP_CHEMOKINE_C_X_C_MOTIF_LIGAND_2_PRODUCTION	2
GOBP_NEUROEPITHELIAL_CELL_DIFFERENTIATION	2
GOBP_NEGATIVE_REGULATION_OF_B_CELL_APOPTOTIC_PROCESS	2
GOBP_VASCULAR_ENDOTHELIAL_CELL_PROLIFERATION	2
GOBP_NEGATIVE_REGULATION_OF_NEURAL_PRECURSOR_CELL_PROLIFERATION	2
GOBP_NEGATIVE_REGULATION_OF_T_CELL_RECEPTOR_SIGNALING_PATHWAY	2
GOBP_CARDIAC_MUSCLE_CELL_PROLIFERATION	2
GOBP_REGULATION_OF_CARDIAC_MUSCLE_CELL_PROLIFERATION	2
GOBP_STRIATED_MUSCLE_CELL_PROLIFERATION	2
GOBP_NEGATIVE_REGULATION_OF_LYMPHOCYTE_MIGRATION	2
GOBP_MESENCHYMAL_CELL_DIFFERENTIATION	2
GOBP_REGULATION_OF_MUSCLE_CELL_DIFFERENTIATION	2
GOBP_NEGATIVE_REGULATION_OF_CARDIAC_MUSCLE_CELL_PROLIFERATION	2
GOBP_RESPONSE_TO_GROWTH_FACTOR	2
GOBP_INTERLEUKIN_6_MEDIATED_SIGNALING_PATHWAY	2
GOBP_PIGMENT_CELL_DIFFERENTIATION	2
GOBP_POSITIVE_REGULATION_OF_CD4_POSITIVE_ALPHA_BETA_T_CELL_PROLIFERATION	2
GOBP_POSITIVE_REGULATION_OF_CELLULAR_RESPONSE_TO_TRANSFORMING_GROWTH_FACTOR_BETA_STIMULUS	2
GOBP_POSITIVE_REGULATION_OF_MYOBLAST_PROLIFERATION	2
GOBP_NEURAL_CREST_CELL_DIFFERENTIATION	2
GOBP_NEGATIVE_REGULATION_OF_HEMATOPOIETIC_PROGENITOR_CELL_DIFFERENTIATION	2
GOBP_NEGATIVE_REGULATION_OF_OXIDATIVE_STRESS_INDUCED_NEURON_DEATH	2
GOBP_POLARIZED_EPITHELIAL_CELL_DIFFERENTIATION	2
GOBP_STEM_CELL_DIFFERENTIATION	2
GOBP_NEGATIVE_REGULATION_OF_STEM_CELL_DIFFERENTIATION	2
GOBP_NEGATIVE_REGULATION_OF_OXIDATIVE_STRESS_INDUCED_CELL_DEATH	2
GOBP_HINDBRAIN_RADIAL_GLIA_GUIDED_CELL_MIGRATION	2
GOBP_NEGATIVE_REGULATION_OF_MYELOID_CELL_DIFFERENTIATION	2
GOBP_NEGATIVE_REGULATION_OF_CHONDROCYTE_PROLIFERATION	2
GOBP_LENS_FIBER_CELL_DIFFERENTIATION	2
GOBP_POSITIVE_REGULATION_OF_CARDIAC_MUSCLE_CELL_PROLIFERATION	2
GOBP_REGULATION_OF_NEURAL_PRECURSOR_CELL_PROLIFERATION	2
GOBP_NEGATIVE_REGULATION_OF_CELL_DIFFERENTIATION	2
GOBP_HEMATOPOIETIC_STEM_CELL_MIGRATION_TO_BONE_MARROW	2
GOBP_ACTIVATION_OF_INNATE_IMMUNE_RESPONSE	2
GOBP_RESPONSE_TO_OXIDATIVE_STRESS	2
GOBP_MYOBLAST_PROLIFERATION	2
GOBP_PLATELET_DERIVED_GROWTH_FACTOR_RECEPTOR_SIGNALING_PATHWAY	2
GOBP_NEURAL_PRECURSOR_CELL_PROLIFERATION	2
GOBP_MITOCHONDRIAL_OUTER_MEMBRANE_PERMEABILIZATION_INVOLVED_IN_PROGRAMMED_CELL_DEATH	2
GOBP_NEGATIVE_REGULATION_OF_EPIDERMAL_GROWTH_FACTOR_ACTIVATED_RECEPTOR_ACTIVITY	2
GOBP_REGULATION_OF_MYOBLAST_PROLIFERATION	2
GOBP_REGULATION_OF_PLATELET_DERIVED_GROWTH_FACTOR_RECEPTOR_SIGNALING_PATHWAY	2
GOBP_NEGATIVE_REGULATION_OF_PLATELET_DERIVED_GROWTH_FACTOR_RECEPTOR_SIGNALING_PATHWAY	2
GOBP_POSITIVE_REGULATION_OF_HEMATOPOIETIC_STEM_CELL_PROLIFERATION	2
GOBP_POSITIVE_REGULATION_OF_TOLL_LIKE_RECEPTOR_9_SIGNALING_PATHWAY	2
GOBP_HAIR_CELL_DIFFERENTIATION	2
GOBP_FOREBRAIN_CELL_MIGRATION	2
GOBP_CELL_CYCLE_CHECKPOINT_SIGNALING	2
GOBP_MITOTIC_DNA_INTEGRITY_CHECKPOINT_SIGNALING	2
GOBP_ACTIVATION_OF_PHOSPHOLIPASE_D_ACTIVITY	2
GOBP_MITOTIC_G2_M_TRANSITION_CHECKPOINT	2
GOBP_TRANSPORT_OF_VIRUS	2
GOBP_TROPHECTODERMAL_CELL_DIFFERENTIATION	2
GOBP_CEREBRAL_CORTEX_CELL_MIGRATION	2
GOBP_NEGATIVE_CHEMOTAXIS	2
GOBP_REGULATION_OF_OXIDATIVE_STRESS_INDUCED_INTRINSIC_APOPTOTIC_SIGNALING_PATHWAY	2
GOBP_PRO_B_CELL_DIFFERENTIATION	2
GOBP_NEGATIVE_REGULATION_OF_OXIDATIVE_STRESS_INDUCED_INTRINSIC_APOPTOTIC_SIGNALING_PATHWAY	2
GOBP_INTRINSIC_APOPTOTIC_SIGNALING_PATHWAY_IN_RESPONSE_TO_OXIDATIVE_STRESS	2
GOBP_CANONICAL_WNT_SIGNALING_PATHWAY_INVOLVED_IN_REGULATION_OF_CELL_PROLIFERATION	2
GOBP_PANCREATIC_A_CELL_DIFFERENTIATION	2
GOBP_REGULATION_OF_AUTOPHAGY_OF_MITOCHONDRION	2
GOBP_POSITIVE_REGULATION_OF_AUTOPHAGY_OF_MITOCHONDRION	2
GOBP_NERVE_GROWTH_FACTOR_SIGNALING_PATHWAY	2
GOBP_REGULATION_OF_AUTOPHAGY	2
GOBP_RESPONSE_TO_NERVE_GROWTH_FACTOR	2
GOBP_NEURON_INTRINSIC_APOPTOTIC_SIGNALING_PATHWAY_IN_RESPONSE_TO_OXIDATIVE_STRESS	2
GOBP_INNER_CELL_MASS_CELL_PROLIFERATION	2
GOBP_LEYDIG_CELL_DIFFERENTIATION	2
GOBP_NEGATIVE_REGULATION_OF_CHEMOKINE_C_C_MOTIF_LIGAND_5_PRODUCTION	2
GOBP_REGULATION_OF_TYPE_I_INTERFERON_MEDIATED_SIGNALING_PATHWAY	2
