Pathway	logFC	AveExpr	t	P.Value	adj.P.Val	B
GOBP_COMPARTMENT_PATTERN_SPECIFICATION	1.1009764918607234	-0.15226582082081958	11.658369390292814	3.087426686979145e-8	1.755185652496657e-4	9.048229753638847
GOBP_ADENYLATE_CYCLASE_INHIBITING_SEROTONIN_RECEPTOR_SIGNALING_PATHWAY	-1.3155661013368614	0.04247192567243098	-11.095792367795877	5.546317644452221e-8	1.755185652496657e-4	8.54909668718156
GOBP_PATTERN_SPECIFICATION_INVOLVED_IN_KIDNEY_DEVELOPMENT	1.0002973570358553	-0.17703503131051043	10.733706596856795	8.192832708719557e-8	1.755185652496657e-4	8.211907572050553
GOBP_REGULATION_OF_DNA_PRIMASE_ACTIVITY	1.244991760554396	-0.06694501401346875	10.62448650969572	9.235388858177621e-8	1.755185652496657e-4	8.107641225960442
GOBP_PROXIMAL_DISTAL_PATTERN_FORMATION_INVOLVED_IN_NEPHRON_DEVELOPMENT	1.2555636008494753	-0.19133418946359618	10.362037180357248	1.2366512010483227e-7	1.88020448607387e-4	7.852103910950535
GOBP_MEIOTIC_CHROMOSOME_CONDENSATION	1.1546675470751058	0.03256486071502265	9.96221308337499	1.951768184118351e-7	2.1303494703136776e-4	7.448824589135083
GOBP_POSITIVE_REGULATION_OF_CHROMOSOME_CONDENSATION	1.3159318337866734	-0.09031970262208432	9.957858517660856	1.961647762719777e-7	2.1303494703136776e-4	7.444336884284135
GOBP_ARTERIAL_ENDOTHELIAL_CELL_DIFFERENTIATION	0.8692565834753135	-0.13957310554199376	9.312328543092034	4.229237012925161e-7	4.0188324715321344e-4	6.755317449439663
GOBP_POSITIVE_REGULATION_OF_EPITHELIAL_CELL_DIFFERENTIATION_INVOLVED_IN_KIDNEY_DEVELOPMENT	0.9363934091699165	-0.1948079863339396	9.13669973842699	5.249188971957067e-7	4.4338149516464026e-4	6.559417376735875
GOBP_REGULATION_OF_ANAPHASE_PROMOTING_COMPLEX_DEPENDENT_CATABOLIC_PROCESS	0.9620880182361295	-0.16540096547362715	8.875301552753116	7.282527763431916e-7	5.096229905513433e-4	6.260874306618056
GOBP_LOOP_OF_HENLE_DEVELOPMENT	0.8598546336705623	-0.12047039583926131	8.86542757641525	7.374181657543772e-7	5.096229905513433e-4	6.249430873159651
GOBP_RHOMBOMERE_DEVELOPMENT	0.9773848885293644	-0.1754312538577176	8.241207635740906	1.6611452389807067e-6	0.0010041874441437946	5.500564217754294
GOBP_KINETOCHORE_ORGANIZATION	0.8882144832119112	-0.051420722851386554	8.216371274620684	1.7172371446815747e-6	0.0010041874441437946	5.469707573449141
GOBP_CONVERGENT_EXTENSION_INVOLVED_IN_AXIS_ELONGATION	1.044606531664107	0.05775945793236964	8.104605753951374	1.995786923473032e-6	0.0010837122994458565	5.329818129586376
GOBP_PLANAR_CELL_POLARITY_PATHWAY_INVOLVED_IN_NEURAL_TUBE_CLOSURE	0.8420175863888649	0.06101385600216837	8.044927068882476	2.163867149841295e-6	0.0010966478715395685	5.2544258865025695
GOBP_G2_MI_TRANSITION_OF_MEIOTIC_CELL_CYCLE	0.8585324146770115	-0.2476389942165975	7.907800633853158	2.6097928098816872e-6	0.0012399778087950365	5.079337536781373
GOBP_POSITIVE_REGULATION_OF_GASTRULATION	0.8187585849580984	-0.21339634878538716	7.642662346519805	3.7732181075927133e-6	0.0016113320082495968	4.733351159324976
GOBP_SUBSTRATE_INDEPENDENT_TELENCEPHALIC_TANGENTIAL_MIGRATION	-0.7746561045418074	0.08792764732093494	-7.627518566497806	3.854502802476034e-6	0.0016113320082495968	4.713289287912892
GOBP_ADENYLATE_CYCLASE_INHIBITING_G_PROTEIN_COUPLED_ACETYLCHOLINE_RECEPTOR_SIGNALING_PATHWAY	-0.9268695544186532	0.11864282534828773	-7.562885471879709	4.222912740145475e-6	0.0016113320082495968	4.627297260736081
GOBP_CELLULAR_RESPONSE_TO_PEPTIDOGLYCAN	1.0063320266621516	-0.1500555402289985	7.560162545616026	4.239231802813988e-6	0.0016113320082495968	4.623661357723042
GOBP_REGULATION_OF_MOTOR_NEURON_APOPTOTIC_PROCESS	-0.9915283084643935	0.08273136060170494	-7.516175717047874	4.512338236135714e-6	0.0016334664414811286	4.564778315716704
GOBP_FOREBRAIN_NEURON_FATE_COMMITMENT	-0.7366329532921456	0.05864630357517574	-7.3561971970422	5.674127809844546e-6	0.0018403707471943737	4.348262234312959
GOBP_AMYGDALA_DEVELOPMENT	-0.9048906085750182	0.020484750660397757	-7.348903487896832	5.734144712524449e-6	0.0018403707471943737	4.338302091017703
GOBP_ESTABLISHMENT_OF_PLANAR_POLARITY_INVOLVED_IN_NEURAL_TUBE_CLOSURE	0.7833871775139382	0.05364011740331743	7.339779933425363	5.81016810479676e-6	0.0018403707471943737	4.325832194811157
GOBP_SEROTONIN_RECEPTOR_SIGNALING_PATHWAY	-0.762106409213987	0.0041839063684053325	-7.1125827565920385	8.093122797954954e-6	0.002406616057974618	4.011352417622379
GOBP_REGULATION_OF_INNER_EAR_AUDITORY_RECEPTOR_CELL_DIFFERENTIATION	0.730155286076251	-0.2516088498663804	7.101122648375126	8.23099414724284e-6	0.002406616057974618	3.995287140192043
GOBP_NK_T_CELL_PROLIFERATION	0.7479260064348763	-0.1506847266761149	6.994049419802878	9.646126008905398e-6	0.002715920367396253	3.8442396675507853
GOBP_NEPHRON_TUBULE_EPITHELIAL_CELL_DIFFERENTIATION	0.7239231318408028	-0.1906262934892392	6.939815367414556	1.0459239306443101e-5	0.002839683471699302	3.7670763923553165
GOBP_NEGATIVE_REGULATION_OF_EPIDERMIS_DEVELOPMENT	0.6344151775481635	-0.22621379435409267	6.905934982604918	1.1003780698465941e-5	0.0028845083058530374	3.718647286266177
GOBP_KINETOCHORE_ASSEMBLY	0.7473438564033554	-0.047022378506330384	6.85628170555911	1.1856705408475526e-5	0.0030044891505076983	3.647359152087275
GOBP_GLUTAMATE_CATABOLIC_PROCESS	-0.9916310452421254	-0.054426638420845	-6.782670319791363	1.3252294664159807e-5	0.0032498046463529952	3.540987044299828
GOBP_INTERNEURON_MIGRATION_FROM_THE_SUBPALLIUM_TO_THE_CORTEX	-0.848730220048889	0.061117496909748416	-6.695967929347614	1.5122192873100609e-5	0.0035924659444159634	3.4146416015595014
GOBP_DOUBLE_STRAND_BREAK_REPAIR_VIA_BREAK_INDUCED_REPLICATION	0.9697357906504778	0.01707943660206792	6.6254231986540555	1.6849176940211785e-5	0.003881437669681515	3.310995458577975
GOBP_POSITIVE_REGULATION_OF_ATTACHMENT_OF_SPINDLE_MICROTUBULES_TO_KINETOCHORE	0.6647770570780565	-0.21611480737704195	6.5622992237742865	1.8571602520275987e-5	0.004152391834092296	3.217606347476811
GOBP_DEVELOPMENT_OF_SECONDARY_SEXUAL_CHARACTERISTICS	0.8768203793994412	-0.09471949745762635	6.413661286939525	2.3405163532941993e-5	0.005083601519355001	2.9952856214483647
GOBP_POSITIVE_REGULATION_OF_MITOTIC_CELL_CYCLE_SPINDLE_ASSEMBLY_CHECKPOINT	0.7965646693516069	0.10651426784943871	6.3745940001120935	2.4884791128172163e-5	0.0050990572474645555	2.9362871691194625
GOBP_REGULATION_OF_EPITHELIAL_CELL_DIFFERENTIATION_INVOLVED_IN_KIDNEY_DEVELOPMENT	0.6843735707074206	-0.2646741176711107	6.36685479937948	2.5189447297626437e-5	0.0050990572474645555	2.9245716737951346
GOBP_PROTEIN_LOCALIZATION_TO_CONDENSED_CHROMOSOME	0.8886101982562666	-0.11113194183436668	6.353978031452169	2.570510142263303e-5	0.0050990572474645555	2.9050585115936842
GOBP_PROTEIN_LOCALIZATION_TO_CHROMOSOME_CENTROMERIC_REGION	0.8759064244323087	-0.09702733175849364	6.335792540933447	2.6452401837674023e-5	0.0050990572474645555	2.877457022843635
GOBP_REGULATION_OF_CD40_SIGNALING_PATHWAY	0.9279607091573814	-0.14020089107644604	6.326806863089378	2.6830082859587243e-5	0.0050990572474645555	2.8637999294912424
GOBP_ANTEROGRADE_DENDRITIC_TRANSPORT_OF_NEUROTRANSMITTER_RECEPTOR_COMPLEX	-0.8781894041912996	-0.13287203687896043	-6.288013689365229	2.852713025751756e-5	0.005205878988530283	2.8046960328129797
GOBP_NEGATIVE_REGULATION_OF_SYNAPTIC_TRANSMISSION_GABAERGIC	-0.773890886094503	0.12185571850244038	-6.282842523340411	2.8761762367570627e-5	0.005205878988530283	2.7967998612600384
GOBP_PURINE_NUCLEOSIDE_DIPHOSPHATE_BIOSYNTHETIC_PROCESS	-0.7234684293366008	0.001567492134407686	-6.248536206066023	3.0370813897518272e-5	0.005295086249042303	2.7443107468556027
GOBP_CHROMOSOME_CONDENSATION	0.7746022827774782	-0.048985463981198914	6.242826584777326	3.064769731095256e-5	0.005295086249042303	2.7355572875180547
GOBP_MAINTENANCE_OF_DNA_METHYLATION	0.8241537572728198	-0.08948927458430726	6.22493753128066	3.153258186322622e-5	0.005326904162761017	2.708098813090566
GOBP_CENTROMERE_COMPLEX_ASSEMBLY	0.7940112853385853	-0.05817032973536396	6.169225845780804	3.4465173634297535e-5	0.00549792565965575	2.6222680462963366
GOBP_REGULATION_OF_MAMMARY_GLAND_EPITHELIAL_CELL_PROLIFERATION	0.7052513997075868	-0.08450033463041436	6.166438278988166	3.4619260974853065e-5	0.00549792565965575	2.6179608396753062
GOBP_G_PROTEIN_COUPLED_RECEPTOR_SIGNALING_PATHWAY_COUPLED_TO_CYCLIC_NUCLEOTIDE_SECOND_MESSENGER	-0.5712234325954076	-0.03328288510948556	-6.159805810044979	3.4988808205158625e-5	0.00549792565965575	2.6077078523741326
GOBP_CELLULAR_RESPONSE_TO_CAFFEINE	-0.6607521448326698	0.030050755598676475	-6.151845689599483	3.54378265355343e-5	0.00549792565965575	2.59539349208774
GOBP_REGULATION_OF_CHROMOSOME_CONDENSATION	0.9486735636677329	-0.12438867328544219	6.089316474397721	3.9183386625467814e-5	0.005957442102536126	2.498319415076378
GOBP_CELL_CYCLE_DNA_REPLICATION_INITIATION	1.020559477010631	-0.04334997006176847	6.062024949085516	4.094687745915823e-5	0.006103493381265115	2.4557608254959
GOBP_NEGATIVE_REGULATION_OF_PEPTIDYL_CYSTEINE_S_NITROSYLATION	-0.8151657345250384	0.11913870052328046	-6.03067409515884	4.30763450341392e-5	0.006176296515437704	2.4067299374800095
GOBP_NEGATIVE_REGULATION_OF_RESPIRATORY_BURST_INVOLVED_IN_INFLAMMATORY_RESPONSE	1.1387796856333898	-0.17218366789646766	6.027462117599634	4.3301008295436675e-5	0.006176296515437704	2.4016980121000637
GOBP_GLUTAMATE_BIOSYNTHETIC_PROCESS	-0.8523981438734489	-0.08928512745848652	-6.019367696398776	4.387266664478243e-5	0.006176296515437704	2.389010114403944
GOBP_AUTONOMIC_NERVOUS_SYSTEM_DEVELOPMENT	0.6043456384658338	-0.07301239211597488	5.991144610553325	4.59288465377549e-5	0.006240582198054741	2.344691599533042
GOBP_SEGMENT_SPECIFICATION	0.6226165534257214	-0.2043661726158337	5.972716501742834	4.732597800676567e-5	0.006240582198054741	2.31568766033011
GOBP_PROTEIN_LOCALIZATION_TO_PRESYNAPSE	-0.6537894056340772	0.04669194086460807	-5.96762790452619	4.771960304908082e-5	0.006240582198054741	2.307669493320417
GOBP_REGULATION_OF_SYNAPSE_STRUCTURAL_PLASTICITY	-0.7093523266147224	0.020797052466787282	-5.966460789078035	4.78103693979224e-5	0.006240582198054741	2.3058298910437793
GOBP_SYMPATHETIC_NERVOUS_SYSTEM_DEVELOPMENT	0.63574699059104	-0.08227143302951465	5.9565692399561625	4.858696884657083e-5	0.006240582198054741	2.2902304300177976
GOBP_REGULATION_OF_FOREBRAIN_NEURON_DIFFERENTIATION	0.6933523861493548	-0.34261724768300345	5.948195341524372	4.9254792407693295e-5	0.006240582198054741	2.2770125731498867
GOBP_CEREBRAL_CORTEX_GABAERGIC_INTERNEURON_DIFFERENTIATION	-0.8520111442360246	0.047520831208265654	-5.902215077382164	5.309798632774349e-5	0.006617227738746	2.2042418026306843
GOBP_PROTEIN_DNA_COVALENT_CROSS_LINKING_REPAIR	0.6604134409886103	-0.01670538282918484	5.88609577338869	5.4518931506148985e-5	0.0066847244727378154	2.178653378613048
GOBP_PARATHYROID_GLAND_DEVELOPMENT	0.7766587281280971	-0.11498331538295734	5.870132879634037	5.596556057137235e-5	0.0067531776422789305	2.1532737969594065
GOBP_RELAXATION_OF_SMOOTH_MUSCLE	-0.8138645340720719	0.12634610519875633	-5.824437207462243	6.033431264423988e-5	0.007166585073773618	2.080404903994814
GOBP_ANDROGEN_BIOSYNTHETIC_PROCESS	-0.6718088881634581	-0.0722325251605257	-5.810128248427178	6.177493199577662e-5	0.007224815892798368	2.0575210185844073
GOBP_CEREBRAL_CORTEX_GABAERGIC_INTERNEURON_DEVELOPMENT	-0.8992804672207783	0.06949213050938034	-5.796450671574734	6.318581760714487e-5	0.0072778573552956865	2.035617483646184
GOBP_NOTOCHORD_MORPHOGENESIS	0.7639342777676755	-0.007147844312213056	5.766231114322723	6.642451890528956e-5	0.007427575454317655	1.9871215084309943
GOBP_NEGATIVE_REGULATION_OF_CELL_DIVISION	0.6544732290553313	0.012608813841801337	5.762380076957155	6.684960836089756e-5	0.007427575454317655	1.9809313503196622
GOBP_POSITIVE_REGULATION_OF_CELL_CYCLE_CHECKPOINT	0.7005098010399735	0.10396618741798505	5.757281344782232	6.741682535489584e-5	0.007427575454317655	1.9727321507278193
GOBP_REGULATION_OF_SYSTEMIC_ARTERIAL_BLOOD_PRESSURE_BY_NOREPINEPHRINE_EPINEPHRINE	-0.8021632303246774	0.045621032309571485	-5.725840591935544	7.102811503156598e-5	0.007713653292428064	1.9220847509752756
GOBP_RESPONSE_TO_PHORBOL_13_ACETATE_12_MYRISTATE	0.7449603055617167	-0.12836098662784412	5.711808080491326	7.270496395923516e-5	0.007782539741693903	1.899431191245248
GOBP_ESTABLISHMENT_OR_MAINTENANCE_OF_CYTOSKELETON_POLARITY	0.6960537200580604	0.019082803592314283	5.700573310232401	7.407744992532389e-5	0.007782539741693903	1.8812725079128265
GOBP_NEURONAL_STEM_CELL_POPULATION_MAINTENANCE	0.5638966473446693	-0.11776178944370144	5.694327726314302	7.485218122501298e-5	0.007782539741693903	1.8711694755712136
GOBP_CELLULAR_RESPONSE_TO_PURINE_CONTAINING_COMPOUND	-0.6597927956479437	0.03670591084935658	-5.687115456632906	7.575742447847262e-5	0.007782539741693903	1.8594952967797704
GOBP_CORONARY_ARTERY_MORPHOGENESIS	0.6494902519493998	-0.11902360479926871	5.673164630922107	7.75412386109809e-5	0.007821145466716566	1.8368911968110853
GOBP_ANTEROGRADE_DENDRITIC_TRANSPORT	-0.8301592342087453	-0.019647954695954324	-5.668010923789523	7.821132443245582e-5	0.007821145466716566	1.8285332951127176
GOBP_MEIOTIC_SPINDLE_ASSEMBLY	0.8773251179758572	-0.08173474711189888	5.66034209196382	7.921970546397995e-5	0.007821145466716566	1.8160890576716335
GOBP_MESENCHYMAL_CELL_DIFFERENTIATION_INVOLVED_IN_KIDNEY_DEVELOPMENT	0.5785551054611121	-0.11874817985494868	5.645120965129574	8.126179494179545e-5	0.007854814284675892	1.7913631585833452
GOBP_REGULATION_OF_VENTRICULAR_CARDIAC_MUSCLE_CELL_MEMBRANE_DEPOLARIZATION	-0.7595918281448664	-0.08931813360940444	-5.631549687617469	8.312915563141357e-5	0.007854814284675892	1.769287623696651
GOBP_EQUILIBRIOCEPTION	0.7116445330764443	-0.08941881136426608	5.6190201560684585	8.489318807396087e-5	0.007854814284675892	1.748881776399469
GOBP_FEMALE_MEIOSIS_CHROMOSOME_SEGREGATION	0.8228922687897273	0.047311900472533266	5.600633861322468	8.755326016348931e-5	0.007854814284675892	1.7188943347645589
GOBP_POSITIVE_REGULATION_OF_GUANYLATE_CYCLASE_ACTIVITY	-0.765958280346504	0.11109428396862177	-5.589917616963775	8.914387462273814e-5	0.007854814284675892	1.7013928432357437
GOBP_MYOFIBROBLAST_DIFFERENTIATION	0.9299577877746084	-0.11943145825592409	5.583359284001389	9.013226254436816e-5	0.007854814284675892	1.6906733615289804
GOBP_NEGATIVE_REGULATION_OF_MESENCHYMAL_CELL_PROLIFERATION	0.7539518104965098	-0.025992724408945428	5.582573645871895	9.025143281513777e-5	0.007854814284675892	1.689388812716028
GOBP_REGULATION_OF_LOW_DENSITY_LIPOPROTEIN_PARTICLE_CLEARANCE	0.5555075041325013	-0.06671870048821235	5.572202683727807	9.184015111563002e-5	0.007854814284675892	1.672423130411624
GOBP_MITOTIC_CHROMOSOME_CONDENSATION	0.7596208916067826	0.06135987199345114	5.571079024593775	9.201403678262323e-5	0.007854814284675892	1.6705839781652694
GOBP_COLUMNAR_CUBOIDAL_EPITHELIAL_CELL_MATURATION	0.9231751216742602	-0.06975915345564704	5.5656686652229865	9.285613598198492e-5	0.007854814284675892	1.6617258839550102
GOBP_RESPONSE_TO_STILBENOID	-0.7076517585668005	-0.25852203174283456	-5.5651148550095195	9.294278918877094e-5	0.007854814284675892	1.660818910163525
GOBP_CEREBRAL_CORTEX_NEURON_DIFFERENTIATION	-0.6770315514771836	0.02066164417207585	-5.560820945942767	9.361753136695189e-5	0.007854814284675892	1.6537852112448368
GOBP_NEUROTRANSMITTER_RECEPTOR_TRANSPORT_POSTSYNAPTIC_ENDOSOME_TO_LYSOSOME	-0.6634562630125443	0.1851280572877168	-5.5601816003852225	9.37184364491515e-5	0.007854814284675892	1.6527376837920658
GOBP_RECEPTOR_DIFFUSION_TRAPPING	-0.6694356875740604	0.1839071428368777	-5.553051478483091	9.485151499346128e-5	0.007854814284675892	1.6410512429379223
GOBP_DERMATAN_SULFATE_METABOLIC_PROCESS	0.6223260375103212	-0.22969849021757294	5.546839498485185	9.585040212181954e-5	0.007854814284675892	1.6308634001604458
GOBP_IMMUNOGLOBULIN_V_D_J_RECOMBINATION	0.7151150881898634	-0.04473425466173305	5.545342075133548	9.60928345796972e-5	0.007854814284675892	1.6284067073735633
GOBP_METANEPHRIC_MESENCHYMAL_CELL_DIFFERENTIATION	0.6720395499508114	-0.09191500566623198	5.530264381250628	9.857005901728281e-5	0.007901141721544743	1.6036511909304236
GOBP_REGULATION_OF_MEMBRANE_DEPOLARIZATION_DURING_ACTION_POTENTIAL	-0.8012885877807675	0.07404770266253081	-5.5292549052246756	9.873828775937261e-5	0.007901141721544743	1.6019925447828998
GOBP_REGULATION_OF_ENDOSOME_TO_PLASMA_MEMBRANE_PROTEIN_TRANSPORT	-0.7194836149247197	0.1399404594716941	-5.522614942567736	9.985236583578355e-5	0.00790705921962111	1.5910787531804766
GOBP_VASCULAR_ASSOCIATED_SMOOTH_MUSCLE_CELL_DEVELOPMENT	0.670618662554475	-0.12081899853643571	5.510651961267709	1.0189295948096256e-4	0.00796736131337292	1.5713990140990513
GOBP_ADENYLATE_CYCLASE_ACTIVATING_DOPAMINE_RECEPTOR_SIGNALING_PATHWAY	-0.754997610112889	0.0925817802515411	-5.505932344739659	1.0270999851493637e-4	0.00796736131337292	1.5636290713824073
GOBP_NEGATIVE_REGULATION_OF_METAPHASE_ANAPHASE_TRANSITION_OF_CELL_CYCLE	0.7140767111286642	0.01973034686564499	5.466533525164265	1.098045283485057e-4	0.008431656813185256	1.4986359610634414
GOBP_DERMATAN_SULFATE_BIOSYNTHETIC_PROCESS	0.5931977385284274	-0.29704633077650733	5.458141678831611	1.1138094119923387e-4	0.008467179149965759	1.484762538411835
GOBP_RESPONSE_TO_CISPLATIN	0.7546171452282736	-0.18360032168432422	5.431086651545785	1.1662675360106814e-4	0.008702036721750716	1.4399634112336361
GOBP_REGULATION_OF_MICROVILLUS_LENGTH	-0.5360335514731392	-0.26200824781764853	-5.430417328821813	1.1675976659018326e-4	0.008702036721750716	1.438853726531355
GOBP_NEGATIVE_REGULATION_OF_GLUTAMATE_SECRETION	-0.7788677176852891	0.13229762817548854	-5.423528502021489	1.1813804086054836e-4	0.008719275598270763	1.4274287092971099
GOBP_MITOTIC_SPINDLE_MIDZONE_ASSEMBLY	0.8921956774395805	-0.02439767987413717	5.414641272126759	1.1994137039422966e-4	0.008767252862855133	1.4126789248970564
GOBP_DORSAL_SPINAL_CORD_DEVELOPMENT	0.5042072484580236	-0.09910068019211117	5.407900865636149	1.2132830193541602e-4	0.008773107078558788	1.401484297976756
GOBP_REGULATION_OF_SYNAPTIC_VESICLE_CYCLE	-0.793140922073285	0.22714392587247992	-5.401528769135643	1.2265490258181607e-4	0.008773107078558788	1.3908951553311333
GOBP_MITOTIC_DNA_REPLICATION	0.8329888470881085	-0.04534208215355031	5.397584713452984	1.234836171278335e-4	0.008773107078558788	1.3843379044123676
GOBP_CELLULAR_RESPONSE_TO_PARATHYROID_HORMONE_STIMULUS	-0.6666724818375857	-0.21575995925269084	-5.379689024467432	1.2731815949723117e-4	0.008961783782388438	1.3545561378383981
GOBP_NEGATIVE_REGULATION_OF_PROGRAMMED_NECROTIC_CELL_DEATH	0.5875379001614885	-0.07364733382422227	5.371620894810176	1.2908752778010112e-4	0.009002966845727786	1.3411137343801363
GOBP_ADP_BIOSYNTHETIC_PROCESS	-0.7199813018897573	-0.04422364806742219	-5.352389861669251	1.3340959288828222e-4	0.009219815683061103	1.309033844608936
GOBP_REGULATION_OF_RESPONSE_TO_DRUG	-1.019278967450772	0.12068641965047999	-5.339853481948526	1.3630843678291913e-4	0.009335285913727488	1.2880921014248745
GOBP_POSITIVE_REGULATION_OF_TOLL_LIKE_RECEPTOR_4_SIGNALING_PATHWAY	0.6998415626290284	-0.014011472220229948	5.317439467943525	1.416568664255188e-4	0.00961495980863209	1.2505922722571228
GOBP_REGULATION_OF_GASTRULATION	0.5563200706144417	-0.09096586172830211	5.307848976969683	1.4401203020054945e-4	0.009662529805904652	1.2345243069911866
GOBP_SPINAL_CORD_OLIGODENDROCYTE_CELL_DIFFERENTIATION	0.8410111985976575	0.06920232186468467	5.295801185177864	1.4702884865858232e-4	0.009662529805904652	1.2143202388880736
GOBP_NEGATIVE_REGULATION_OF_RESPIRATORY_BURST	0.908566145894231	-0.10621639878417095	5.2935229756588456	1.4760671881321698e-4	0.009662529805904652	1.2104973046807306
GOBP_SPINDLE_ASSEMBLY_INVOLVED_IN_FEMALE_MEIOSIS	0.9528791161809125	-0.12217501642045225	5.290168181880197	1.4846199589666585e-4	0.009662529805904652	1.204866431856228
GOBP_DNA_LIGATION_INVOLVED_IN_DNA_REPAIR	0.6894302791161832	-0.03205958538777679	5.2891875872716705	1.4871296859916394e-4	0.009662529805904652	1.2032202360615303
GOBP_REGULATION_OF_PEPTIDYL_CYSTEINE_S_NITROSYLATION	-0.7892143189959812	0.010430095484715629	-5.281547874754457	1.50683537988624e-4	0.009707595388046776	1.190390075344987
GOBP_POSITIVE_REGULATION_OF_WNT_SIGNALING_PATHWAY_PLANAR_CELL_POLARITY_PATHWAY	0.638855936878169	-0.11644890094196592	5.270691472921604	1.535309319314277e-4	0.009807917181031205	1.1721431214101665
GOBP_RESPONSE_TO_MOLECULE_OF_FUNGAL_ORIGIN	0.935133499835144	-0.3273962779979654	5.26534430219908	1.549540127189652e-4	0.009816336705746446	1.163149512692157
GOBP_DNA_REPLICATION_SYNTHESIS_OF_RNA_PRIMER	0.867069606109239	0.0099562015303683	5.23350361954533	1.6371864485126457e-4	0.010215061460996254	1.1095092631540604
GOBP_NEGATIVE_REGULATION_OF_NUCLEAR_DIVISION	0.6314954518052364	-0.0034334419777206234	5.232738672202172	1.6393547727460445e-4	0.010215061460996254	1.1082187863685151
GOBP_POSITIVE_REGULATION_OF_SEQUESTERING_OF_CALCIUM_ION	-0.7301397844632613	-0.011542854700097077	-5.206851140020692	1.7145345511039432e-4	0.010529279966267954	1.0644961973946714
GOBP_MAMMARY_GLAND_INVOLUTION	0.615331103953209	-0.1367295413103063	5.205005008663983	1.720031775910713e-4	0.010529279966267954	1.061374483617728
GOBP_POSITIVE_REGULATION_OF_INHIBITORY_POSTSYNAPTIC_POTENTIAL	-0.6349117035461226	0.16987857776077314	-5.201228735579319	1.7313338539640808e-4	0.010529279966267954	1.0549874666663266
GOBP_PYRIMIDINE_DEOXYRIBONUCLEOSIDE_METABOLIC_PROCESS	0.6801106915493064	-0.04291128588369069	5.185513300993664	1.7792092239177982e-4	0.010624080287101682	1.0283850164572383
GOBP_MESONEPHRIC_DUCT_DEVELOPMENT	0.49288144007820806	-0.29954562209884644	5.185137779079599	1.780369995412171e-4	0.010624080287101682	1.027748913212946
GOBP_STOMACH_DEVELOPMENT	0.7773325309482785	-0.2989379851738152	5.182402778545734	1.7888480357129905e-4	0.010624080287101682	1.023115435484355
GOBP_PHOTOTRANSDUCTION	-0.5063957257920805	-0.08768181800699619	-5.177160975189223	1.805214883526801e-4	0.010638173290364915	1.0142320742046262
GOBP_NEGATIVE_REGULATION_OF_GRANULOCYTE_CHEMOTAXIS	-0.6114909935105147	-0.18237928622761523	-5.172627734174945	1.8194955300069815e-4	0.010639850014702364	1.0065463417173452
GOBP_REGULATION_OF_ATRIAL_CARDIAC_MUSCLE_CELL_MEMBRANE_DEPOLARIZATION	-0.6451696351525059	-0.03251905150182977	-5.161154355246543	1.8561690715485375e-4	0.010771448306803039	0.9870810123954108
GOBP_POSITIVE_REGULATION_OF_NEUROTRANSMITTER_TRANSPORT	-0.6014525565466631	0.04417653322496391	-5.121827277550568	1.9878453242958973e-4	0.011448181935831372	0.9202173022177975
GOBP_CELLULAR_RESPONSE_TO_TEMPERATURE_STIMULUS	-0.8715493552045079	0.02655719169880607	-5.1136738335496075	2.0163456937601545e-4	0.011525007491702778	0.9063272947334609
GOBP_VENTRICULAR_TRABECULA_MYOCARDIUM_MORPHOGENESIS	0.5490911382104174	-0.05797777369120527	5.108976312220653	2.0329593395320233e-4	0.011533251417255554	0.8983204297343876
GOBP_RENAL_WATER_TRANSPORT	0.6824008747170015	-0.12558028258689632	5.100673062925044	2.0626758817842447e-4	0.011615157076536169	0.8841600003672987
GOBP_LEYDIG_CELL_DIFFERENTIATION	0.6418700140422471	0.12979301910397417	5.085853169632514	2.1168475059159562e-4	0.011782220160433603	0.8588618040516449
GOBP_POSITIVE_REGULATION_OF_MAMMARY_GLAND_EPITHELIAL_CELL_PROLIFERATION	0.7627349516901597	-0.05003098183889685	5.077669088150075	2.14739770180656e-4	0.011782220160433603	0.8448779427383775
GOBP_ESTABLISHMENT_OF_PLANAR_POLARITY_OF_EMBRYONIC_EPITHELIUM	0.5703275405021633	0.05068890733843065	5.0764036423353165	2.1521623912625345e-4	0.011782220160433603	0.8427148764468635
GOBP_REGULATION_OF_ATTACHMENT_OF_SPINDLE_MICROTUBULES_TO_KINETOCHORE	0.6805760415015375	-0.11879924169344397	5.075826500395163	2.1543391243097486e-4	0.011782220160433603	0.8417282747575818
GOBP_NEGATIVE_REGULATION_OF_LIPOPROTEIN_PARTICLE_CLEARANCE	0.5826032781962338	-0.02575291178304407	5.060881145619322	2.2115142917030297e-4	0.01200852260394745	0.8161634665792556
GOBP_SODIUM_ION_EXPORT_ACROSS_PLASMA_MEMBRANE	-0.7013629584626342	0.044211365544887804	-5.041880237864078	2.2864996899197757e-4	0.012308458724350794	0.7836162042902597
GOBP_MEIOSIS_II_CELL_CYCLE_PROCESS	0.6458276092655914	-0.14927057515665315	5.037565961154591	2.303892285641496e-4	0.012308458724350794	0.7762191102662523
GOBP_CELL_DIFFERENTIATION_IN_SPINAL_CORD	0.43279771901079106	-0.0873876984071779	5.03474867027535	2.3153243851383368e-4	0.012308458724350794	0.7713872892782687
GOBP_POSITIVE_REGULATION_OF_BLOOD_PRESSURE_BY_EPINEPHRINE_NOREPINEPHRINE	-0.7221953356932687	0.15307423506334475	-5.027900887365989	2.3433590110464027e-4	0.012359267124870725	0.7596383230932888
GOBP_REGULATION_OF_MITOTIC_SISTER_CHROMATID_SEGREGATION	0.6774675014337902	0.031078200051499895	5.022026914963334	2.3676890455692423e-4	0.012359267124870725	0.749554954338163
GOBP_GLYCEROL_TRANSPORT	0.5858940695792451	-0.0927134766755337	5.01815511655622	2.3838700424735768e-4	0.012359267124870725	0.7429059312417063
GOBP_REGULATION_OF_LIPOPROTEIN_PARTICLE_CLEARANCE	0.558182526294131	-0.07051030637972729	5.0167160542421785	2.3899135324335655e-4	0.012359267124870725	0.7404341048077709
GOBP_REGULATION_OF_FEMALE_RECEPTIVITY	-0.8992411369974628	0.0303690862416145	-5.007462907817611	2.4291567905671224e-4	0.012477331028304908	0.7245334393766374
GOBP_MEMBRANE_DEPOLARIZATION_DURING_CARDIAC_MUSCLE_CELL_ACTION_POTENTIAL	-0.638516561260796	0.1316419063024654	-4.9885181904430125	2.511613933447938e-4	0.012498522345492522	0.6919417493862534
GOBP_NEGATIVE_REGULATION_OF_DNA_DEPENDENT_DNA_REPLICATION	0.6837763631074366	-0.06738560320678816	4.988207110536613	2.5129920176436164e-4	0.012498522345492522	0.6914061671283962
GOBP_MARGINAL_ZONE_B_CELL_DIFFERENTIATION	0.5496247726410928	-0.18745941604661548	4.987557245053783	2.515873466968803e-4	0.012498522345492522	0.6902872590757729
GOBP_POSITIVE_REGULATION_OF_GAMMA_DELTA_T_CELL_DIFFERENTIATION	0.8137951234999242	-0.3015834358980774	4.987166964354548	2.517605594696297e-4	0.012498522345492522	0.6896152640093112
GOBP_REGULATION_OF_TOOTH_MINERALIZATION	0.5787503857040592	-0.09905544080439131	4.986261332496434	2.5216297252602656e-4	0.012498522345492522	0.6880558435625215
GOBP_RESPONSE_TO_PEPTIDOGLYCAN	0.7939529361974326	-0.12350115281509502	4.982981502931509	2.536259706844822e-4	0.012498522345492522	0.6824073125874524
GOBP_MYOBLAST_FUSION_INVOLVED_IN_SKELETAL_MUSCLE_REGENERATION	0.6601526738388437	-0.009746308223838476	4.97917326017258	2.55335783454798e-4	0.012498522345492522	0.6758468890331546
GOBP_REGULATION_OF_MICROVILLUS_ORGANIZATION	-0.5048376358079891	-0.09113758882894264	-4.976637106307492	2.564811215333903e-4	0.012498522345492522	0.6714767742707091
GOBP_REGULATION_OF_T_HELPER_17_CELL_LINEAGE_COMMITMENT	0.7322331875999604	-0.06122431501507044	4.961675402613945	2.6334779225898876e-4	0.012618412729233605	0.6456778886120187
GOBP_REGULATION_OF_POSTSYNAPTIC_NEUROTRANSMITTER_RECEPTOR_ACTIVITY	-0.493744835692859	-0.08916639580705427	-4.957787389873826	2.651633810232165e-4	0.012618412729233605	0.6389686571394959
GOBP_THREONINE_METABOLIC_PROCESS	-0.5718446372079992	0.014503281258970883	-4.957398932559164	2.653454948461455e-4	0.012618412729233605	0.6382982138930942
GOBP_EMBRYONIC_VISCEROCRANIUM_MORPHOGENESIS	0.585277033147004	-0.11713103190452132	4.95139028917462	2.6817909019759213e-4	0.012618412729233605	0.62792519544249
GOBP_NEGATIVE_REGULATION_OF_EPITHELIAL_CELL_PROLIFERATION_INVOLVED_IN_PROSTATE_GLAND_DEVELOPMENT	-0.6617597703987668	-0.20989138438612429	-4.949968884953443	2.6885400705744036e-4	0.012618412729233605	0.6254706336740101
GOBP_POSITIVE_REGULATION_OF_TOOTH_MINERALIZATION	0.630515646661895	-0.05524351405197811	4.949870756900792	2.689006658952702e-4	0.012618412729233605	0.6253011703864022
GOBP_THREONINE_CATABOLIC_PROCESS	-0.6581186618953702	-0.0025499625213852074	-4.94321808350555	2.720837058480935e-4	0.01263946190894261	0.6138092019987988
GOBP_INTERNEURON_MIGRATION	-0.7347493649817418	0.07828827672081257	-4.9414914921225055	2.7291621272560953e-4	0.01263946190894261	0.6108256656266411
GOBP_HEART_TRABECULA_FORMATION	-0.5184406390106095	-0.04241966014087725	-4.938557102664195	2.7433717639772833e-4	0.01263946190894261	0.6057541324833053
GOBP_RESPONSE_TO_FOLIC_ACID	0.7090284924268488	-0.13390788110020588	4.928698468521351	2.791679009506414e-4	0.012784544476064913	0.5887067862637965
GOBP_MITRAL_VALVE_DEVELOPMENT	0.5361103740333529	-0.11769030840081844	4.920540414815064	2.83232341293749e-4	0.012893007536018441	0.5745900742023258
GOBP_RESPONSE_TO_LIPOTEICHOIC_ACID	0.5527188639770184	-0.20406549416749886	4.908611421490463	2.8928683626139795e-4	0.012908743938372654	0.5539319052581648
GOBP_METANEPHRIC_EPITHELIUM_DEVELOPMENT	0.4577826832254592	-0.07336376030120113	4.907162980122795	2.90031111105155e-4	0.012908743938372654	0.5514222419610553
GOBP_ESTABLISHMENT_OF_PROTEIN_LOCALIZATION_TO_CHROMATIN	0.7804242606805649	0.0516357802504754	4.9067805647720215	2.902279461181256e-4	0.012908743938372654	0.5507595971407211
GOBP_SERTOLI_CELL_DIFFERENTIATION	0.5102978497558405	-0.019565971902639416	4.906168592429179	2.9054322720594214e-4	0.012908743938372654	0.5496991376308991
GOBP_CALCIUM_ION_TRANSMEMBRANE_TRANSPORT_VIA_HIGH_VOLTAGE_GATED_CALCIUM_CHANNEL	-0.5858733212915691	0.07936322059715639	-4.903217914698815	2.920683974480527e-4	0.012908743938372654	0.5445853315380402
GOBP_AXON_MIDLINE_CHOICE_POINT_RECOGNITION	-0.6538570857155092	0.071653503983615	-4.890618879235911	2.9867512216804633e-4	0.013124440917465249	0.5227368156947758
GOBP_POSITIVE_REGULATION_OF_CYCLASE_ACTIVITY	-0.6684127112710121	0.07356118440666165	-4.874751797710471	3.072176807180622e-4	0.013422234533440856	0.49519073901311117
GOBP_G_PROTEIN_COUPLED_ACETYLCHOLINE_RECEPTOR_SIGNALING_PATHWAY	-0.6008690625853634	0.05566000666405865	-4.854684366000853	3.183874167605031e-4	0.01376010573269038	0.4603044867702044
GOBP_CHROMATIN_REMODELING_AT_CENTROMERE	0.8143766725076482	-0.04714487234324885	4.850015094439514	3.2104650276986655e-4	0.01376010573269038	0.452179505225792
GOBP_POSITIVE_REGULATION_OF_NON_CANONICAL_WNT_SIGNALING_PATHWAY	0.5618740732605075	-0.06317717019646396	4.845258523308034	3.23779084512113e-4	0.01376010573269038	0.4438996418054577
GOBP_3_PHOSPHOADENOSINE_5_PHOSPHOSULFATE_BIOSYNTHETIC_PROCESS	0.6424937237477774	-0.05622557184575573	4.843827385457762	3.246059821144157e-4	0.01376010573269038	0.4414078436585491
GOBP_POSITIVE_REGULATION_OF_APOPTOTIC_PROCESS_INVOLVED_IN_DEVELOPMENT	0.9503592154650581	-0.1582933793413965	4.8417477399439575	3.2581150116867515e-4	0.01376010573269038	0.4377864258182598
GOBP_POSITIVE_REGULATION_OF_APOPTOTIC_PROCESS_INVOLVED_IN_MORPHOGENESIS	0.9503592154650581	-0.1582933793413965	4.8417477399439575	3.2581150116867515e-4	0.01376010573269038	0.4377864258182598
GOBP_METANEPHRIC_NEPHRON_TUBULE_MORPHOGENESIS	0.5854255008251983	-0.051886468287009976	4.837714446233162	3.281628030718545e-4	0.01378283772901789	0.43076136731950854
GOBP_DNA_TOPOLOGICAL_CHANGE	0.6157823519391402	-0.12979368745074432	4.832453938821166	3.3125610572897054e-4	0.013836312723910076	0.4215955602341124
GOBP_SPINDLE_MIDZONE_ASSEMBLY	0.6723267456395704	0.0019259352255883127	4.821382484654792	3.378659314652228e-4	0.014035283120211057	0.4022929582697161
GOBP_REGULATION_OF_GLUTAMATE_RECEPTOR_SIGNALING_PATHWAY	-0.7078149847825996	0.1746228949306449	-4.814565558178647	3.4200387587059443e-4	0.014129964480262278	0.3903999276522825
GOBP_TRAIL_ACTIVATED_APOPTOTIC_SIGNALING_PATHWAY	0.6873005584604471	-0.1944753208319421	4.795885210754034	3.536154705976305e-4	0.01453072868909831	0.3577784136582043
GOBP_REPLICATIVE_SENESCENCE	0.5019044990451035	-0.05593623365817844	4.780570741653529	3.634405177210181e-4	0.014854165675888062	0.33100081774362966
GOBP_URINARY_TRACT_SMOOTH_MUSCLE_CONTRACTION	-0.684397437455263	0.04902715164726908	-4.775158152318537	3.669805272902271e-4	0.014918641542568485	0.3215295417596975
GOBP_ESTABLISHMENT_OF_MEIOTIC_SPINDLE_LOCALIZATION	-0.5915058669404981	0.12529472795141358	-4.763784114622338	3.745368588240388e-4	0.015144836174363527	0.30161422587287046
GOBP_GAP_JUNCTION_MEDIATED_INTERCELLULAR_TRANSPORT	-0.6121880416943482	-0.1015870218506861	-4.748755112615268	3.847702577941138e-4	0.015471289345992208	0.2752737247400452
GOBP_LYMPHOCYTE_MIGRATION_INTO_LYMPHOID_ORGANS	0.514435362272683	0.05275677016223449	4.745995789535959	3.866804756299026e-4	0.015471289345992208	0.27043446322012255
GOBP_POSITIVE_REGULATION_OF_FIBROBLAST_APOPTOTIC_PROCESS	0.6321951421764003	0.04296570010990439	4.738612008775461	3.9184074101070626e-4	0.015595671796666958	0.25748010438073354
GOBP_RESOLUTION_OF_RECOMBINATION_INTERMEDIATES	0.7654170071880216	-0.1300523326949587	4.7352673027721925	3.9420174495803493e-4	0.015607925339432196	0.2516097463410736
GOBP_DETOXIFICATION_OF_COPPER_ION	-0.6651877270328005	-0.16593693463844825	-4.731683939534985	3.9674762774123223e-4	0.015627334021185737	0.24531893432364704
GOBP_REGULATION_OF_VERY_LOW_DENSITY_LIPOPROTEIN_PARTICLE_CLEARANCE	0.8339384918359732	-0.08665491915691007	4.720208706834195	4.0501606781508814e-4	0.015870784265620105	0.22516247917381715
GOBP_POSITIVE_REGULATION_OF_NEUROTRANSMITTER_SECRETION	-0.6589694007558036	0.1439978341621786	-4.71489603667862	4.089045430333402e-4	0.01589421737349618	0.21582502149039406
GOBP_POSITIVE_REGULATION_OF_TRANSCRIPTION_FROM_RNA_POLYMERASE_II_PROMOTER_IN_RESPONSE_TO_HYPOXIA	0.8643434812312139	0.020102040096152997	4.713685933019402	4.0979565972181685e-4	0.01589421737349618	0.21369766472461027
GOBP_RESPONSE_TO_REDOX_STATE	-0.5891980378389251	-0.1097896132184768	-4.706656790037972	4.1501195401668457e-4	0.016014826773780893	0.2013368053930522
GOBP_PEPTIDYL_LYSINE_OXIDATION	0.9335084981025251	-0.19729285972595442	4.692838605256217	4.2546844549736255e-4	0.016335409710459343	0.17701916716326416
GOBP_DNA_UNWINDING_INVOLVED_IN_DNA_REPLICATION	0.7087251134109731	-0.06565034604077276	4.682423690392328	4.3353025464377666e-4	0.01656129143619091	0.15867487287220428
GOBP_DTTP_METABOLIC_PROCESS	0.6810398817692305	0.0010495203696907652	4.675481850364503	4.389916605603776e-4	0.01668607301789995	0.14644034899025726
GOBP_NEUROTRANSMITTER_RECEPTOR_INTERNALIZATION	-0.42314058000753935	0.10036179594666182	-4.6609439096521275	4.506619448865188e-4	0.01687958051064566	0.12079879439280194
GOBP_NEGATIVE_REGULATION_OF_UBIQUITIN_PROTEIN_TRANSFERASE_ACTIVITY	0.7334091808889428	-0.09846505905452356	4.66050914121585	4.510158743350124e-4	0.01687958051064566	0.12003156020669259
GOBP_REGULATION_OF_PROGRAMMED_NECROTIC_CELL_DEATH	0.524297040279094	-0.12089294314870921	4.655493515956174	4.5511984603399403e-4	0.01687958051064566	0.11117881574937094
GOBP_NEGATIVE_REGULATION_OF_TOLL_LIKE_RECEPTOR_2_SIGNALING_PATHWAY	0.5897472759861384	-0.27321218277866594	4.655033735766727	4.554979901623912e-4	0.01687958051064566	0.11036713301936363
GOBP_BEHAVIORAL_RESPONSE_TO_PAIN	0.6046320000227732	-0.05663649750631394	4.653322571834859	4.569081974459157e-4	0.01687958051064566	0.10734606419194304
GOBP_ASPARTATE_FAMILY_AMINO_ACID_CATABOLIC_PROCESS	-0.6104186667008795	0.015328514204847965	-4.65272092739667	4.5740510197224497e-4	0.01687958051064566	0.1062837719826435
GOBP_REGULATION_OF_GUANYLATE_CYCLASE_ACTIVITY	-0.6501264345539297	0.06299162034298389	-4.627871619740832	4.784262506354587e-4	0.017570030711742787	0.06236979074412119
GOBP_POST_ANAL_TAIL_MORPHOGENESIS	0.5181176762664074	0.005283828203045018	4.6212784060023875	4.841703381655394e-4	0.0176954947631463	0.0507055111332555
GOBP_ATTACHMENT_OF_SPINDLE_MICROTUBULES_TO_KINETOCHORE	0.7028403017872306	-0.11346972590128182	4.617896787061162	4.871441639595825e-4	0.017707070582384597	0.04472092154215446
GOBP_RESPIRATORY_BURST_INVOLVED_IN_INFLAMMATORY_RESPONSE	0.7532043179110767	-0.1390513612301896	4.615632940442061	4.891455961984695e-4	0.017707070582384597	0.040713723357122866
GOBP_CELLULAR_RESPONSE_TO_POTASSIUM_ION	-0.6194367889122717	0.019047465459486983	-4.605485318333849	4.98222336669542e-4	0.017950171579914017	0.022743952436968584
GOBP_SPINDLE_ELONGATION	0.693466918379764	0.054266298332620665	4.599429546583271	5.037221267885956e-4	0.01806271513135332	0.012014248582700837
GOBP_NEGATIVE_REGULATION_OF_CELLULAR_SENESCENCE	0.4346587400348264	-0.11517492835983223	4.593111558071862	5.095272224686451e-4	0.018185098334303477	8.152392181797197e-4
GOBP_TOOTH_MINERALIZATION	0.3902014093630565	-0.2508570562356855	4.584318010684705	5.177226426404572e-4	0.01839125013716241	-0.014779817916580562
GOBP_CARDIOBLAST_PROLIFERATION	0.5449044720388626	-0.15089237549516687	4.575813430331801	5.257788406111818e-4	0.01851738937822915	-0.029871195493323732
GOBP_GLUTAMATE_HOMEOSTASIS	-0.7070502699044829	0.14634643448028362	-4.575429858500831	5.261452388447115e-4	0.01851738937822915	-0.03055204690693003
GOBP_NK_T_CELL_ACTIVATION	0.5793947921980459	-0.1665874714432185	4.5711816734925534	5.302209690470387e-4	0.018574837818873677	-0.038093872064831835
GOBP_GLIAL_CELL_DERIVED_NEUROTROPHIC_FACTOR_RECEPTOR_SIGNALING_PATHWAY	0.5244923746429103	0.08327048954702608	4.5629045766156615	5.382563547079097e-4	0.018717203962248706	-0.052794399149112436
GOBP_METANEPHRIC_TUBULE_DEVELOPMENT	0.46899607478014654	-0.04226765262376565	4.55973770489657	5.413640454191927e-4	0.018717203962248706	-0.058421063131392614
GOBP_NEGATIVE_REGULATION_OF_INTERLEUKIN_18_PRODUCTION	0.8591839719511666	-0.31721935655678446	4.559379417477858	5.41716806671447e-4	0.018717203962248706	-0.05905771640758051
GOBP_SRP_DEPENDENT_COTRANSLATIONAL_PROTEIN_TARGETING_TO_MEMBRANE_TRANSLOCATION	0.7236798548910186	0.01070943697568465	4.556931455906875	5.441333959033102e-4	0.018717203962248706	-0.06340798929235447
GOBP_INOSITOL_METABOLIC_PROCESS	-0.5194924755281309	-0.09889921647041455	-4.552965658951536	5.480721119793037e-4	0.018767766645345345	-0.07045710743522537
GOBP_MEIOTIC_CELL_CYCLE_PHASE_TRANSITION	0.5848383974644736	-0.26625014470989017	4.549857784341153	5.511794122430545e-4	0.01878953314740673	-0.0759825813902788
GOBP_NEGATIVE_REGULATION_OF_MUSCLE_CONTRACTION	-0.5481687188647483	0.024164638696905657	-4.543745273431855	5.573441808667189e-4	0.018914868138164273	-0.08685329296102662
GOBP_ADENYLATE_CYCLASE_INHIBITING_G_PROTEIN_COUPLED_RECEPTOR_SIGNALING_PATHWAY	-0.46867968910882096	-0.028692206732373274	-4.538243876258136	5.629537123401614e-4	0.019020329427599587	-0.0966409213028756
GOBP_SA_NODE_CELL_TO_ATRIAL_CARDIAC_MUSCLE_CELL_SIGNALING	-0.6130249063363606	0.09210859811965548	-4.531696000130313	5.697066321627862e-4	0.01916331777744027	-0.10829496645442394
GOBP_NEGATIVE_REGULATION_OF_NON_CANONICAL_WNT_SIGNALING_PATHWAY	0.6003761587064969	-0.020756772910764405	4.526517562469558	5.751066433117298e-4	0.019232792971909014	-0.11751519318517545
GOBP_POSITIVE_REGULATION_OF_LYMPHOCYTE_APOPTOTIC_PROCESS	0.45528717465828555	-0.1513022797576745	4.5248736234503575	5.768319912648322e-4	0.019232792971909014	-0.12044288413038018
GOBP_POSITIVE_REGULATION_OF_THE_FORCE_OF_HEART_CONTRACTION	-0.8250393538534299	0.12557289828010823	-4.513422106988216	5.890003504078848e-4	0.019513451646302537	-0.14084557478478565
GOBP_REGULATION_OF_MESENCHYMAL_TO_EPITHELIAL_TRANSITION_INVOLVED_IN_METANEPHROS_MORPHOGENESIS	0.6486437803706901	-0.1578825504035936	4.512136160707708	5.903833042159411e-4	0.019513451646302537	-0.14313763804299828
GOBP_POSITIVE_REGULATION_OF_ENAMEL_MINERALIZATION	0.5304989362577865	-0.09934495261265093	4.509531095966748	5.931952048955503e-4	0.019521514924744472	-0.1477814744348871
GOBP_CIRCADIAN_SLEEP_WAKE_CYCLE_REM_SLEEP	-0.51961326195795	0.13685808019126472	-4.503828530256933	5.99399067005062e-4	0.019593313449188344	-0.15794969775651335
GOBP_CHEMOKINE_C_X_C_MOTIF_LIGAND_1_PRODUCTION	0.5972188168599487	-0.07832512471821088	4.502794014260192	6.005317066115343e-4	0.019593313449188344	-0.15979473947793732
GOBP_REGULATION_OF_SNARE_COMPLEX_ASSEMBLY	-0.8539789357066666	0.21547509111398622	-4.492001232347507	6.124812253008512e-4	0.019897787498876374	-0.17905078857172896
GOBP_CELL_FATE_COMMITMENT_INVOLVED_IN_PATTERN_SPECIFICATION	0.632003873847467	-0.05788141887720894	4.484295213702592	6.211636175143508e-4	0.020084406948279898	-0.19280768772130497
GOBP_MITOTIC_NUCLEAR_MEMBRANE_ORGANIZATION	0.5758650679210705	-0.07278190755050211	4.482232173296421	6.235096079708045e-4	0.020084406948279898	-0.19649180310714875
GOBP_POSITIVE_REGULATION_OF_CATECHOLAMINE_SECRETION	-0.5712864555262345	0.07196430776816347	-4.479095710049953	6.270938329274641e-4	0.020114630033394858	-0.20209372888174482
GOBP_REGULATION_OF_CARDIAC_MUSCLE_CONTRACTION_BY_REGULATION_OF_THE_RELEASE_OF_SEQUESTERED_CALCIUM_ION	-0.6297965538180051	-0.01133207093984816	-4.467139298958756	6.409539551031789e-4	0.020472823389472126	-0.22345884461938414
GOBP_POSITIVE_REGULATION_OF_HEMATOPOIETIC_STEM_CELL_PROLIFERATION	-0.7083235600026878	-0.07846949729148898	-4.46471922817479	6.437977297594311e-4	0.020477616492180734	-0.22778526937837285
GOBP_REGULATION_OF_NON_CANONICAL_WNT_SIGNALING_PATHWAY	0.43051728153957397	-0.04908589220481733	4.456773582393498	6.53226663943615e-4	0.02066755773667547	-0.2419945283409568
GOBP_REGULATION_OF_WNT_SIGNALING_PATHWAY_INVOLVED_IN_HEART_DEVELOPMENT	0.5141534094031825	-0.12137232326844787	4.4531217489459936	6.576080476736382e-4	0.02066755773667547	-0.24852749769060178
GOBP_T_HELPER_17_CELL_DIFFERENTIATION	0.5412285364438205	-0.11041152870627269	4.452858209181946	6.579254107176353e-4	0.02066755773667547	-0.2489990162851745
GOBP_AGGRESSIVE_BEHAVIOR	-0.7656694020708213	-0.0075708881811397035	-4.449317528880634	6.622046139630251e-4	0.02071637644175686	-0.25533466094970336
GOBP_POSITIVE_REGULATION_OF_OSTEOBLAST_PROLIFERATION	0.5892233633891157	-0.05194167819278921	4.440150250819219	6.73418362541613e-4	0.020980845869021894	-0.2717449338255298
GOBP_CEREBELLAR_PURKINJE_CELL_GRANULE_CELL_PRECURSOR_CELL_SIGNALING_INVOLVED_IN_REGULATION_OF_GRANULE_CELL_PRECURSOR_CELL_PROLIFERATION	0.47440823462747655	-0.2826358357290552	4.432339147328869	6.831281666278493e-4	0.021169730023534013	-0.2857348660831809
GOBP_VISUAL_BEHAVIOR	-0.49660439915413257	0.06027915216396464	-4.430806375317847	6.850504585358283e-4	0.021169730023534013	-0.2884808983787961
GOBP_REGULATION_OF_T_HELPER_17_CELL_DIFFERENTIATION	0.5687852534459017	-0.06328957551827583	4.426061327453801	6.910369071796015e-4	0.021268269507608628	-0.2969835092582347
GOBP_GLUTAMATE_METABOLIC_PROCESS	-0.5537050595349676	-0.0043956802789962505	-4.41256867164148	7.083569970672616e-4	0.021656079342313034	-0.32117435284443285
GOBP_REGULATION_OF_CD4_POSITIVE_ALPHA_BETA_T_CELL_DIFFERENTIATION	0.45623933906621295	-0.31835856285902775	4.410309187175166	7.113010268145232e-4	0.021656079342313034	-0.32522729899682545
GOBP_ENDOTHELIAL_CELL_FATE_COMMITMENT	0.6573083085879174	-0.2502239728345893	4.409633702701631	7.121836142565454e-4	0.021656079342313034	-0.32643905571624465
GOBP_SOMATOSTATIN_RECEPTOR_SIGNALING_PATHWAY	-0.7984768638812239	-0.0026067959987034206	-4.400585435892173	7.241158575443636e-4	0.02179035669502476	-0.3426755764627858
GOBP_METANEPHRIC_NEPHRON_DEVELOPMENT	0.3762835815922011	-0.2452454678054354	4.397812225773317	7.278142198037504e-4	0.02179035669502476	-0.3476536911801569
GOBP_NEPHRON_TUBULE_FORMATION	0.5382522053416999	-0.2700475202490083	4.396188301274053	7.299889520074453e-4	0.02179035669502476	-0.3505691389444392
GOBP_TOLL_LIKE_RECEPTOR_2_SIGNALING_PATHWAY	0.5843369468200684	-0.2307169485541513	4.395150216342445	7.31382656753857e-4	0.02179035669502476	-0.3524329718142569
GOBP_REGULATION_OF_CARDIAC_MUSCLE_CONTRACTION_BY_CALCIUM_ION_SIGNALING	-0.6213189012391712	-0.023280394811246694	-4.394722080754654	7.319582609965463e-4	0.02179035669502476	-0.3532017029628527
GOBP_REGULATION_OF_SODIUM_ION_TRANSMEMBRANE_TRANSPORT	-0.46911023135687313	0.025272026674375416	-4.393356115230435	7.337978576593447e-4	0.02179035669502476	-0.3556544694707986
GOBP_ACTOMYOSIN_CONTRACTILE_RING_ORGANIZATION	0.6309011293205474	0.1998976458962092	4.38880215078406	7.39965455975095e-4	0.02188800543316215	-0.3638331441776863
GOBP_NEGATIVE_REGULATION_OF_CD4_POSITIVE_ALPHA_BETA_T_CELL_DIFFERENTIATION	0.6219015675640673	-0.0888089324905905	4.38230295593398	7.488605054182566e-4	0.022065261868951885	-0.3755091924292282
GOBP_POSITIVE_REGULATION_OF_LYASE_ACTIVITY	-0.6020183351794093	0.06543902211122135	-4.375621345154949	7.581204946008617e-4	0.022168475331717615	-0.38751765259829263
GOBP_VERY_LOW_DENSITY_LIPOPROTEIN_PARTICLE_CLEARANCE	0.7953501035145987	-0.04885942273810566	4.375567437934086	7.581956835367771e-4	0.022168475331717615	-0.38761455612701035
GOBP_RESPONSE_TO_POTASSIUM_ION	-0.5004961238082505	0.0024784007370593554	-4.3595593843656495	7.808679710452364e-4	0.02268322179241205	-0.41640420230452424
GOBP_CELL_DIFFERENTIATION_INVOLVED_IN_EMBRYONIC_PLACENTA_DEVELOPMENT	0.44835192025030574	-0.06716387695131829	4.356665380310308	7.850409652805026e-4	0.02268322179241205	-0.4216117971816562
GOBP_NEGATIVE_REGULATION_OF_T_HELPER_17_TYPE_IMMUNE_RESPONSE	0.633785109741736	-0.16736874568894955	4.35460136856677	7.880312271698765e-4	0.02268322179241205	-0.4253264045264
GOBP_NORADRENERGIC_NEURON_DIFFERENTIATION	0.5306582112351123	-0.02302825904017002	4.354579528594053	7.880629309336076e-4	0.02268322179241205	-0.425365712366677
GOBP_DEVELOPMENT_OF_SECONDARY_FEMALE_SEXUAL_CHARACTERISTICS	0.7463879242878853	-0.013124348914682027	4.352644440084449	7.9087721888056e-4	0.02268322179241205	-0.428848705470533
GOBP_PRESYNAPTIC_MODULATION_OF_CHEMICAL_SYNAPTIC_TRANSMISSION	-0.7457361310134428	0.11611880818234388	-4.347177432660865	7.988843767299045e-4	0.02268322179241205	-0.43869096145518416
GOBP_RESPONSE_TO_PARATHYROID_HORMONE	-0.5371681141627594	-0.17404062698969064	-4.347023909673097	7.991104365732235e-4	0.02268322179241205	-0.4389673939192571
GOBP_DICARBOXYLIC_ACID_CATABOLIC_PROCESS	-0.6423123982574904	0.030182612943524097	-4.346643008752065	7.996715917346e-4	0.02268322179241205	-0.4396532521590144
GOBP_REGULATION_OF_MITOTIC_CELL_CYCLE_SPINDLE_ASSEMBLY_CHECKPOINT	0.5480502234492018	0.10020974837246883	4.3429537414638855	8.051278458622955e-4	0.022753092506487622	-0.4462970052055395
GOBP_GABAERGIC_NEURON_DIFFERENTIATION	-0.6105239483552618	9.773026817972903e-4	-4.331444060477139	8.223985619000322e-4	0.02315508839838535	-0.46703307355765133
GOBP_REGULATION_OF_SKELETAL_MUSCLE_CONTRACTION	-0.4833181268697233	-0.03994802460973579	-4.303926639437251	8.652576936302926e-4	0.024271915081097727	-0.5166640404174894
GOBP_PARENTAL_BEHAVIOR	-0.5707088984085333	-0.09335310682203395	-4.3010672226370605	8.698416413405257e-4	0.02431079469658337	-0.5218257467934828
GOBP_EPITHELIAL_CELL_FATE_COMMITMENT	0.4820450459610055	-0.15968152244062792	4.2942020557104605	8.809498449750783e-4	0.024531064913921413	-0.5342218294099714
GOBP_MEIOTIC_SISTER_CHROMATID_COHESION_CENTROMERIC	0.7512098267653154	0.0629882722258035	4.284945423064809	8.961597942497059e-4	0.02486352830615425	-0.5509435209827123
GOBP_RESPONSE_TO_DOPAMINE	-0.47421219699664746	0.025039511920878957	-4.280047718612948	9.043167711783791e-4	0.024998603979992866	-0.5597944511802551
GOBP_REGULATION_OF_SOMITOGENESIS	0.5884995976394143	-0.24409136281031316	4.276187654995891	9.107995452627851e-4	0.02508658747495541	-0.5667718723483262
GOBP_NEGATIVE_REGULATION_OF_HISTONE_H3_K9_METHYLATION	0.60272392085313	-0.1258854189950219	4.269282773144942	9.225157829775908e-4	0.025317563112619658	-0.5792567462327076
GOBP_CARDIAC_RIGHT_VENTRICLE_MORPHOGENESIS	0.4659704734735537	-0.1931517619036996	4.260783456241393	9.371512320059343e-4	0.02545455354449809	-0.5946309724543086
GOBP_REGULATION_OF_T_HELPER_CELL_DIFFERENTIATION	0.4156850736683297	-0.3597099672985071	4.257984470671196	9.420232090375455e-4	0.02545455354449809	-0.5996955380221678
GOBP_DNA_DEPENDENT_DNA_REPLICATION_MAINTENANCE_OF_FIDELITY	0.5412931003819722	-0.022584264793357067	4.2569928456671136	9.437555137034124e-4	0.02545455354449809	-0.6014899957547764
GOBP_NEGATIVE_REGULATION_OF_CALCIUM_ION_TRANSPORT_INTO_CYTOSOL	-0.6176891932575976	-0.020810722915026475	-4.256119225368077	9.452843937988376e-4	0.02545455354449809	-0.6030709897228563
GOBP_TROPHOBLAST_GIANT_CELL_DIFFERENTIATION	0.5114799081805249	-0.032700096030612025	4.255943388714013	9.455924255749264e-4	0.02545455354449809	-0.6033892109363528
GOBP_NOTOCHORD_DEVELOPMENT	0.5666423136134032	-0.051883027662837186	4.254800070906514	9.475978233481926e-4	0.02545455354449809	-0.6054584088636803
GOBP_REGULATION_OF_SYNAPTIC_TRANSMISSION_GLUTAMATERGIC	-0.44302585761814883	-0.04465820192567306	-4.2511686729744484	9.539964906045759e-4	0.025521270100648	-0.6120314203173081
GOBP_REGULATION_OF_CD8_POSITIVE_ALPHA_BETA_T_CELL_DIFFERENTIATION	0.5097353593565058	-0.48765193346535934	4.249587864956798	9.567958403952486e-4	0.025521270100648	-0.6148931599942733
GOBP_COLLECTING_DUCT_DEVELOPMENT	0.5650717935979666	-0.03953274668698707	4.244816620570347	9.652963992257536e-4	0.025584981997861897	-0.6235320134264679
GOBP_DIPHOSPHOINOSITOL_POLYPHOSPHATE_METABOLIC_PROCESS	-0.5830152974399718	-0.1388808142612335	-4.244470807286478	9.659155266227788e-4	0.025584981997861897	-0.6241582308734213
GOBP_REGULATION_OF_SECONDARY_HEART_FIELD_CARDIOBLAST_PROLIFERATION	0.5067343843863918	-0.17201558765137742	4.238627486524625	9.764392574003002e-4	0.02577392789846209	-0.6347413675201894
GOBP_GAMMA_AMINOBUTYRIC_ACID_METABOLIC_PROCESS	-0.7794626434208252	0.23411896791902062	-4.232679238907706	9.872734142985086e-4	0.025969731818329626	-0.645517894862456
GOBP_PROTEIN_TRANSPORT_ALONG_MICROTUBULE	-0.46113497103904505	0.09248525894930829	-4.228480391984665	9.949957557215169e-4	0.026082612879293005	-0.653127034308703
GOBP_METANEPHRIC_NEPHRON_TUBULE_EPITHELIAL_CELL_DIFFERENTIATION	0.6802546198499766	-0.12465141673501963	4.220635713601111	0.0010095906104802491	0.026363531462819303	-0.6673476111713263
GOBP_REGULATION_OF_ISOMERASE_ACTIVITY	0.777100181001509	-0.2446589470170096	4.219007112824437	0.0010126481435337065	0.026363531462819303	-0.6703006126869147
GOBP_RESPONSE_TO_X_RAY	0.5713022163469335	-0.03288764708249905	4.207086291176108	0.0010353208169588588	0.02686180495058445	-0.6919231764952745
GOBP_GLIAL_CELL_FATE_COMMITMENT	0.5100606467715992	-0.05502666503378053	4.203039834188985	0.0010431352981924477	0.026972498424690433	-0.6992658461509071
GOBP_NEGATIVE_REGULATION_OF_T_HELPER_CELL_DIFFERENTIATION	0.5708478677790744	-0.06422762896084551	4.193559868124831	0.0010616817605493308	0.027358999131172925	-0.7164740467810846
GOBP_HISTONE_H3_K27_TRIMETHYLATION	0.7118368522570122	-0.059216150547512815	4.177885848262347	0.0010930946299589307	0.02807332897617497	-0.744943861526635
GOBP_POSITIVE_REGULATION_OF_ALKALINE_PHOSPHATASE_ACTIVITY	-0.5970076239890322	0.10829175986574519	-4.1737042505669	0.0011016357724637708	0.028197424721446415	-0.7525429566600303
GOBP_HYDROCARBON_METABOLIC_PROCESS	-0.5805235003519517	0.1043450148655022	-4.171464710543667	0.001106238382394435	0.028220215379068776	-0.7566134551508288
GOBP_SPERM_FLAGELLUM_ASSEMBLY	-0.433113740481896	-0.12647169784498286	-4.1620871108153565	0.0011257268840409818	0.028621323653777737	-0.7736626890771863
GOBP_BRANCHING_MORPHOGENESIS_OF_A_NERVE	-0.5268299837129019	0.057747440362269864	-4.157670904765892	0.0011350267052084525	0.028761576709982188	-0.781694424573125
GOBP_POSITIVE_REGULATION_OF_B_CELL_DIFFERENTIATION	0.6043132864768044	-0.19539023815203196	4.154101922489211	0.0011426001683771962	0.028857297275758954	-0.7881865810829689
GOBP_NEGATIVE_REGULATION_OF_PEPTIDYL_THREONINE_PHOSPHORYLATION	-0.49542790888972427	0.05563735849848438	-4.150050828252803	0.001151259740190451	0.028888727413171767	-0.7955570861504606
GOBP_POSITIVE_REGULATION_OF_CLATHRIN_DEPENDENT_ENDOCYTOSIS	0.4770936169921557	-0.17351165677212277	4.14858219190764	0.0011544157370158873	0.028888727413171767	-0.7982294596889492
GOBP_METAPHASE_ANAPHASE_TRANSITION_OF_CELL_CYCLE	0.5843896918835031	-0.013334758096250277	4.14819694230141	0.0011552450846624858	0.028888727413171767	-0.7989305024830564
GOBP_GANGLIOSIDE_BIOSYNTHETIC_PROCESS_VIA_LACTOSYLCERAMIDE	-0.6750253723130353	0.1904438135021371	-4.146220918324995	0.0011595086265683726	0.028900277308763173	-0.8025264989514378
GOBP_REGULATION_OF_VOLTAGE_GATED_CALCIUM_CHANNEL_ACTIVITY	-0.457740194135234	-0.05777197971828338	-4.142406166775729	0.0011677853375877468	0.028977605909606283	-0.809469604935277
GOBP_NEGATIVE_REGULATION_OF_ALPHA_BETA_T_CELL_DIFFERENTIATION	0.5691568099436374	-0.07154939549942843	4.1412825347869795	0.0011702348085042263	0.028977605909606283	-0.8115149335176666
GOBP_PLANAR_CELL_POLARITY_PATHWAY_INVOLVED_IN_AXIS_ELONGATION	0.6821358353172667	0.1545123689561359	4.1363806995161285	0.001180982598450133	0.029148797770837377	-0.8204389479901346
GOBP_POSITIVE_REGULATION_OF_EXCITATORY_POSTSYNAPTIC_POTENTIAL	-0.5200450677951306	0.00915286320332243	-4.134176902554438	0.0011858476996022373	0.02917415602710747	-0.8244517403301961
GOBP_REGULATION_OF_GLUCAGON_SECRETION	-0.5922418848296228	0.0421126230507251	-4.125651031395134	0.0012048644239707855	0.029473213577507363	-0.8399800542907654
GOBP_PROTEIN_LOCALIZATION_TO_CHROMATIN	0.5885112204407714	-0.04322669334990542	4.124335221008757	0.0012078271267709187	0.029473213577507363	-0.8423771185868345
GOBP_G_PROTEIN_COUPLED_GLUTAMATE_RECEPTOR_SIGNALING_PATHWAY	-0.5523426658329982	0.12248954666082083	-4.123233429018768	0.001210313705803187	0.029473213577507363	-0.844384411047197
GOBP_CANNABINOID_SIGNALING_PATHWAY	-0.6012171377026415	-0.0036263000028626093	-4.120998418445684	0.0012153739758612588	0.029473213577507363	-0.8484565689925487
GOBP_RENAL_TUBULE_DEVELOPMENT	0.3717807930252081	-0.11904805547391434	4.1201112120479	0.0012173887218281125	0.029473213577507363	-0.8500731648089523
GOBP_AXO_DENDRITIC_PROTEIN_TRANSPORT	-0.5820088058401108	0.058932147339911034	-4.118111240588423	0.0012219430414801855	0.029489558734388476	-0.853717597133314
GOBP_REDUCTION_OF_FOOD_INTAKE_IN_RESPONSE_TO_DIETARY_EXCESS	0.5563163939253897	-0.012193014162119833	4.10981951943088	0.0012410125969279143	0.029764035552910413	-0.8688307405927063
GOBP_METANEPHRIC_TUBULE_MORPHOGENESIS	0.4328390414401418	-0.1015605088516596	4.109761557823789	0.0012411469705699292	0.029764035552910413	-0.8689364064282081
GOBP_REGULATION_OF_NON_MEMBRANE_SPANNING_PROTEIN_TYROSINE_KINASE_ACTIVITY	-0.741417561948452	0.042231321469209514	-4.10667504990953	0.0012483241419510265	0.029842012978338692	-0.8745636159437158
GOBP_NEGATIVE_REGULATION_OF_MAST_CELL_DEGRANULATION	0.662941918217704	-0.16984157876226116	4.104564049537238	0.0012532574926749352	0.029848774265869307	-0.87841277616692
GOBP_POSITIVE_REGULATION_OF_GAMMA_DELTA_T_CELL_ACTIVATION	0.5357477520089242	-0.4877233706015363	4.103198317089374	0.0012564598480765822	0.029848774265869307	-0.880903227129914
GOBP_LOW_DENSITY_LIPOPROTEIN_PARTICLE_CLEARANCE	0.43786813891923704	-0.07837506946880494	4.100447692979574	0.0012629350432873053	0.029909134576542352	-0.8859195396141013
GOBP_NEGATIVE_REGULATION_OF_MYELOID_LEUKOCYTE_MEDIATED_IMMUNITY	0.5735604077617332	-0.24576035433513832	4.092690966377947	0.0012813804324668882	0.03025000444307548	-0.9000688708902986
GOBP_SINGLE_STRANDED_VIRAL_RNA_REPLICATION_VIA_DOUBLE_STRANDED_DNA_INTERMEDIATE	0.41228611262710935	-0.23904595273795973	4.089964213502132	0.0012879302084411782	0.03025000444307548	-0.9050440247922094
GOBP_ANATOMICAL_STRUCTURE_ARRANGEMENT	0.49514299658573596	-0.14135988301883212	4.089409785701796	0.0012892661720016385	0.03025000444307548	-0.9060556926014103
GOBP_MRNA_DESTABILIZATION_MEDIATED_GENE_SILENCING	0.597372732478363	0.05551755430199777	4.085401064018335	0.0012989681699905533	0.030273486589762272	-0.9133711835578504
GOBP_RETINAL_PIGMENT_EPITHELIUM_DEVELOPMENT	0.603754625772814	-0.15832191064978854	4.083569085116337	0.0013034269176764744	0.030273486589762272	-0.916714789048914
GOBP_EMBRYONIC_SKELETAL_SYSTEM_MORPHOGENESIS	0.4087028100128808	-0.1630256585828904	4.082500362449877	0.001306035281619829	0.030273486589762272	-0.918665477021821
GOBP_ATTACHMENT_OF_MITOTIC_SPINDLE_MICROTUBULES_TO_KINETOCHORE	0.6344292460687254	-0.05299979921640081	4.0824344965655674	0.0013061962117129737	0.030273486589762272	-0.9187857018981909
GOBP_PIGMENT_METABOLIC_PROCESS_INVOLVED_IN_PIGMENTATION	-0.6564872839324635	-0.21346500882730018	-4.077953213602039	0.0013171933276360287	0.030435573485377173	-0.9269662098268361
GOBP_REGULATION_OF_SODIUM_ION_TRANSPORT	-0.4166595303613087	0.028073869769565753	-4.067542951062237	0.0013431089676711905	0.030940346582534514	-0.9459762524723692
GOBP_NEGATIVE_REGULATION_OF_SMOOTH_MUSCLE_CONTRACTION	-0.5689647613610458	0.010191808727251537	-4.063569514500506	0.00135313819215202	0.03107721008078446	-0.9532343903785607
GOBP_DNA_REPLICATION_INITIATION	0.574371746838196	-0.004687196743614464	4.05928538075415	0.0013640378654589083	0.031177226624463966	-0.9610614796534644
GOBP_REGULATION_OF_DENDRITE_EXTENSION	-0.613638008243247	0.08111502983849327	-4.058636964323292	0.0013656954046233228	0.031177226624463966	-0.9622462601403061
GOBP_REGULATION_OF_INFLAMMATORY_RESPONSE_TO_WOUNDING	0.5444415910584679	-0.32339903945238296	4.056920696051967	0.001370092673485983	0.031183965580360604	-0.9653823705171556
GOBP_CHROMOSOME_ATTACHMENT_TO_THE_NUCLEAR_ENVELOPE	0.5116181841043241	-0.03234407498720665	4.053087959184317	0.0013799651470004118	0.031287512854172916	-0.9723867122035186
GOBP_NEGATIVE_REGULATION_OF_CYTOSOLIC_CALCIUM_ION_CONCENTRATION	-0.5662995296743166	-0.03895976511695552	-4.051964235380182	0.001382873496317035	0.031287512854172916	-0.9744405415262563
GOBP_V_D_J_RECOMBINATION	0.4870334362905657	-0.04199060295386716	4.02996559688548	0.001441094364415484	0.03250800996524187	-1.0146672729082562
GOBP_REGULATION_OF_EPIDERMIS_DEVELOPMENT	0.37374996965751883	-0.1424105677268683	4.0247606548064985	0.0014552340711534051	0.03266611822036973	-1.0241904887649849
GOBP_REGULATION_OF_CAMP_DEPENDENT_PROTEIN_KINASE_ACTIVITY	-0.47727526006708915	-0.06286946799900123	-4.023451456525335	0.0014588129924010345	0.03266611822036973	-1.0265861861825156
GOBP_CELLULAR_POTASSIUM_ION_HOMEOSTASIS	-0.556602610215482	0.07441778461696129	-4.019827476961431	0.0014687669605325082	0.03266611822036973	-1.0332183708373561
GOBP_NEGATIVE_REGULATION_OF_TRANSCRIPTION_BY_RNA_POLYMERASE_I	0.6933768977107708	-0.05595504571629953	4.019736624413431	0.0014690173985908842	0.03266611822036973	-1.0333846513235763
GOBP_G_QUADRUPLEX_DNA_UNWINDING	0.7049640691765783	-0.094817508197606315	4.019529471601822	0.0014695885860781964	0.03266611822036973	-1.0337637896363105
GOBP_SISTER_CHROMATID_COHESION	0.5820186303051125	-0.04818161864576814	4.005896094571131	0.0015076857817389923	0.033254248736073806	-1.0587231439633422
GOBP_NEGATIVE_REGULATION_OF_GLIAL_CELL_PROLIFERATION	0.5828838552181421	-0.11279156874859256	4.00199594669375	0.001518769724961521	0.033254248736073806	-1.0658658956966507
GOBP_CD40_SIGNALING_PATHWAY	0.5671518591481773	-0.2274714551391181	4.001494947204424	0.0015201995766885646	0.033254248736073806	-1.066783510123904
GOBP_REGULATION_OF_MITOTIC_NUCLEAR_DIVISION	0.4251357530084502	-0.102010344991564	4.001215189358244	0.0015209986059419244	0.033254248736073806	-1.0672959135615026
GOBP_RESPONSE_TO_CATECHOLAMINE	-0.4382270013950244	-0.008746389463145224	-4.000947514292019	0.0015217635283580945	0.033254248736073806	-1.0677861916107583
GOBP_FAT_SOLUBLE_VITAMIN_CATABOLIC_PROCESS	-0.5061170863481582	-0.11608730274817079	-4.000761983077811	0.001522293943719243	0.033254248736073806	-1.0681260167209867
GOBP_RESPONSE_TO_MURAMYL_DIPEPTIDE	0.538299444484221	-0.09041477047064633	3.9956659407774113	0.001536937413624064	0.03347793185779408	-1.0774610829020403
GOBP_HISTONE_H3_K27_METHYLATION	0.44413030257000796	-0.22979364391570378	3.9940902512500305	0.0015414943405398626	0.033481257076525814	-1.0803478570540346
GOBP_BASE_EXCISION_REPAIR_GAP_FILLING	0.5961532397636331	0.02539847693556957	3.9911244624404953	0.0015501090921677984	0.03357244820130941	-1.0857818807671062
GOBP_MITOTIC_SISTER_CHROMATID_SEGREGATION	0.5283838520936884	-0.022233602088201142	3.9861517243098032	0.001564664417092328	0.03373416742914825	-1.0948945373815233
GOBP_NEGATIVE_REGULATION_OF_UBIQUITIN_PROTEIN_LIGASE_ACTIVITY	0.8948552045512415	-0.14192962601369477	3.9851885343595757	0.001567499862935084	0.03373416742914825	-1.096659811116603
GOBP_REPLICATION_FORK_PROCESSING	0.5031525365165243	-0.01839164954283257	3.9840397287075753	0.0015708886174583636	0.03373416742914825	-1.0987653567397508
GOBP_MOTOR_NEURON_APOPTOTIC_PROCESS	-0.5481222166126617	0.017917382503894012	-3.978325090605306	0.001587857673990062	0.03400251841597873	-1.1092406215837585
GOBP_HISTONE_H4_DEACETYLATION	0.44990540449628763	-0.08979030038870212	3.975553079466582	0.0015961564757805803	0.03406591792988416	-1.114322717361806
GOBP_GAMMA_DELTA_T_CELL_DIFFERENTIATION	0.6604490098050748	-0.2560720247995797	3.974138632821869	0.001600408145436819	0.03406591792988416	-1.1169161178237994
GOBP_REGULATION_OF_MEIOTIC_CELL_CYCLE	0.34866160279182207	-0.11680645937396282	3.9708903326600753	0.001610216183110778	0.03406591792988416	-1.1228724396623848
GOBP_REGULATION_OF_MEMBRANE_DEPOLARIZATION_DURING_CARDIAC_MUSCLE_CELL_ACTION_POTENTIAL	-0.6812132200119925	0.11228403755603122	-3.9706953962334524	0.001610806737802962	0.03406591792988416	-1.123229913054418
GOBP_OPTIC_CUP_MORPHOGENESIS_INVOLVED_IN_CAMERA_TYPE_EYE_DEVELOPMENT	0.6535338601191628	-0.05936188600243897	3.9688018912490497	0.0016165546270473688	0.03406591792988416	-1.1267023514039947
GOBP_REGULATION_OF_CARDIAC_CONDUCTION	-0.48514371276293616	-0.03064967621858782	-3.9684236292662742	0.0016177053897248332	0.03406591792988416	-1.1273960641225962
GOBP_SMOOTHENED_SIGNALING_PATHWAY_INVOLVED_IN_VENTRAL_SPINAL_CORD_PATTERNING	0.6717236547929832	-0.017838156764698375	3.9580853366829416	0.0016494841828778033	0.03463916784043387	-1.1463598139415936
GOBP_DENSE_CORE_GRANULE_TRANSPORT	-0.6029742799598332	0.2805215467463212	-3.9446277856492102	0.0016918121847935865	0.03529410179212148	-1.1710563070189979
GOBP_DENDRITE_EXTENSION	-0.5783149055770438	0.028288957814897077	-3.9444212826670055	0.0016924702983937446	0.03529410179212148	-1.1714353648298275
GOBP_REGULATION_OF_NK_T_CELL_PROLIFERATION	0.597616973481007	-0.15242618923121293	3.9428221129076717	0.0016975756529892005	0.03529410179212148	-1.1743709054144889
GOBP_REGULATION_OF_GAMMA_DELTA_T_CELL_DIFFERENTIATION	0.6629773905490566	-0.2852378441447257	3.942301076287153	0.0016992424698653594	0.03529410179212148	-1.1753273914923392
GOBP_ISG15_PROTEIN_CONJUGATION	0.6952020642719593	-0.13526895331129965	3.937094762416522	0.0017159900444677215	0.035463083722380884	-1.1848858129557485
GOBP_REGULATION_OF_GLYCOGEN_STARCH_SYNTHASE_ACTIVITY	-0.575051725021458	0.002783331899596589	-3.9368727127571552	0.0017167080781157805	0.035463083722380884	-1.185293520595616
GOBP_VITAMIN_CATABOLIC_PROCESS	-0.4650695300613801	-0.0635796992865871	-3.9330526528389362	0.001729109170380383	0.035622460469462526	-1.1923080848697278
GOBP_RELAXATION_OF_VASCULAR_ASSOCIATED_SMOOTH_MUSCLE	-0.7180998777504943	0.10906146923690041	-3.9305953525440165	0.00173713478808658	0.035691077456849137	-1.1968208001886653
GOBP_HYDROGEN_SULFIDE_BIOSYNTHETIC_PROCESS	0.5881106234327464	0.1019666227057341	3.9239188753804575	0.0017591335805000946	0.03593648118162938	-1.2090838390387884
GOBP_SERTOLI_CELL_DEVELOPMENT	0.49040628070656384	-0.027241711160136014	3.9228213956648594	0.001762776956026219	0.03593648118162938	-1.2110999170684833
GOBP_REPRODUCTIVE_BEHAVIOR	-0.5146968256904233	-0.03210081059889356	-3.9226758683510883	0.0017632606525582423	0.03593648118162938	-1.2113672576652341
GOBP_REGULATION_OF_DNA_DIRECTED_DNA_POLYMERASE_ACTIVITY	0.6521628679567331	-0.10690855448323698	3.916855918010747	0.0017827165406417646	0.03615118871442976	-1.2220599087772106
GOBP_POSITIVE_REGULATION_OF_ANTIGEN_PROCESSING_AND_PRESENTATION	0.6846856977753341	-0.23764605961884303	3.9166804672849733	0.0017833064677599529	0.03615118871442976	-1.2223822880162798
GOBP_NEGATIVE_REGULATION_OF_SINGLE_STRANDED_VIRAL_RNA_REPLICATION_VIA_DOUBLE_STRANDED_DNA_INTERMEDIATE	0.421515732256341	-0.19148914690585758	3.9136720858559078	0.0017934528605878042	0.03626018256965023	-1.2279103000257336
GOBP_RELEASE_OF_SEQUESTERED_CALCIUM_ION_INTO_CYTOSOL_BY_ENDOPLASMIC_RETICULUM	-0.4947520169578612	-0.10228386086287566	-3.912172875082803	0.0017985313095824486	0.03626640587651399	-1.2306653717743066
GOBP_ATRIOVENTRICULAR_VALVE_FORMATION	0.4103550767992876	-0.07212899141911384	3.9062179979001126	0.0018188487628854944	0.03657906956469716	-1.2416099525763302
GOBP_NEGATIVE_REGULATION_OF_MAST_CELL_ACTIVATION	0.519555119754567	-0.1766961235222335	3.8997557975866646	0.0018411631430377642	0.03688082630950234	-1.2534894867288946
GOBP_REGULATION_OF_SYNAPTIC_VESICLE_PRIMING	-0.7335206037856093	0.26261301812065213	-3.898930744658231	0.001844032204738382	0.03688082630950234	-1.2550063790380097
GOBP_MEMBRANE_DEPOLARIZATION_DURING_ACTION_POTENTIAL	-0.46524447619570575	0.14296511875697604	-3.897675033856171	0.0018484076327177571	0.03688082630950234	-1.2573151342642106
GOBP_BLOOD_VESSEL_ENDOTHELIAL_CELL_DIFFERENTIATION	0.3807869770793815	-0.07670786898411067	3.8914071853652485	0.001870406882105593	0.03707276705416554	-1.2688406897158835
GOBP_POSITIVE_REGULATION_OF_UBIQUITIN_PROTEIN_LIGASE_ACTIVITY	0.4443741898917486	-0.14841629442344645	3.8908238408026175	0.0018724679197956002	0.03707276705416554	-1.2699134889619943
GOBP_DNA_STRAND_ELONGATION_INVOLVED_IN_DNA_REPLICATION	0.7501595510352224	0.009355288587243138	3.8906986134980936	0.0018729106682422276	0.03707276705416554	-1.2701437908400033
GOBP_POSITIVE_REGULATION_OF_EPITHELIAL_CELL_DIFFERENTIATION	0.3918221119633399	-0.14272783742327147	3.888847275777524	0.0018794686937984803	0.03707276705416554	-1.2735486442209423
GOBP_SUBTELOMERIC_HETEROCHROMATIN_ASSEMBLY	0.6055913837244017	-0.07015581355906152	3.887372734941037	0.0018847087926947455	0.03707276705416554	-1.2762606687283826
GOBP_POSITIVE_REGULATION_OF_SODIUM_ION_TRANSMEMBRANE_TRANSPORT	-0.4522123206815398	-0.006235296200014326	-3.886008746909567	0.001889569328031079	0.03707276705416554	-1.2787694790079263
GOBP_REGULATION_OF_HISTONE_H3_K9_METHYLATION	0.49011210954656736	-0.20742932626153504	3.8852819795310087	0.0018921643800337055	0.03707276705416554	-1.2801062829538576
GOBP_NEGATIVE_REGULATION_OF_NECROTIC_CELL_DEATH	0.42489283818293216	-0.03692300649443377	3.8772580923155178	0.001921058627209332	0.03733403998966658	-1.2948674133417928
GOBP_FEAR_RESPONSE	-0.4490048849113595	0.07058411033423082	-3.8771618669569787	0.0019214078632073153	0.03733403998966658	-1.2950444576650035
GOBP_CELLULAR_RESPONSE_TO_HISTAMINE	-0.5054725290606576	0.10026543451232145	-3.8764597745694105	0.0019239579722990152	0.03733403998966658	-1.2963362490058845
GOBP_COMMA_SHAPED_BODY_MORPHOGENESIS	0.3841033281276165	-0.39908979986586385	3.8761335999852924	0.0019251438668704682	0.03733403998966658	-1.296936393017802
GOBP_NONRIBOSOMAL_PEPTIDE_BIOSYNTHETIC_PROCESS	-0.4640752461384034	0.029697189846109417	-3.8679259756477378	0.0019552322778055866	0.03773017470693402	-1.312040069491152
GOBP_CLUSTERING_OF_VOLTAGE_GATED_SODIUM_CHANNELS	-0.5700359378951868	0.12858059620733703	-3.8678543156675413	0.0019554970842583534	0.03773017470693402	-1.3121719557686529
GOBP_REGULATION_OF_SOMATIC_STEM_CELL_POPULATION_MAINTENANCE	0.49543213964571675	-0.1447761841174494	3.864747618097027	0.0019670126558187324	0.03785627901147849	-1.3178899523930694
GOBP_RETROGRADE_TRANS_SYNAPTIC_SIGNALING	-0.659033610258067	0.08465869358326206	-3.8633323453031725	0.001972281606484398	0.0378618302335717	-1.32049500359199
GOBP_POSITIVE_REGULATION_OF_T_CELL_APOPTOTIC_PROCESS	0.38576901664283925	-0.2231070031406995	3.859134692586967	0.0019879941874921935	0.038067334542356814	-1.3282221847237805
GOBP_DETECTION_OF_MUSCLE_STRETCH	-0.6286047931237512	0.016336320064073838	-3.8547364864696574	0.0020045948340481796	0.038288768664407696	-1.3363196424932449
GOBP_MAMMARY_GLAND_EPITHELIAL_CELL_PROLIFERATION	0.43534506382977844	-0.09096852630660959	3.8530355456372005	0.0020110528322041725	0.03831584869778476	-1.3394515112146994
GOBP_SA_NODE_CELL_TO_ATRIAL_CARDIAC_MUSCLE_CELL_COMMUNICATION	-0.500542949763583	-0.037298754210428026	-3.84871100524531	0.0020275678621861134	0.038533927220847086	-1.3474148415904121
GOBP_PERICARDIUM_MORPHOGENESIS	0.46601455725915464	-0.03913713331520012	3.8465545329703903	0.002035854976688104	0.038594936490730584	-1.3513862256821465
GOBP_NEGATIVE_REGULATION_OF_LOW_DENSITY_LIPOPROTEIN_PARTICLE_CLEARANCE	0.4097085633137402	0.014516545499463684	3.840500073077316	0.0020593072301269117	0.038942421799564135	-1.3625375823482102
GOBP_NUCLEOLUS_ORGANIZATION	0.48556701411845954	-0.07449388335375369	3.832201603394034	0.0020919011304637337	0.039460626287308447	-1.3778253498717117
GOBP_SISTER_CHROMATID_SEGREGATION	0.5179888656810987	-0.034294892049498094	3.829272329469636	0.00210353192405384	0.039581806155092304	-1.3832226734016126
GOBP_STRESS_RESPONSE_TO_METAL_ION	-0.48472419682147144	-0.1420645506997118	-3.8249847246536666	0.0021206752775904223	0.03980586039566022	-1.3911236216476706
GOBP_POSITIVE_REGULATION_OF_INTERFERON_BETA_PRODUCTION	0.37733252433357894	-0.2539600556449571	3.8176507438735694	0.0021503307267817695	0.04026308912560348	-1.4046405337671164
GOBP_ESTABLISHMENT_OF_PROTEIN_LOCALIZATION_TO_CHROMOSOME	0.6511149922762398	0.05226184044650512	3.8148925938637643	0.002161592809769579	0.040374517296973805	-1.4097246856016037
GOBP_CD8_POSITIVE_ALPHA_BETA_T_CELL_DIFFERENTIATION	0.486765919941263	-0.3464929989392381	3.812567510818973	0.002171133384198665	0.040453323496760424	-1.4140108662857163
GOBP_NEGATIVE_REGULATION_OF_EXTRACELLULAR_MATRIX_DISASSEMBLY	-0.7429001824832788	-0.18435404862938815	-3.8072084030333344	0.002193287696328038	0.04076619331903605	-1.4238911982190503
GOBP_PEPTIDYL_TYROSINE_DEPHOSPHORYLATION_INVOLVED_IN_INACTIVATION_OF_PROTEIN_KINASE_ACTIVITY	-0.46157127683919874	0.029105347055867956	-3.7956931846254296	0.0022416753551270136	0.041178055383551425	-1.4451262302219474
GOBP_DNA_METHYLATION_ON_CYTOSINE	0.5337588797111443	-0.36480473555397347	3.795591096365204	0.0022421091761265738	0.041178055383551425	-1.4453145194949366
GOBP_ACTIVATION_OF_PROTEIN_KINASE_C_ACTIVITY	0.7047473337873292	-0.020091970651820674	3.7948980429496038	0.002245056552701629	0.041178055383551425	-1.4465927852690355
GOBP_CYCLIC_NUCLEOTIDE_METABOLIC_PROCESS	-0.43057408112300344	0.05067144015434319	-3.793311060726423	0.0022518204842505093	0.041178055383551425	-1.4495199010255009
GOBP_POSITIVE_REGULATION_OF_TYPE_I_INTERFERON_PRODUCTION	0.3852525666990135	-0.24184135807668797	3.793080871687606	0.002252803307019903	0.041178055383551425	-1.4499444845309775
GOBP_TANGENTIAL_MIGRATION_FROM_THE_SUBVENTRICULAR_ZONE_TO_THE_OLFACTORY_BULB	-0.46573087225814597	0.23154200519046014	-3.7910689779894455	0.0022614120161686562	0.041178055383551425	-1.4536555327609504
GOBP_REGULATION_OF_CHROMOSOME_SEPARATION	0.5683610265738671	-0.005373135982929639	3.789879747314497	0.0022665164093702552	0.041178055383551425	-1.4558492280599458
GOBP_B_CELL_HOMEOSTASIS	0.5008734924429837	-0.13286514062295673	3.789731571214566	0.0022671532314378733	0.041178055383551425	-1.45612256361267
GOBP_NEURON_FATE_SPECIFICATION	0.40152615299619737	-0.2272320088937987	3.7893754627062357	0.0022686844395451776	0.041178055383551425	-1.4567794696255492
GOBP_HISTONE_H3_K9_METHYLATION	0.4739926794727715	-0.1141573891399545	3.7877499405924304	0.002275687335602785	0.041178055383551425	-1.459778115860189
GOBP_INTRINSIC_APOPTOTIC_SIGNALING_PATHWAY_IN_RESPONSE_TO_DNA_DAMAGE_BY_P53_CLASS_MEDIATOR	0.4576452338636981	-0.15425999869502538	3.786781654977701	0.0022798692794362037	0.041178055383551425	-1.4615644010506426
GOBP_BRAIN_RENIN_ANGIOTENSIN_SYSTEM	-0.49443580088215094	-0.08504288178877756	-3.7866479342907784	0.0022804474238983363	0.041178055383551425	-1.4618110914570899
GOBP_DNA_DEPENDENT_DNA_REPLICATION	0.481676854196248	-0.02242954599952761	3.7835372341699527	0.0022939389185049615	0.041323515778376105	-1.4675500147002838
GOBP_REGULATION_OF_UBIQUITIN_PROTEIN_LIGASE_ACTIVITY	0.6684545604983173	-0.1295007511611281	3.780160812544455	0.0023086751029962687	0.041490657524769825	-1.4737796975075756
GOBP_POSITIVE_REGULATION_OF_CALCIUM_ION_DEPENDENT_EXOCYTOSIS	-0.551908901239767	0.05259483856105661	-3.776043887853138	0.002326773955896763	0.041717300973413196	-1.4813763894099026
GOBP_T_CELL_DIFFERENTIATION_INVOLVED_IN_IMMUNE_RESPONSE	0.39860320833839474	-0.2796989694634977	3.7707745643385886	0.0023501504232864272	0.04203727886546687	-1.4911007011011188
GOBP_PYRIMIDINE_DEOXYRIBONUCLEOTIDE_BIOSYNTHETIC_PROCESS	0.4645627549238492	-0.13171170340571597	3.7674999081300093	0.002364798476484836	0.042199995347975874	-1.4971445957395906
GOBP_REGULATION_OF_GLUCOCORTICOID_RECEPTOR_SIGNALING_PATHWAY	-0.5752825286093952	0.1414289337344748	-3.7586615183113157	0.0024048006710540547	0.04278247042574911	-1.5134597101054776
GOBP_REGULATION_OF_CHROMOSOME_SEGREGATION	0.5402199748658031	-0.025539907422811012	3.7578091578169466	0.0024086947306262325	0.04278247042574911	-1.5150333026146825
GOBP_DNA_REPLICATION_DEPENDENT_CHROMATIN_ORGANIZATION	0.5383147722187335	-0.3292610197374606	3.7501500343306806	0.0024439757101537007	0.04319654229363202	-1.5291747203723167
GOBP_EMBRYONIC_CRANIAL_SKELETON_MORPHOGENESIS	0.39000261486679433	-0.16290958958563742	3.7473122028314516	0.0024571813059085083	0.04319654229363202	-1.5344150096468443
GOBP_GLYCINE_BIOSYNTHETIC_PROCESS	0.4524950267605015	-0.16399031193334318	3.7467623123326277	0.002459748575349131	0.04319654229363202	-1.53543046856384
GOBP_POSITIVE_REGULATION_OF_SODIUM_ION_TRANSPORT	-0.4527762245305576	0.019203690437098058	-3.7454232128361746	0.0024660118639339475	0.04319654229363202	-1.5379033807345976
GOBP_CYCLIC_NUCLEOTIDE_BIOSYNTHETIC_PROCESS	-0.4624307898717985	0.011344325539055098	-3.7444634091724054	0.0024705110973045324	0.04319654229363202	-1.539675896162536
GOBP_REGULATION_OF_NUCLEAR_DIVISION	0.37283078373733014	-0.10602343761667862	3.7442728499802875	0.0024714053693336417	0.04319654229363202	-1.5400278157184868
GOBP_REGULATION_OF_VESICLE_TRANSPORT_ALONG_MICROTUBULE	-0.4569471661326863	0.11269799050166297	-3.743414999137663	0.002475435251958149	0.04319654229363202	-1.5416120909258622
GOBP_REGULATION_OF_HEMATOPOIETIC_STEM_CELL_PROLIFERATION	-0.5782199096189176	-0.09488397624214145	-3.7429833626561053	0.002477465461723699	0.04319654229363202	-1.542409247353878
GOBP_SPINAL_CORD_MOTOR_NEURON_CELL_FATE_SPECIFICATION	0.4315903627919992	-0.26787869223576344	3.7389182802650334	0.002496669121456438	0.04343175895037035	-1.549917130932566
GOBP_LYMPHOCYTE_HOMEOSTASIS	0.3892994076214948	-0.1600782305660945	3.732268331393043	0.002528411571610907	0.04388352686617834	-1.562200573964863
GOBP_EPITHELIAL_CELL_MATURATION	0.41978730066748554	-0.03623934273663543	3.7298164306089925	0.002540218852251668	0.04398802668523275	-1.5667300673954383
GOBP_LUNG_GROWTH	-0.44127262730380484	-0.1661047036114523	-3.7235313040369107	0.002570742575827127	0.04441542059417686	-1.578341964980142
GOBP_LEUKOCYTE_CHEMOTAXIS_INVOLVED_IN_INFLAMMATORY_RESPONSE	0.5765801113617982	-0.19806292780048984	3.7095362313997393	0.00264005935365858	0.04550704738202427	-1.6042038619455932
GOBP_PROTEIN_POLYGLUTAMYLATION	-0.41081137923404126	0.13341480809774509	-3.708374592284901	0.002645897782538112	0.04550704738202427	-1.6063508345823552
GOBP_CAMP_METABOLIC_PROCESS	-0.47722869923789385	0.07540064136430405	-3.7062224836964037	0.0026567491124458013	0.04552058204598889	-1.6103285570263122
GOBP_SPHINGOLIPID_TRANSLOCATION	0.5513380495768149	-0.26625678618507065	3.7047836387825597	0.0026640293074201024	0.04552058204598889	-1.6129880598684974
GOBP_POSITIVE_REGULATION_OF_KIDNEY_DEVELOPMENT	0.4103580733966291	-0.04455253396972885	3.7046614185900655	0.0026646486464700155	0.04552058204598889	-1.613213970379542
GOBP_PYRIMIDINE_NUCLEOSIDE_TRIPHOSPHATE_BIOSYNTHETIC_PROCESS	0.5684001535311233	0.034981237512947246	3.702384973051977	0.0026762111546380168	0.045615599097664133	-1.61742183199559
GOBP_CILIUM_OR_FLAGELLUM_DEPENDENT_CELL_MOTILITY	-0.32735535933029725	-0.1051441881066337	-3.6993244845691184	0.0026918365385587154	0.04577928717253547	-1.6230792543928665
GOBP_POSITIVE_REGULATION_OF_MIRNA_METABOLIC_PROCESS	0.5983645534925759	-0.053344232977024765	3.696432142507569	0.002706688832136197	0.04588450834316837	-1.6284261739446197
GOBP_NEGATIVE_REGULATION_OF_MACROPHAGE_APOPTOTIC_PROCESS	0.5438009032326385	-0.3805658637219053	3.6946922711904	0.0027156633094570608	0.04588450834316837	-1.631642731114705
GOBP_LYMPHATIC_ENDOTHELIAL_CELL_DIFFERENTIATION	0.5069496909333624	-0.021884144373554078	3.6946017384238807	0.00271613111739355	0.04588450834316837	-1.6318101050601026
GOBP_NEGATIVE_REGULATION_OF_B_CELL_PROLIFERATION	0.5010368744882783	-0.3315598709693352	3.690775796078572	0.002735976007708017	0.04597229816008227	-1.638883652982158
GOBP_NEGATIVE_REGULATION_OF_CELL_AGING	0.3631218610205725	-0.16631412181378472	3.690400980688537	0.0027379280706190594	0.04597229816008227	-1.639576654577036
GOBP_RESPONSE_TO_LECTIN	0.47495006499463355	-0.06732142857218706	3.689239052897375	0.002743988481561878	0.04597229816008227	-1.6417249919177674
GOBP_UDP_N_ACETYLGLUCOSAMINE_BIOSYNTHETIC_PROCESS	0.5697165029609951	-0.017948873577501412	3.6889463325559775	0.0027455174118228556	0.04597229816008227	-1.642266222584892
GOBP_POSITIVE_REGULATION_OF_CD4_POSITIVE_ALPHA_BETA_T_CELL_DIFFERENTIATION	0.3568109662190181	-0.4345702114041681	3.681706326402782	0.0027836104933784264	0.046347055798503574	-1.6556537369891418
GOBP_CARDIAC_ATRIUM_DEVELOPMENT	0.3971829446680297	-0.08431273047124592	3.6811387272021263	0.0027866195471243378	0.046347055798503574	-1.6567033642921247
GOBP_REGULATION_OF_RELEASE_OF_SEQUESTERED_CALCIUM_ION_INTO_CYTOSOL	-0.3673507208088089	-0.05158647495786755	-3.680556369014165	0.0027897102847169765	0.046347055798503574	-1.6577802961859005
GOBP_REGULATION_OF_DEOXYRIBONUCLEASE_ACTIVITY	0.5645861735851003	-0.15781998545325202	3.678084135761761	0.002802870010358262	0.046347055798503574	-1.6623522301037559
GOBP_NEURONAL_ACTION_POTENTIAL_PROPAGATION	-0.543886831732433	0.2355814406779852	-3.6772316274158006	0.0028074225567275408	0.046347055798503574	-1.6639288340828928
GOBP_CHEMOKINE_C_X_C_MOTIF_LIGAND_12_SIGNALING_PATHWAY	0.5705936508061993	-0.20712597389386792	3.6764099962703813	0.0028118173347293687	0.046347055798503574	-1.665448358283827
GOBP_POSITIVE_REGULATION_OF_CHOLESTEROL_STORAGE	0.42939045440525186	-0.15203777950856123	3.675873962268023	0.0028146882708922805	0.046347055798503574	-1.666439711736623
GOBP_CELL_MIGRATION_INVOLVED_IN_METANEPHROS_DEVELOPMENT	-0.47591268152870936	-0.21904819087553734	-3.674524030621465	0.002821931571610071	0.046347055798503574	-1.6689363493828075
GOBP_POSITIVE_REGULATION_OF_ENDOTHELIAL_CELL_DIFFERENTIATION	0.47055728537152963	-0.08866915889897334	3.674080307770572	0.0028243165861212122	0.046347055798503574	-1.6697570082949387
GOBP_PRONEPHROS_DEVELOPMENT	0.43987868057306667	-0.2501513944839572	3.673235095919411	0.0028288652842022705	0.046347055798503574	-1.6713202336823931
GOBP_REGULATION_OF_MICROTUBULE_POLYMERIZATION	-0.36257350883483913	-0.1266471148734531	-3.670942769598836	0.002841239517078468	0.046449683459850566	-1.6755600288850747
GOBP_REGULATION_OF_DELAYED_RECTIFIER_POTASSIUM_CHANNEL_ACTIVITY	-0.36116263755732775	-0.03900308182089519	-3.6677832574050884	0.002858385243295452	0.04658439465015786	-1.6814040242152872
GOBP_SYNAPTIC_VESICLE_RECYCLING_VIA_ENDOSOME	-0.6405928445105689	0.1474889474847002	-3.6671681679239114	0.0028617353724840464	0.04658439465015786	-1.6825417636344593
GOBP_DENDRITIC_TRANSPORT	-0.5135775147895069	0.038217214133863565	-3.6651341681088323	0.002872842172718095	0.04661943722794098	-1.6863041694137797
GOBP_PYRIMIDINE_DEOXYRIBONUCLEOSIDE_TRIPHOSPHATE_METABOLIC_PROCESS	0.5638421202861634	-0.013781317277847049	3.664529377589655	0.002876153125480705	0.04661943722794098	-1.6874229111222165
GOBP_ADRENOMEDULLIN_RECEPTOR_SIGNALING_PATHWAY	0.5641038406458916	-0.16887307514990355	3.6630143469244834	0.0028844642816033	0.04665467546542189	-1.690225467569542
GOBP_VENTRAL_SPINAL_CORD_DEVELOPMENT	0.3614362376741257	-0.07932273169031581	3.660520443988097	0.0028981985815640155	0.046766621160494466	-1.6948389374489672
GOBP_RESPONSE_TO_CAFFEINE	-0.41757858143766363	-0.00611122305444729	-3.6595268106675363	0.0029036891854450656	0.046766621160494466	-1.6966771148143343
GOBP_EMBRYONIC_SKELETAL_SYSTEM_DEVELOPMENT	0.3586928460432338	-0.13561359130629402	3.6579206757199336	0.002912586725190002	0.04679621846304604	-1.6996484593294099
GOBP_CENP_A_CONTAINING_CHROMATIN_ORGANIZATION	0.7035473134418934	-0.07089504763135157	3.65658335876886	0.0029200162432111926	0.04679621846304604	-1.7021225536728197
GOBP_POSITIVE_REGULATION_OF_CHROMOSOME_SEGREGATION	0.45033429990771817	-0.03326109792851338	3.655868749692086	0.002923994181787276	0.04679621846304604	-1.703444634515912
GOBP_T_HELPER_17_TYPE_IMMUNE_RESPONSE	0.45171954366456907	-0.17266632284012576	3.65353735771244	0.0029370104587046306	0.04688013268149225	-1.7077579969956878
GOBP_NUCLEOSOME_ASSEMBLY	0.43977894800838435	-0.23601719964059456	3.6514173524323317	0.002948897705934829	0.04688013268149225	-1.7116804143538156
GOBP_VOCALIZATION_BEHAVIOR	-0.39349622208645624	0.09024377986388046	-3.648966360530525	0.0029627018539414842	0.04688013268149225	-1.7162153924790555
GOBP_SPERM_MOTILITY	-0.3242540325958562	-0.08625977886952237	-3.64786147129738	0.0029689461331981496	0.04688013268149225	-1.7182597872149836
GOBP_C_5_METHYLATION_OF_CYTOSINE	0.7804191498449363	0.024049803961615428	3.6477635333499094	0.0029695002745945883	0.04688013268149225	-1.7184410051925845
GOBP_ENDOCARDIUM_MORPHOGENESIS	0.45631008797956335	-0.05325713478385313	3.6475609407791163	0.002970646894735659	0.04688013268149225	-1.7188158701644065
GOBP_REGULATION_OF_DENDRITIC_CELL_ANTIGEN_PROCESSING_AND_PRESENTATION	0.727392633517058	-0.26160926860944433	3.646803092173248	0.002974940109959776	0.04688013268149225	-1.7202181580972464
GOBP_MITOTIC_SISTER_CHROMATID_COHESION	0.5250807452060987	-0.09287181227437137	3.6461628560661326	0.0029785719659511647	0.04688013268149225	-1.7214028347616779
GOBP_AMINO_ACID_NEUROTRANSMITTER_REUPTAKE	-0.5469429601374743	-0.004533523436011924	-3.641420684823534	0.003005613537433517	0.0472080043627471	-1.7301780079629898
GOBP_REGULATION_OF_NEUROTRANSMITTER_TRANSPORT	-0.4469678238101516	0.017503432417678287	-3.6383637094577077	0.003023177697734696	0.047385972903462185	-1.7358351523847553
GOBP_REGULATION_OF_THE_FORCE_OF_HEART_CONTRACTION	-0.3245089685097956	0.03693216655940245	-3.6372648789131405	0.003029516603294045	0.04738762390584635	-1.737868680379675
GOBP_NEURON_CELLULAR_HOMEOSTASIS	-0.5106018966698114	0.04598109704384659	-3.6293411691001976	0.0030756284809421333	0.04769233491444954	-1.7525335431351339
GOBP_CANONICAL_WNT_SIGNALING_PATHWAY_INVOLVED_IN_REGULATION_OF_CELL_PROLIFERATION	0.3860152648717888	-0.323253773575683	3.6277795662456738	0.0030848000154367365	0.04769233491444954	-1.755423896976394
GOBP_POSITIVE_REGULATION_OF_AUTOPHAGOSOME_MATURATION	-0.5217249119229184	-0.12405721517592566	-3.6251903926092934	0.0031000679212519096	0.04769233491444954	-1.7602163169157183
GOBP_RETROGRADE_TRANS_SYNAPTIC_SIGNALING_BY_LIPID	-0.7533628412741022	0.009835676269822924	-3.625019569909722	0.003101077929220066	0.04769233491444954	-1.760532506840799
GOBP_HISTONE_H3_K27_DEMETHYLATION	0.6456835533014306	-0.004611970052260467	3.6243240320593686	0.0031051938269483145	0.04769233491444954	-1.761819943724917
GOBP_REGULATION_OF_GLUTAMATE_RECEPTOR_CLUSTERING	-0.5478945262642722	0.1888679449136918	-3.624068797769935	0.0031067055870277094	0.04769233491444954	-1.762292384299859
GOBP_DE_NOVO_CENTRIOLE_ASSEMBLY	0.7712196541827436	0.04931285579950216	3.6240005946972795	0.00310710968241195	0.04769233491444954	-1.7624186289917416
GOBP_INNER_EAR_RECEPTOR_CELL_FATE_COMMITMENT	0.5908679830751283	-0.04255111050348752	3.6212483820497354	0.003123460868354841	0.04769233491444954	-1.7675131103930157
GOBP_RENAL_VESICLE_DEVELOPMENT	0.3499429527856824	-0.2897391579356831	3.62096448135904	0.0031251525194130637	0.04769233491444954	-1.7680386359878772
GOBP_NEGATIVE_REGULATION_OF_WNT_SIGNALING_PATHWAY_INVOLVED_IN_HEART_DEVELOPMENT	0.38939190871355267	-0.13819139951812326	3.6208713835927786	0.0031257074545577744	0.04769233491444954	-1.768210968749755
GOBP_GLUTAMATE_RECEPTOR_SIGNALING_PATHWAY	-0.4466244172663046	0.2111372082626777	-3.620762318455736	0.0031263576950155106	0.04769233491444954	-1.768412858913564
GOBP_NEGATIVE_REGULATION_OF_HAIR_FOLLICLE_DEVELOPMENT	0.5557754699787204	0.10526942975022845	3.620528473258036	0.003127752330757487	0.04769233491444954	-1.7688457301449176
GOBP_REGULATION_OF_CARDIAC_MUSCLE_CONTRACTION	-0.38288407620028964	-0.0994453788986495	-3.619417941671578	0.003134384094360165	0.04769233491444954	-1.7709014565587387
GOBP_ASCENDING_AORTA_DEVELOPMENT	0.7164447226493078	-0.21622582911768976	3.6189156263491746	0.0031373884625667103	0.04769233491444954	-1.7718313127076106
GOBP_RESPONSE_TO_DIACYL_BACTERIAL_LIPOPEPTIDE	0.5363936071137377	-0.3771746718832229	3.6179617338828276	0.003143101787968853	0.04769233491444954	-1.7735971195679952
GOBP_MITOCHONDRIAL_ELECTRON_TRANSPORT_CYTOCHROME_C_TO_OXYGEN	-0.6800037142622405	-0.0487817068378179	-3.6139981074975065	0.0031669553109755946	0.04795855433074994	-1.7809346739145608
GOBP_NUCLEOSOME_POSITIONING	0.7055972949138285	-0.02410238269494263	3.6120900184326166	0.003178503887195727	0.04796005184076212	-1.784467113565272
GOBP_REGULATION_OF_INTEGRIN_MEDIATED_SIGNALING_PATHWAY	0.609193355393803	-0.13786270191295077	3.611897420818482	0.0031796719452438977	0.04796005184076212	-1.7848236740360734
GOBP_NEGATIVE_REGULATION_OF_MACROPHAGE_DIFFERENTIATION	0.4308338577123602	-0.23098895599431538	3.6100847213511216	0.003190686916758892	0.04802788940956221	-1.7881796122476894
GOBP_REGULATION_OF_SYNAPTIC_VESICLE_EXOCYTOSIS	-0.5151642018605268	0.11694826814484477	-3.6083189402834863	0.003201454053762777	0.04802788940956221	-1.7914487662504648
GOBP_POSITIVE_REGULATION_OF_HIPPO_SIGNALING	0.44814650754703766	-0.14674145437276806	3.6080458017256345	0.003203122853281773	0.04802788940956221	-1.7919544597855257
GOBP_MEMBRANE_HYPERPOLARIZATION	-0.5439381420381718	0.08264062982587453	-3.6042511993433104	0.0032263984117779565	0.04822117548853893	-1.7989800405375966
GOBP_POSITIVE_REGULATION_OF_KERATINOCYTE_PROLIFERATION	0.46725637864452135	-0.13786381037624462	3.602230347195781	0.0032388640588051185	0.04822117548853893	-1.8027217221044731
GOBP_STARTLE_RESPONSE	-0.361112373536856	0.0014363011985806084	-3.601584455555034	0.0032428585536974264	0.04822117548853893	-1.8039176344140584
GOBP_CELLULAR_RESPONSE_TO_IRON_ION	0.5261289810850394	-0.22067634047506812	3.6012508394176823	0.0032449237503571196	0.04822117548853893	-1.8045353512220697
GOBP_URINARY_BLADDER_SMOOTH_MUSCLE_CONTRACTION	-0.6126569405317753	0.09601948348480958	-3.600797891601257	0.003247729788230983	0.04822117548853893	-1.805374024292366
GOBP_REGULATION_OF_RETINOIC_ACID_RECEPTOR_SIGNALING_PATHWAY	0.3756217113006109	-0.09328208099125053	3.5987876772433856	0.003260212946964038	0.048312161447993406	-1.8090961721325076
GOBP_REPLICATION_FORK_PROTECTION	0.5340510009968348	-0.084559854516219	3.597184611362277	0.0032702026796928873	0.048365915896936444	-1.8120645035735734
GOBP_MEIOTIC_SPINDLE_ORGANIZATION	0.4722508931189935	-0.010892488820690402	3.594613142711677	0.0032862921097306973	0.048468973497830796	-1.816826108907371
GOBP_SYNAPTIC_SIGNALING	-0.38655723794098906	-0.04525682687117155	-3.593374073709869	0.0032940735153531913	0.048468973497830796	-1.8191205541776823
GOBP_REGULATION_OF_NK_T_CELL_ACTIVATION	0.4740574023838362	-0.1550619614001097	3.5930203651609975	0.0032962982502471086	0.048468973497830796	-1.819775540044108
GOBP_ISOPRENOID_CATABOLIC_PROCESS	-0.40119078745221864	0.05301397759049912	-3.5913822937588984	0.0033066212010245924	0.0485269003285501	-1.8228089029172843
GOBP_SYNAPTIC_TRANSMISSION_GLUTAMATERGIC	-0.4021419242493391	-0.012562104455885242	-3.588655549276647	0.0033238776930213402	0.04868616227812761	-1.8278583890352662
GOBP_ESTABLISHMENT_OF_MITOTIC_SPINDLE_LOCALIZATION	0.41355415798425127	-0.02414890474569457	3.5867413206369823	0.0033360466834610344	0.04876203898509327	-1.8314033241298748
GOBP_RESPONSE_TO_CORTICOSTERONE	-0.5154851574906182	-0.09026326059872226	-3.585396276306094	0.003344624341237071	0.04876203898509327	-1.8338942408392462
GOBP_OUTER_DYNEIN_ARM_ASSEMBLY	-0.43576906675254223	-0.16364465855573115	-3.5848208158798918	0.003348301019497328	0.04876203898509327	-1.8349599601063051
GOBP_SPERM_MITOCHONDRIAL_SHEATH_ASSEMBLY	-0.585488763850304	0.03733132985693363	-3.582428180099953	0.0033636318646018846	0.04889164327859183	-1.8393910566051508
GOBP_PROTEIN_KINASE_C_ACTIVATING_G_PROTEIN_COUPLED_RECEPTOR_SIGNALING_PATHWAY	-0.33586265952199607	0.01413793381786701	-3.5810447049216445	0.0033725289876487914	0.048921738932579784	-1.8419532689956624
GOBP_NEGATIVE_REGULATION_OF_TYPE_B_PANCREATIC_CELL_APOPTOTIC_PROCESS	0.40115942994395043	0.054963085535018635	3.580070761947552	0.0033788067328464635	0.048921738932579784	-1.8437570463266058
GOBP_POSITIVE_REGULATION_OF_GROWTH_HORMONE_SECRETION	0.38926578042575255	-0.2914150351825416	3.579110406679904	0.003385008508094839	0.048921738932579784	-1.8455356775354899
GOBP_ACIDIC_AMINO_ACID_TRANSPORT	-0.40538489028219127	-0.14959790889013735	-3.576508620232662	0.0034018684114213767	0.04907211321371026	-1.8503544230347142
GOBP_NOTCH_SIGNALING_INVOLVED_IN_HEART_DEVELOPMENT	0.4488113678762577	0.0075204282626866485	3.5683072691496935	0.003455573920081924	0.04975241087208861	-1.8655449324237434
GOBP_D_ASPARTATE_IMPORT_ACROSS_PLASMA_MEMBRANE	-0.6054938686888837	0.1329619485999641	-3.5655026180291074	0.00347413654759244	0.04987721161714475	-1.8707399849304966
GOBP_RESPIRATORY_BURST_INVOLVED_IN_DEFENSE_RESPONSE	0.5819060529955774	-0.15468905508660064	3.5650165094659947	0.003477364135370523	0.04987721161714475	-1.8716404178532873
