GO.ID	Term	Annotated	Significant	Expected	classicFisher	fdr	gene_ratio	DEGs
GO:0072191	ureter smooth muscle development	3	2	0.01	5.9e-5	0.0104493	0.6666666666666666	SIX1, SOX9
GO:0072193	ureter smooth muscle cell differentiation	3	2	0.01	5.9e-5	0.0104493	0.6666666666666666	SIX1, SOX9
GO:0007418	ventral midline development	6	2	0.03	2.9e-4	0.036949834710743805	0.3333333333333333	GLI2, SMO
GO:0051231	spindle elongation	14	4	0.06	3.5e-7	1.5870441176470587e-4	0.2857142857142857	BIRC5, KIF11, KIF4A, PRC1
GO:0021780	glial cell fate specification	7	2	0.03	4e-4	0.048178125	0.2857142857142857	ASCL1, SOX9
GO:0051256	mitotic spindle midzone assembly	11	3	0.05	1.4e-5	0.0034260000000000002	0.2727272727272727	BIRC5, KIF4A, PRC1
GO:0000022	mitotic spindle elongation	12	3	0.05	1.8e-5	0.004141880597014925	0.25	BIRC5, KIF4A, PRC1
GO:0051255	spindle midzone assembly	14	3	0.06	3e-5	0.006514225352112676	0.21428571428571427	BIRC5, KIF4A, PRC1
GO:0021513	spinal cord dorsal/ventral patterning	16	3	0.07	4.6e-5	0.009714821917808219	0.1875	ASCL1, GLI2, SMO
GO:0021511	spinal cord patterning	18	3	0.08	6.6e-5	0.010824702127659574	0.16666666666666666	ASCL1, GLI2, SMO
GO:0048368	lateral mesoderm development	18	3	0.08	6.6e-5	0.010824702127659574	0.16666666666666666	SMO, TEAD2, YAP1
GO:0090190	positive regulation of branching involved in ureteric bud morphogenesis	18	3	0.08	6.6e-5	0.010824702127659574	0.16666666666666666	SIX1, SMO, SOX9
GO:1901970	positive regulation of mitotic sister chromatid separation	18	3	0.08	6.6e-5	0.010824702127659574	0.16666666666666666	BIRC5, DLGAP5, UBE2C
GO:0030903	notochord development	19	3	0.08	7.8e-5	0.012146727272727273	0.15789473684210525	SOX9, TEAD2, YAP1
GO:0060602	branch elongation of an epithelium	19	3	0.08	7.8e-5	0.012146727272727273	0.15789473684210525	SIX1, SOX9, YAP1
GO:0051383	kinetochore organization	21	3	0.09	1.1e-4	0.016306442307692307	0.14285714285714285	CENPF, DLGAP5, NDC80
GO:0090189	regulation of branching involved in ureteric bud morphogenesis	21	3	0.09	1.1e-4	0.016306442307692307	0.14285714285714285	SIX1, SMO, SOX9
GO:0051315	attachment of mitotic spindle microtubules to kinetochore	24	3	0.11	1.6e-4	0.023053457943925233	0.125	BIRC5, KIF2C, NDC80
GO:0048745	smooth muscle tissue development	25	3	0.11	1.8e-4	0.025459266055045872	0.12	SIX1, SMO, SOX9
GO:0002053	positive regulation of mesenchymal cell proliferation	26	3	0.12	2e-4	0.027530357142857145	0.11538461538461539	SIX1, SMO, SOX9
GO:0048665	neuron fate specification	35	4	0.16	1.7e-5	0.0039710454545454545	0.11428571428571428	ASCL1, GLI2, SIX1, SOX9
GO:0003401	axis elongation	29	3	0.13	2.9e-4	0.036949834710743805	0.10344827586206896	SIX1, SOX9, YAP1
GO:0060479	lung cell differentiation	29	3	0.13	2.9e-4	0.036949834710743805	0.10344827586206896	ASCL1, SOX9, YAP1
GO:0060487	lung epithelial cell differentiation	29	3	0.13	2.9e-4	0.036949834710743805	0.10344827586206896	ASCL1, SOX9, YAP1
GO:1905820	positive regulation of chromosome separation	29	3	0.13	2.9e-4	0.036949834710743805	0.10344827586206896	BIRC5, DLGAP5, UBE2C
GO:0010965	regulation of mitotic sister chromatid separation	59	6	0.26	2.4e-7	1.193574193548387e-4	0.1016949152542373	BIRC5, BUB1, CENPF, DLGAP5, NDC80, UBE2C
GO:0051306	mitotic sister chromatid separation	62	6	0.28	3.2e-7	1.5417e-4	0.0967741935483871	BIRC5, BUB1, CENPF, DLGAP5, NDC80, UBE2C
GO:0010464	regulation of mesenchymal cell proliferation	33	3	0.15	4.2e-4	0.04980876923076923	0.09090909090909091	SIX1, SMO, SOX9
GO:0006334	nucleosome assembly	113	10	0.5	7.2e-11	1.1254410000000001e-7	0.08849557522123894	H1-3, H1-5, H2BC10, H2BC14, H2BC17, H2BC3, H3C13, H3C7, H4C14, SOX9
GO:0007094	mitotic spindle assembly checkpoint signaling	46	4	0.2	5.1e-5	0.010080346153846153	0.08695652173913043	BIRC5, BUB1, CENPF, NDC80
GO:0071173	spindle assembly checkpoint signaling	46	4	0.2	5.1e-5	0.010080346153846153	0.08695652173913043	BIRC5, BUB1, CENPF, NDC80
GO:0071174	mitotic spindle checkpoint signaling	46	4	0.2	5.1e-5	0.010080346153846153	0.08695652173913043	BIRC5, BUB1, CENPF, NDC80
GO:0031577	spindle checkpoint signaling	47	4	0.21	5.6e-5	0.0104493	0.0851063829787234	BIRC5, BUB1, CENPF, NDC80
GO:0007080	mitotic metaphase chromosome alignment	60	5	0.27	6.9e-6	0.0018030050847457628	0.08333333333333333	BIRC5, KIF14, KIF2C, KIFC1, NDC80
GO:0033046	negative regulation of sister chromatid segregation	48	4	0.21	6.1e-5	0.0104493	0.08333333333333333	BIRC5, BUB1, CENPF, NDC80
GO:0033048	negative regulation of mitotic sister chromatid segregation	48	4	0.21	6.1e-5	0.0104493	0.08333333333333333	BIRC5, BUB1, CENPF, NDC80
GO:0045841	negative regulation of mitotic metaphase/anaphase transition	48	4	0.21	6.1e-5	0.0104493	0.08333333333333333	BIRC5, BUB1, CENPF, NDC80
GO:2000816	negative regulation of mitotic sister chromatid separation	48	4	0.21	6.1e-5	0.0104493	0.08333333333333333	BIRC5, BUB1, CENPF, NDC80
GO:0090307	mitotic spindle assembly	73	6	0.32	8.6e-7	3.399646153846154e-4	0.0821917808219178	BIRC5, KIF11, KIF4A, KIFC1, PRC1, TPX2
GO:1905818	regulation of chromosome separation	74	6	0.33	9.3e-7	3.4970268292682926e-4	0.08108108108108109	BIRC5, BUB1, CENPF, DLGAP5, NDC80, UBE2C
GO:0051985	negative regulation of chromosome segregation	50	4	0.22	7.2e-5	0.011443546391752579	0.08	BIRC5, BUB1, CENPF, NDC80
GO:1902100	negative regulation of metaphase/anaphase transition of cell cycle	50	4	0.22	7.2e-5	0.011443546391752579	0.08	BIRC5, BUB1, CENPF, NDC80
GO:1905819	negative regulation of chromosome separation	50	4	0.22	7.2e-5	0.011443546391752579	0.08	BIRC5, BUB1, CENPF, NDC80
GO:0034728	nucleosome organization	132	10	0.59	3.4e-10	4.0321384615384617e-7	0.07575757575757576	H1-3, H1-5, H2BC10, H2BC14, H2BC17, H2BC3, H3C13, H3C7, H4C14, SOX9
GO:0051304	chromosome separation	81	6	0.36	1.6e-6	5.606181818181817e-4	0.07407407407407407	BIRC5, BUB1, CENPF, DLGAP5, NDC80, UBE2C
GO:0033047	regulation of mitotic sister chromatid segregation	54	4	0.24	9.7e-5	0.014954489999999999	0.07407407407407407	BIRC5, BUB1, CENPF, NDC80
GO:0045839	negative regulation of mitotic nuclear division	56	4	0.25	1.1e-4	0.016306442307692307	0.07142857142857142	BIRC5, BUB1, CENPF, NDC80
GO:0000070	mitotic sister chromatid segregation	188	13	0.84	1.9e-12	1.18197e-8	0.06914893617021277	BIRC5, BUB1, CENPF, DLGAP5, KIF11, KIF14, KIF2C, KIF4A, KIFC1, NDC80, PRC1, TPX2, UBE2C
GO:0030071	regulation of mitotic metaphase/anaphase transition	90	6	0.4	3e-6	9.635625e-4	0.06666666666666667	BIRC5, BUB1, CENPF, DLGAP5, NDC80, UBE2C
GO:1902099	regulation of metaphase/anaphase transition of cell cycle	93	6	0.41	3.6e-6	0.0010882588235294117	0.06451612903225806	BIRC5, BUB1, CENPF, DLGAP5, NDC80, UBE2C
GO:0007091	metaphase/anaphase transition of mitotic cell cycle	94	6	0.42	3.8e-6	0.001126626923076923	0.06382978723404255	BIRC5, BUB1, CENPF, DLGAP5, NDC80, UBE2C
GO:0051784	negative regulation of nuclear division	63	4	0.28	1.8e-4	0.025459266055045872	0.06349206349206349	BIRC5, BUB1, CENPF, NDC80
GO:0051225	spindle assembly	129	8	0.57	1.1e-7	6.522576923076924e-5	0.06201550387596899	ASPM, BIRC5, KIF11, KIF4A, KIFC1, NDC80, PRC1, TPX2
GO:0044784	metaphase/anaphase transition of cell cycle	97	6	0.43	4.6e-6	0.001289421818181818	0.061855670103092786	BIRC5, BUB1, CENPF, DLGAP5, NDC80, UBE2C
GO:0051983	regulation of chromosome segregation	130	8	0.58	1.1e-7	6.522576923076924e-5	0.06153846153846154	BIRC5, BUB1, CENPF, DLGAP5, KIF2C, MKI67, NDC80, UBE2C
GO:0000819	sister chromatid segregation	229	14	1.02	1.4e-12	1.18197e-8	0.0611353711790393	BIRC5, BUB1, CENPF, DLGAP5, KIF11, KIF14, KIF2C, KIF4A, KIFC1, NDC80, PRC1, TOP2A, TPX2, UBE2C
GO:0007052	mitotic spindle organization	131	8	0.58	1.2e-7	6.851999999999999e-5	0.061068702290076333	BIRC5, DLGAP5, KIF11, KIF4A, KIFC1, NDC80, PRC1, TPX2
GO:0051310	metaphase chromosome alignment	100	6	0.45	5.5e-6	0.0015141696428571428	0.06	BIRC5, CENPF, KIF14, KIF2C, KIFC1, NDC80
GO:0007088	regulation of mitotic nuclear division	118	7	0.53	9.3e-7	3.4970268292682926e-4	0.059322033898305086	BIRC5, BUB1, CENPF, DLGAP5, MKI67, NDC80, UBE2C
GO:0050000	chromosome localization	120	7	0.53	1e-6	3.670714285714285e-4	0.058333333333333334	BIRC5, CENPF, DLGAP5, KIF14, KIF2C, KIFC1, NDC80
GO:0033045	regulation of sister chromatid segregation	104	6	0.46	6.9e-6	0.0018030050847457628	0.057692307692307696	BIRC5, BUB1, CENPF, DLGAP5, NDC80, UBE2C
GO:0002067	glandular epithelial cell differentiation	70	4	0.31	2.7e-4	0.03588439655172414	0.05714285714285714	ASCL1, SMO, SOX9, YAP1
GO:0007093	mitotic cell cycle checkpoint signaling	143	8	0.64	2.3e-7	1.18197e-4	0.055944055944055944	BIRC5, BUB1, CENPF, DTL, GTSE1, MUC1, NDC80, ORC1
GO:0048663	neuron fate commitment	73	4	0.32	3.1e-4	0.03917434426229508	0.0547945205479452	ASCL1, GLI2, SIX1, SOX9
GO:2001251	negative regulation of chromosome organization	93	5	0.41	5.9e-5	0.0104493	0.053763440860215055	BIRC5, BUB1, CENPF, NDC80, TOP2A
GO:0051303	establishment of chromosome localization	112	6	0.5	1.1e-5	0.0027801147540983608	0.05357142857142857	BIRC5, CENPF, KIF14, KIF2C, KIFC1, NDC80
GO:0048565	digestive tract development	131	7	0.58	1.9e-6	6.5094e-4	0.05343511450381679	ASCL1, EGFR, GLI2, SMO, SOX11, SOX9, YAP1
GO:0065004	protein-DNA complex assembly	234	12	1.04	4.8e-10	4.93344e-7	0.05128205128205128	CENPF, DLGAP5, H1-3, H1-5, H2BC10, H2BC14, H2BC17, H2BC3, H3C13, H3C7, H4C14, SOX9
GO:0140014	mitotic nuclear division	277	14	1.23	1.8e-11	4.6250999999999995e-8	0.05054151624548736	BIRC5, BUB1, CENPF, DLGAP5, KIF11, KIF14, KIF2C, KIF4A, KIFC1, MKI67, NDC80, PRC1, TPX2, UBE2C
GO:0055123	digestive system development	142	7	0.63	3.2e-6	0.0010068244897959184	0.04929577464788732	ASCL1, EGFR, GLI2, SMO, SOX11, SOX9, YAP1
GO:1902850	microtubule cytoskeleton organization involved in mitosis	164	8	0.73	6.6e-7	2.82645e-4	0.04878048780487805	BIRC5, DLGAP5, KIF11, KIF4A, KIFC1, NDC80, PRC1, TPX2
GO:0051783	regulation of nuclear division	147	7	0.65	4.1e-6	0.0011926358490566037	0.047619047619047616	BIRC5, BUB1, CENPF, DLGAP5, MKI67, NDC80, UBE2C
GO:0098813	nuclear chromosome segregation	317	15	1.41	8e-12	2.46672e-8	0.0473186119873817	ASPM, BIRC5, BUB1, CENPF, DLGAP5, KIF11, KIF14, KIF2C, KIF4A, KIFC1, NDC80, PRC1, TOP2A, TPX2, UBE2C
GO:0044839	cell cycle G2/M phase transition	150	7	0.67	4.6e-6	0.001289421818181818	0.04666666666666667	CENPF, DTL, FOXM1, KIF14, MELK, NDC80, ORC1
GO:0001708	cell fate specification	109	5	0.49	1.2e-4	0.01761942857142857	0.045871559633027525	ASCL1, GLI2, SIX1, SMO, SOX9
GO:0007051	spindle organization	197	9	0.88	2.2e-7	1.1695655172413794e-4	0.04568527918781726	ASPM, BIRC5, DLGAP5, KIF11, KIF4A, KIFC1, NDC80, PRC1, TPX2
GO:1901991	negative regulation of mitotic cell cycle phase transition	177	8	0.79	1.2e-6	4.3024186046511625e-4	0.04519774011299435	BIRC5, BUB1, CENPF, DTL, GTSE1, MUC1, NDC80, ORC1
GO:0000086	G2/M transition of mitotic cell cycle	134	6	0.6	2.9e-5	0.006479608695652174	0.04477611940298507	CENPF, DTL, FOXM1, KIF14, MELK, ORC1
GO:0000075	cell cycle checkpoint signaling	191	8	0.85	2.1e-6	6.888446808510638e-4	0.041884816753926704	BIRC5, BUB1, CENPF, DTL, GTSE1, MUC1, NDC80, ORC1
GO:0002065	columnar/cuboidal epithelial cell differentiation	121	5	0.54	2e-4	0.027530357142857145	0.04132231404958678	ASCL1, SMO, SOX11, SOX9, YAP1
GO:0045930	negative regulation of mitotic cell cycle	227	9	1.01	7.3e-7	2.961686842105263e-4	0.039647577092511016	BIRC5, BUB1, CENPF, DTL, EGFR, GTSE1, MUC1, NDC80, ORC1
GO:0021987	cerebral cortex development	127	5	0.57	2.6e-4	0.03485582608695652	0.03937007874015748	ASCL1, ASPM, EGFR, KIF14, SMO
GO:0007059	chromosome segregation	420	16	1.87	3.9e-11	7.5157875e-8	0.0380952380952381	ASPM, BIRC5, BUB1, CENPF, DLGAP5, KIF11, KIF14, KIF2C, KIF4A, KIFC1, MKI67, NDC80, PRC1, TOP2A, TPX2, UBE2C
GO:0035270	endocrine system development	134	5	0.6	3.3e-4	0.04136268292682927	0.03731343283582089	ASCL1, GLI2, SIX1, SMO, SOX9
GO:0070828	heterochromatin organization	135	5	0.6	3.4e-4	0.04227241935483871	0.037037037037037035	H2AC11, H2AC13, H2AC16, H2AC17, H2AC4
GO:1901990	regulation of mitotic cell cycle phase transition	328	12	1.46	2.2e-8	1.5416999999999998e-5	0.036585365853658534	BIRC5, BUB1, CENPF, DLGAP5, DTL, EGFR, GTSE1, KIF14, MUC1, NDC80, ORC1, UBE2C
GO:0000280	nuclear division	444	16	1.98	8.8e-11	1.2333600000000001e-7	0.036036036036036036	ASPM, BIRC5, BUB1, CENPF, DLGAP5, KIF11, KIF14, KIF2C, KIF4A, KIFC1, MKI67, NDC80, PRC1, TOP2A, TPX2, UBE2C
GO:0044772	mitotic cell cycle phase transition	423	14	1.88	4.6e-9	3.7000800000000002e-6	0.03309692671394799	BIRC5, BUB1, CENPF, DLGAP5, DTL, EGFR, FOXM1, GTSE1, KIF14, MELK, MUC1, NDC80, ORC1, UBE2C
GO:0048285	organelle fission	491	16	2.19	3.9e-10	4.2947357142857144e-7	0.032586558044806514	ASPM, BIRC5, BUB1, CENPF, DLGAP5, KIF11, KIF14, KIF2C, KIF4A, KIFC1, MKI67, NDC80, PRC1, TOP2A, TPX2, UBE2C
GO:0090068	positive regulation of cell cycle process	250	8	1.11	1.5e-5	0.0036133593750000003	0.032	BIRC5, BUB1, DLGAP5, DTL, EGFR, KIF14, NDC80, UBE2C
GO:0060541	respiratory system development	219	7	0.97	5.4e-5	0.010406475	0.0319634703196347	ASCL1, EGFR, GLI2, SIX1, SOX11, SOX9, YAP1
GO:1901988	negative regulation of cell cycle phase transition	251	8	1.12	1.6e-5	0.003794953846153846	0.03187250996015936	BIRC5, BUB1, CENPF, DTL, GTSE1, MUC1, NDC80, ORC1
GO:0030324	lung development	192	6	0.85	2.1e-4	0.02865106194690266	0.03125	ASCL1, EGFR, GLI2, SOX11, SOX9, YAP1
GO:0030323	respiratory tube development	196	6	0.87	2.4e-4	0.03245684210526316	0.030612244897959183	ASCL1, EGFR, GLI2, SOX11, SOX9, YAP1
GO:0051276	chromosome organization	632	19	2.81	2.6e-11	5.726314285714286e-8	0.030063291139240507	BIRC5, BUB1, CENPF, DLGAP5, EXO1, H1-3, H1-5, H3C7, H4C14, KIF11, KIF14, KIF2C, KIF4A, KIFC1, NDC80, PRC1, TOP2A, TPX2, UBE2C
GO:1903047	mitotic cell cycle process	733	21	3.26	4.7e-12	1.8114975e-8	0.0286493860845839	BIRC5, BUB1, CENPF, DLGAP5, DTL, EGFR, FOXM1, GTSE1, KIF11, KIF14, KIF2C, KIF4A, KIFC1, MELK, MKI67, MUC1, NDC80, ORC1, PRC1, TPX2, UBE2C
GO:0007346	regulation of mitotic cell cycle	491	14	2.19	3e-8	2.0109130434782607e-5	0.028513238289205704	ASCL1, BIRC5, BUB1, CENPF, DLGAP5, DTL, EGFR, GTSE1, KIF14, MKI67, MUC1, NDC80, ORC1, UBE2C
GO:0045787	positive regulation of cell cycle	316	9	1.41	1.1e-5	0.0027801147540983608	0.028481012658227847	ASCL1, BIRC5, BUB1, DLGAP5, DTL, EGFR, KIF14, NDC80, UBE2C
GO:1901987	regulation of cell cycle phase transition	423	12	1.88	3.4e-7	1.5870441176470587e-4	0.028368794326241134	BIRC5, BUB1, CENPF, DLGAP5, DTL, EGFR, GTSE1, KIF14, MUC1, NDC80, ORC1, UBE2C
GO:0033044	regulation of chromosome organization	247	7	1.1	1.1e-4	0.016306442307692307	0.02834008097165992	BIRC5, BUB1, CENPF, DLGAP5, NDC80, TOP2A, UBE2C
GO:0010948	negative regulation of cell cycle process	293	8	1.3	4.7e-5	0.009791878378378378	0.027303754266211604	BIRC5, BUB1, CENPF, DTL, GTSE1, MUC1, NDC80, ORC1
GO:0048562	embryonic organ morphogenesis	295	8	1.31	4.9e-5	0.01007244	0.02711864406779661	HOXA9, IRX5, SIX1, SMO, SOX11, SOX9, TEAD2, YAP1
GO:0044770	cell cycle phase transition	523	14	2.33	6.6e-8	4.239675e-5	0.02676864244741874	BIRC5, BUB1, CENPF, DLGAP5, DTL, EGFR, FOXM1, GTSE1, KIF14, MELK, MUC1, NDC80, ORC1, UBE2C
GO:0000278	mitotic cell cycle	879	23	3.91	2.3e-12	1.18197e-8	0.026166097838452786	ASCL1, BIRC5, BUB1, CENPF, DLGAP5, DTL, EGFR, FOXM1, GTSE1, KIF11, KIF14, KIF2C, KIF4A, KIFC1, MELK, MKI67, MUC1, NDC80, ORC1, PRC1, TPX2, UBE2C, XRCC2
GO:0010564	regulation of cell cycle process	710	18	3.16	1.5e-9	1.3603235294117648e-6	0.02535211267605634	BIRC5, BUB1, CENPF, DLGAP5, DTL, EGFR, GTSE1, KIF11, KIF14, KIF2C, MKI67, MUC1, NDC80, ORC1, PRC1, SOX9, TPX2, UBE2C
GO:0006338	chromatin remodeling	647	16	2.88	2e-8	1.4682857142857142e-5	0.02472952086553323	BUB1, H1-3, H1-5, H2AC11, H2AC13, H2AC16, H2AC17, H2AC4, H2BC10, H2BC14, H2BC17, H2BC3, H3C13, H3C7, H4C14, SOX9
GO:0140694	non-membrane-bounded organelle assembly	408	10	1.82	1.3e-5	0.003232596774193548	0.024509803921568627	ASPM, BIRC5, CENPF, DLGAP5, KIF11, KIF4A, KIFC1, NDC80, PRC1, TPX2
GO:0006325	chromatin organization	789	19	3.51	1.1e-9	1.0599187499999998e-6	0.024081115335868188	BUB1, CBX2, H1-3, H1-5, H2AC11, H2AC13, H2AC16, H2AC17, H2AC4, H2BC10, H2BC14, H2BC17, H2BC3, H3C13, H3C7, H4C14, MKI67, SOX9, TCF7L1
GO:0045786	negative regulation of cell cycle	377	9	1.68	4.4e-5	0.0094215	0.023872679045092837	BIRC5, BUB1, CENPF, DTL, EGFR, GTSE1, MUC1, NDC80, ORC1
GO:0071824	protein-DNA complex organization	886	21	3.94	1.6e-10	2.0556e-7	0.023702031602708805	BUB1, CBX2, CENPF, DLGAP5, H1-3, H1-5, H2AC11, H2AC13, H2AC16, H2AC17, H2AC4, H2BC10, H2BC14, H2BC17, H2BC3, H3C13, H3C7, H4C14, MKI67, SOX9, TCF7L1
GO:0048568	embryonic organ development	451	10	2.01	3e-5	0.006514225352112676	0.022172949002217297	EGFR, GLI2, HOXA9, IRX5, SIX1, SMO, SOX11, SOX9, TEAD2, YAP1
GO:0051301	cell division	638	14	2.84	7.3e-7	2.961686842105263e-4	0.0219435736677116	ASPM, BIRC5, BUB1, CENPF, KIF11, KIF14, KIF2C, KIF4A, KIFC1, NDC80, PRC1, TOP2A, TPX2, UBE2C
GO:0022402	cell cycle process	1252	25	5.57	7.3e-11	1.1254410000000001e-7	0.019968051118210862	ASPM, BIRC5, BUB1, CENPF, DLGAP5, DTL, EGFR, FOXM1, GTSE1, KIF11, KIF14, KIF2C, KIF4A, KIFC1, MELK, MKI67, MUC1, NDC80, ORC1, PRC1, SOX9, TOP2A, TPX2, UBE2C, XRCC2
GO:0051726	regulation of cell cycle	1068	21	4.75	4.8e-9	3.7000800000000002e-6	0.019662921348314606	ASCL1, ASPM, BIRC5, BUB1, CENPF, DLGAP5, DTL, EGFR, FOXM1, GTSE1, KIF11, KIF14, KIF2C, MKI67, MUC1, NDC80, ORC1, PRC1, SOX9, TPX2, UBE2C
GO:0000226	microtubule cytoskeleton organization	644	12	2.87	2.6e-5	0.005894735294117647	0.018633540372670808	ASPM, BIRC5, DLGAP5, KIF11, KIF2C, KIF4A, KIFC1, NDC80, PRC1, STK36, TPX2, XRCC2
GO:0043009	chordate embryonic development	657	11	2.92	1.5e-4	0.021816509433962263	0.0167427701674277	EGFR, GLI2, HOXA9, IRX5, SIX1, SMO, SOX11, SOX9, TEAD2, XRCC2, YAP1
GO:0009792	embryo development ending in birth or egg hatching	677	11	3.01	1.9e-4	0.02662936363636364	0.01624815361890694	EGFR, GLI2, HOXA9, IRX5, SIX1, SMO, SOX11, SOX9, TEAD2, XRCC2, YAP1
GO:0007049	cell cycle	1760	27	7.83	3.7e-9	3.16905e-6	0.01534090909090909	ASCL1, ASPM, BIRC5, BUB1, CENPF, DLGAP5, DTL, EGFR, EXO1, FOXM1, GTSE1, KIF11, KIF14, KIF2C, KIF4A, KIFC1, MELK, MKI67, MUC1, NDC80, ORC1, PRC1, SOX9, TOP2A, TPX2, UBE2C, XRCC2
GO:0007017	microtubule-based process	929	14	4.14	5.3e-5	0.010343050632911393	0.015069967707212056	ASPM, BIRC5, DLGAP5, GTSE1, KIF11, KIF14, KIF2C, KIF4A, KIFC1, NDC80, PRC1, STK36, TPX2, XRCC2
GO:0008284	positive regulation of cell population proliferation	931	14	4.14	5.5e-5	0.0104493	0.015037593984962405	ASCL1, ASPM, BIRC5, CD276, EGFR, FOXM1, HILPDA, KIF14, PRC1, SIX1, SMO, SOX11, SOX9, YAP1
GO:0070925	organelle assembly	986	13	4.39	3.8e-4	0.0461296062992126	0.013184584178498986	ASPM, BIRC5, CENPF, DLGAP5, DNMBP, KIF11, KIF4A, KIFC1, NDC80, PRC1, STK36, TPX2, YAP1
GO:0043933	protein-containing complex organization	2377	29	10.58	1.4e-7	7.708500000000001e-5	0.012200252419015565	BUB1, CBX2, CENPF, DLGAP5, H1-3, H1-5, H2AC11, H2AC13, H2AC16, H2AC17, H2AC4, H2BC10, H2BC14, H2BC17, H2BC3, H3C13, H3C7, H4C14, KIF14, KIF2C, KIRREL1, MKI67, PXDN, SOX9, TCF7L1, TEAD2, TPX2, UBE2C, YAP1
GO:0045892	negative regulation of DNA-templated transcription	1254	15	5.58	3.6e-4	0.04440096	0.011961722488038277	ASCL1, BIRC5, CBX2, CENPF, FOXM1, GLI2, H1-3, H1-5, MUC1, SIX1, SMO, SOX11, SOX9, YAP1, ZBTB25
GO:0065003	protein-containing complex assembly	1602	19	7.13	5.7e-5	0.0104493	0.011860174781523096	CENPF, DLGAP5, H1-3, H1-5, H2BC10, H2BC14, H2BC17, H2BC3, H3C13, H3C7, H4C14, KIF14, KIRREL1, PXDN, SOX9, TEAD2, TPX2, UBE2C, YAP1
GO:1902679	negative regulation of RNA biosynthetic process	1269	15	5.65	4.1e-4	0.048999767441860465	0.01182033096926714	ASCL1, BIRC5, CBX2, CENPF, FOXM1, GLI2, H1-3, H1-5, MUC1, SIX1, SMO, SOX11, SOX9, YAP1, ZBTB25
GO:0022607	cellular component assembly	3005	32	13.38	5.3e-7	2.3345742857142857e-4	0.01064891846921797	ASPM, BIRC5, CENPF, DLGAP5, DNMBP, EXO1, GPC4, H1-3, H1-5, H2BC10, H2BC14, H2BC17, H2BC3, H3C13, H3C7, H4C14, KIF11, KIF14, KIF4A, KIFC1, KIRREL1, NDC80, PCDHB9, PRC1, PXDN, SIX1, SOX9, STK36, TEAD2, TPX2, UBE2C, YAP1
GO:0044085	cellular component biogenesis	3270	32	14.56	3.6e-6	0.0010882588235294117	0.009785932721712538	ASPM, BIRC5, CENPF, DLGAP5, DNMBP, EXO1, GPC4, H1-3, H1-5, H2BC10, H2BC14, H2BC17, H2BC3, H3C13, H3C7, H4C14, KIF11, KIF14, KIF4A, KIFC1, KIRREL1, NDC80, PCDHB9, PRC1, PXDN, SIX1, SOX9, STK36, TEAD2, TPX2, UBE2C, YAP1
GO:0016043	cellular component organization	6422	49	28.59	2e-6	6.70304347826087e-4	0.007630021800062286	ASPM, BIRC5, BUB1, CBX2, CENPF, CNN3, DLGAP5, DNMBP, EGFR, EXO1, GLI2, GNB3, GPC4, H1-3, H1-5, H2AC11, H2AC13, H2AC16, H2AC17, H2AC4, H2BC10, H2BC14, H2BC17, H2BC3, H3C13, H3C7, H4C14, KIF11, KIF14, KIF2C, KIF4A, KIFC1, KIRREL1, MKI67, NDC80, PCDHB9, PRC1, PXDN, SIX1, SMO, SOX9, STK36, TCF7L1, TEAD2, TOP2A, TPX2, UBE2C, XRCC2, YAP1
GO:0048523	negative regulation of cellular process	4865	36	21.66	3.8e-4	0.0461296062992126	0.0073997944501541625	ADAMDEC1, ANGPTL4, ASCL1, ASPM, BIRC5, BUB1, CBX2, CENPF, DTL, EGFR, FOXM1, GLI2, GTSE1, H1-3, H1-5, H2AC4, H4C14, HOXA9, KCNE4, KIF14, KIRREL1, MUC1, NDC80, ORC1, PLAU, PXDN, PYCR1, SIX1, SMO, SOX11, SOX9, TOP2A, TPX2, XRCC2, YAP1, ZBTB25
GO:0071840	cellular component organization or biogenesis	6629	49	29.51	5.8e-6	0.0015687473684210527	0.007391763463569166	ASPM, BIRC5, BUB1, CBX2, CENPF, CNN3, DLGAP5, DNMBP, EGFR, EXO1, GLI2, GNB3, GPC4, H1-3, H1-5, H2AC11, H2AC13, H2AC16, H2AC17, H2AC4, H2BC10, H2BC14, H2BC17, H2BC3, H3C13, H3C7, H4C14, KIF11, KIF14, KIF2C, KIF4A, KIFC1, KIRREL1, MKI67, NDC80, PCDHB9, PRC1, PXDN, SIX1, SMO, SOX9, STK36, TCF7L1, TEAD2, TOP2A, TPX2, UBE2C, XRCC2, YAP1
