ID	Description	setSize	enrichmentScore	NES	pvalue	p.adjust	qvalue	rank	leading_edge	core_enrichment
HALLMARK_G2M_CHECKPOINT	HALLMARK_G2M_CHECKPOINT	200	0.833310615185762	2.644423958528142	4.520619033351241e-9	2.2603095166756207e-7	1.427563905268813e-7	3277	tags=40%, list=7%, signal=38%	TOP2A/KIF2C/BIRC5/EXO1/KIF4A/UBE2C/MKI67/BUB1/TPX2/CENPF/KIF11/NDC80/PRC1/KIF23/EZH2/DBF4/CENPE/CKS2/LMNB1/PLK1/KNL1/RAD54L/CDKN3/CENPA/KIF15/CDK4/MCM2/NUSAP1/CDK1/ESPL1/PTTG1/CHEK1/TTK/CDC45/SMC4/PBK/AURKB/CDKN2C/PRIM2/HMMR/XPO1/H2BC12/POLQ/TMPO/SRSF10/MEIS2/CCNA2/FBXO5/BRCA2/NOTCH2/POLE/HOXC10/KIF22/CCNB2/WRN/PML/SAP30/CCNF/RBM14/HIF1A/RACGAP1/CDC25A/CDC20/HUS1/AURKA/FANCC/MYBL2/TACC3/PLK4/MCM6/CDC25B/CDC7/H2AX/PRPF4B/ILF3/MCM3/MNAT1/HNRNPU/MTF2/TROAP/ODC1
HALLMARK_E2F_TARGETS	HALLMARK_E2F_TARGETS	200	0.8259209970247094	2.6209737792632275	1.779024671636284e-8	4.44756167909071e-7	2.808986323636238e-7	3108	tags=40%, list=7%, signal=37%	TOP2A/KIF2C/BIRC5/KIF4A/MELK/MKI67/DLGAP5/RAD51AP1/EZH2/SPAG5/CENPE/KIF18B/HELLS/CDKN2A/CKS2/LMNB1/PLK1/CDCA8/WDR90/CDKN3/WEE1/BUB1B/CDK4/MCM2/CDK1/ESPL1/NUP107/CDCA3/PTTG1/CHEK1/SMC4/AURKB/SPC25/DIAPH3/CDKN2C/SPC24/PRIM2/HMMR/XPO1/NUP205/TMPO/BRCA2/POLE/GINS1/MCM4/CENPM/TCF19/DONSON/RFC2/KIF22/CCNB2/DEPDC1/ATAD2/EED/PAICS/RACGAP1/CDC25A/LIG1/CDC20/TIPIN/HUS1/AURKA/MYBL2/TACC3/MSH2/EXOSC8/CTPS1/PLK4/UNG/MCM6/ASF1B/CDC25B/PRKDC/H2AX/TIMELESS/HMGB2/ILF3/MCM3/RFC3
HALLMARK_MITOTIC_SPINDLE	HALLMARK_MITOTIC_SPINDLE	199	0.6748182103999545	2.1430536340973747	0.0010904321654857227	0.010904321654857227	0.006886939992541407	2001	tags=20%, list=4%, signal=19%	KNTC1/TOP2A/KIF2C/BIRC5/KIF4A/BUB1/TPX2/DLGAP5/CENPF/KIF11/NDC80/PRC1/KIF23/CENPE/CLIP1/LMNB1/PLK1/KIF15/NUSAP1/CDK1/ESPL1/TTK/SMC4/ECT2/SEPTIN9/FLNA/FBXO5/PLEKHG2/BRCA2/NOTCH2/CENPJ/AKAP13/STK38L/KIF22/CCNB2/CEP57/RACGAP1/SOS1/RHOF/AURKA
HALLMARK_NOTCH_SIGNALING	HALLMARK_NOTCH_SIGNALING	32	0.7849326174435239	1.9275549497582145	0.005735586651802237	0.028677933259011187	0.018112378900428116	2297	tags=41%, list=5%, signal=39%	WNT5A/FZD7/MAML2/JAG1/HES1/LFNG/NOTCH2/SAP30/NOTCH1/TCF7L2/DLL1/NOTCH3/DTX2
HALLMARK_HEDGEHOG_SIGNALING	HALLMARK_HEDGEHOG_SIGNALING	36	0.757028606956239	1.8942870262515836	0.005528491313185837	0.028677933259011187	0.018112378900428116	2575	tags=33%, list=5%, signal=32%	VEGFA/PTCH1/GLI1/CDK6/NRP2/NKX6-1/HEY1/ADGRG1/PML/NRP1/HEY2/OPHN1
HALLMARK_TNFA_SIGNALING_VIA_NFKB	HALLMARK_TNFA_SIGNALING_VIA_NFKB	199	-0.48726364492601626	-1.5122740441508893	0.0071062122043249664	0.029609217518020696	0.01870055843243412	3420	tags=21%, list=7%, signal=19%	IL1A/PER1/SDC4/CXCL11/GCH1/IRF1/BIRC3/EGR2/PPP1R15A/DENND5A/NFKBIE/JUNB/RNF19B/BCL2A1/FOS/IER2/OLR1/IL23A/TNFSF9/KLF4/EIF1/SERPINB8/RCAN1/IL1B/DUSP2/PLEK/HBEGF/SGK1/INHBA/NFKBIA/PTGS2/TNF/IL7R/NR4A1/G0S2/CCL5/DUSP1/CCL4/EDN1/FOSB/KLF2
HALLMARK_XENOBIOTIC_METABOLISM	HALLMARK_XENOBIOTIC_METABOLISM	199	-0.48912356259501794	-1.5180464945365855	0.006901720469125415	0.029609217518020696	0.01870055843243412	3381	tags=22%, list=7%, signal=20%	ECH1/PINK1/CYP2J2/MBL2/CBR1/CYP17A1/GSTT2/GCH1/NQO1/CYP1A1/IRF8/HRG/ABHD6/CD36/ALDH2/ACO2/SAR1B/MPP2/NPC1/FETUB/ARG1/GCLC/F11/PTS/HSD17B2/IGF1/CNDP2/AQP9/ACSM1/PSMB10/VNN1/CYB5A/SLC6A6/NDRG2/UPB1/CA2/PDK4/HSD11B1/AKR1C3/CDA/PTGDS/ENPEP/AKR1C2
HALLMARK_INFLAMMATORY_RESPONSE	HALLMARK_INFLAMMATORY_RESPONSE	200	-0.5018379014963964	-1.556825118979073	0.013236917494949166	0.03893211027926226	0.024588701229007737	4786	tags=30%, list=10%, signal=28%	PLAUR/CD40/CD69/CHST2/TLR1/FPR1/PTGER4/IL2RB/IL18R1/C5AR1/SGMS2/IL1A/BEST1/CXCL11/GCH1/TACR3/IRF1/TNFSF15/RHOG/LCP2/PROK2/CCR7/OSM/SLAMF1/PTGER2/IL18RAP/CXCL8/PSEN1/GP1BA/EREG/IL15/P2RX7/OLR1/MEFV/PIK3R5/TNFSF9/FFAR2/AQP9/CCL22/IL1B/NMUR1/LYN/PTAFR/SCARF1/HBEGF/KCNJ2/INHBA/NFKBIA/LCK/GPR132/CD55/SLC31A2/HPN/IL7R/LPAR1/SELL/CCL5/EDN1/SEMA4D/CSF3R/NLRP3
HALLMARK_HEME_METABOLISM	HALLMARK_HEME_METABOLISM	200	-0.5215629445768033	-1.6180170744869258	0.012416040372002205	0.03880012616250689	0.02450534283947803	9775	tags=38%, list=21%, signal=30%	C3/MAP2K3/LMO2/UBAC1/DCAF11/SLC7A11/BLVRB/SPTB/KAT2B/TMCC2/GYPA/GYPC/CLCN3/ALDH6A1/BNIP3L/SLC6A8/MPP1/FBXO9/RIOK3/PICALM/PPP2R5B/KLF3/TFRC/CA1/HBBP1/MOCOS/TMEM9B/UROD/HAGH/SIDT2/LAMP2/CCND3/ELL2/SPTA1/SLC11A2/UROS/MYL4/PC/SLC25A37/TRIM10/EPOR/NEK7/SLC22A4/EPB42/ENDOD1/HBQ1/GDE1/ADIPOR1/ACKR1/CPOX/KEL/ALAD/PDZK1IP1/RBM38/DCUN1D1/MARCHF8/NCOA4/TNS1/GLRX5/OSBP2/GCLC/HEBP1/FBXO7/MARCHF2/HTATIP2/ALAS2/FECH/SLC4A1/NFE2/CA2/TENT5C/TRIM58/TAL1/TRAK2/ABCG2/HBB
HALLMARK_OXIDATIVE_PHOSPHORYLATION	HALLMARK_OXIDATIVE_PHOSPHORYLATION	200	-0.5230476594687393	-1.6226230267902413	0.012416040372002205	0.03880012616250689	0.02450534283947803	17698	tags=68%, list=38%, signal=42%	NNT/HCCS/NDUFA4/PMPCA/ACADM/OPA1/OGDH/COX17/COX15/CYB5R3/NDUFS8/ATP5MG/ATP6V0C/DLAT/ALAS1/ISCA1/PDHX/GOT2/ATP6V1D/COX6B1/AFG3L2/NDUFC2/MGST3/MTX2/IDH3B/ATP6V1F/NDUFA5/NDUFA2/VDAC1/NDUFA7/TIMM17A/ATP5MC3/HSD17B10/NDUFS4/UQCRH/NDUFB5/ATP6V1E1/ATP5F1A/NDUFA8/GRPEL1/NDUFA6/COX7B/SLC25A3/NDUFB6/VDAC3/SUCLA2/TIMM9/ATP5PO/SDHB/GPX4/BDH2/BCKDHA/NDUFB7/COX7A2L/ACADSB/TIMM8B/IDH3A/TIMM13/MRPS11/ATP1B1/NDUFB8/MRPS12/ATP6V0E1/HSPA9/PDHA1/ATP5MC1/RETSAT/ATP5PD/ATP5F1C/IDH2/DECR1/CYC1/CYCS/MTRR/POLR2F/ATP5PF/MRPL35/ALDH6A1/OAT/UQCRC1/UQCR10/SDHD/ETFA/ATP5F1D/PRDX3/SLC25A11/ATP5F1B/SDHA/COX6C/GLUD1/LDHB/NDUFS3/NDUFB2/HADHA/NDUFA1/SDHC/UQCRFS1/ACAT1/NDUFB4/COX7A2/UQCRB/ACAA1/ATP5PB/SLC25A20/ATP5MC2/COX5B/TCIRG1/ECH1/FXN/COX6A1/MRPS22/SLC25A5/ATP6V0B/HADHB/UQCRQ/NDUFC1/NDUFB3/ACO2/NDUFA3/ECHS1/NDUFS6/MFN2/UQCR11/COX7C/COX4I1/PDHB/ACAA2/MPC1/TIMM10/ETFB/NDUFS7/CYB5A/ATP5ME/ATP5F1E/COX8A/PDK4
HALLMARK_COMPLEMENT	HALLMARK_COMPLEMENT	200	-0.542158580958013	-1.6819098254410039	0.011595164489814576	0.03880012616250689	0.02450534283947803	5931	tags=30%, list=13%, signal=27%	APOBEC3G/CTSV/KYNU/LAMP2/GCA/CXCL1/MMP8/CTSL/PLAUR/GNAI2/S100A12/GZMK/CPQ/S100A13/USP16/LIPA/IRF1/KLK1/GMFB/CD36/DPP4/C4BPB/KIF2A/WAS/RHOG/PDGFB/SH2B3/LCP2/CPM/APOBEC3F/F7/ATOX1/F5/PSEN1/GP1BA/MSRB1/CTSO/PIK3CG/KCNIP3/OLR1/CASP10/PIK3R5/CR1/CSRP1/DOCK9/PPP2CB/FCN1/S100A9/GP9/LYN/PRKCD/PLEK/CTSH/LCK/CA2/CD55/CR2/ITGAM/CCL5/L3MBTL4/CDA
HALLMARK_MYOGENESIS	HALLMARK_MYOGENESIS	200	-0.5629858656725768	-1.7465212067397813	0.010261747535385468	0.03880012616250689	0.02450534283947803	4332	tags=24%, list=9%, signal=21%	TNNI1/GSN/PICK1/GABARAPL2/KIFC3/ACTA1/IGFBP3/MYOZ1/MYH9/NQO1/CD36/CFD/CRYAB/TNNT1/HDAC5/CKMT2/CHRNA1/TGFB1/LSP1/MYBPC3/HRC/IGF1/SGCD/COL15A1/TAGLN/APOD/HBEGF/NOS1/SIRT2/FOXO4/BIN1/PPP1R3C/ACTC1/ACSL1/LDB3/ERBB3/MYOM1/BAG1/CASQ2/MYLK/BDKRB2/MYH11/SCD/GJA5/DAPK2/LAMA2/TCAP
HALLMARK_ANGIOGENESIS	HALLMARK_ANGIOGENESIS	36	-0.7169649886651391	-1.7803105636732135	0.0036922561570778417	0.02307660098173651	0.014574695356886217	2	tags=8%, list=0%, signal=8%	OLR1/PDGFA/PF4
HALLMARK_FATTY_ACID_METABOLISM	HALLMARK_FATTY_ACID_METABOLISM	158	-0.5937678629181594	-1.793873540285135	0.0014902051730408374	0.01241837644200698	0.007843185121267566	7237	tags=34%, list=15%, signal=28%	CA6/MLYCD/MGLL/SUCLG2/SDHD/FMO1/FABP1/NSDHL/SDHA/ACADS/UROD/PPARA/UROS/INMT/MIX23/SDHC/DHCR24/CA4/HSD17B4/GCDH/ACAA1/CD1D/ECH1/CPOX/ALAD/CBR1/HADHB/HMGCS1/CYP1A1/ACAT2/IDI1/CD36/HPGD/ACO2/AOC3/ECHS1/PTS/CYP4A11/LTC4S/RAP1GDS1/PDHB/ACAA2/PRDX6/AQP7/VNN1/CYP4A22/ACSM3/ADIPOR2/CA2/ACSL1/G0S2/ALDH1A1/TP53INP2
HALLMARK_COAGULATION	HALLMARK_COAGULATION	136	-0.6652928734966551	-1.991072391213523	0.0019444517983649486	0.013888941416892491	0.008771963000142626	2956	tags=17%, list=6%, signal=16%	FGA/RAC1/HRG/CD9/DPP4/CFD/PDGFB/HTRA1/F11/GP1BA/CTSO/OLR1/CSRP1/GP9/PLEK/MMP9/CTSH/SIRT2/CPB2/HPN/RAPGEF3/TF/PF4
HALLMARK_ALLOGRAFT_REJECTION	HALLMARK_ALLOGRAFT_REJECTION	198	-0.6760502918016597	-2.0975066145774632	1.8523750470327748e-4	0.003087291745054625	0.0019498684705608154	3091	tags=30%, list=7%, signal=28%	CD8A/APBB1/CCR2/CCR5/ITGB2/IRF8/SIT1/CD2/LTB/HCLS1/FYB1/WAS/CD3E/NCF4/LCP2/ELANE/PTPRC/TGFB1/TLR6/PRF1/IL18RAP/EREG/IL16/CD8B/CD3D/IL15/CD28/IRF4/HLA-E/CXCR3/IL12RB1/ITGAL/KRT1/TRAT1/CCL22/PSMB10/SPI1/IL1B/PTPN6/LYN/ZAP70/CD247/MMP9/INHBA/IL2RG/LCK/FGR/CD79A/CD3G/TNF/ITK/CCL19/IFNGR1/CD7/CCL5/CCL4/LY75/NLRP3/CD96/PF4
HALLMARK_IL6_JAK_STAT3_SIGNALING	HALLMARK_IL6_JAK_STAT3_SIGNALING	86	-0.794935904140672	-2.236087063851869	4.5410153878446707e-4	0.005676269234805838	0.003585012148298424	3747	tags=29%, list=8%, signal=27%	IL18R1/SOCS1/PTPN1/CXCL11/IRF1/PLA2G2A/CD9/LTB/CD36/IL1R2/DNTT/TGFB1/PTPN11/IL12RB1/PIK3R5/IL1B/CSF2RA/IL2RG/LEPR/IL17RA/TNF/IFNGR1/CSF2RB/CSF3R/PF4
