Bioassay_ID,experimental_strategy,sample_id,external_patient_id,external_sample_id,sample_type,histology,primary_site
BA_GJFHQP2C,RNA-Seq,7316-8049,PID1578,2-1578-CC1,Tumor,DIPG,NA
BA_N6QQ27EG,RNA-Seq,7316-9623,PID1890,3-1890-CC1,Tumor,DIPG,NA
BA_GBVGBCJG,RNA-Seq,7316-7585,PID1234,5-1234-left-pons,Normal-Tumor Adjacent,DIPG,pons
BA_QRB70GZY,RNA-Seq,7316-7545,PID1235,1235-N,Normal-Tumor Adjacent,HGG,Right Cerebellum
BA_W10E61WF,RNA-Seq,7316-7545,PID1235,1235-T,Tumor,HGG,Right Parietal
BA_FDFHPQR8,RNA-Seq,7316-8051,PID1271,1271-T,Tumor,LGG,NA
BA_ARF9SP9M,RNA-Seq,7316-3411,PID1309,1309-T,Tumor,ATRT,NA
BA_C86A8VKR,RNA-Seq,7316-7451,PID1320,1320-T,Tumor,Ependymoma,NA
BA_0GVSQNSM,RNA-Seq,7316-9624,PID1341,1341-T,Tumor,LGG,NA
BA_4Z6DJ8NJ,RNA-Seq,7316-7667,PID1401,1401-N,Normal-Tumor Adjacent,HGG,Left Frontal
BA_4MDHGBWM,RNA-Seq,7316-7667,PID1401,1401-T,Tumor,HGG,Right Cerebellum
BA_ZTM72GEM,RNA-Seq,NA,PID1516,1516-T,Tumor,Medulloblastoma,NA
BA_816NMSR6,RNA-Seq,7316-7665,PID1656,1656-T,Tumor,DIPG,NA
BA_5YFHXD06,RNA-Seq,7316-7678,PID1680,1680-N,Normal-Tumor Adjacent,Ependymoma,Frontal
BA_ZQ2T1V1P,RNA-Seq,7316-7678,PID1680,1680-T,Tumor,Ependymoma,Cerebellum
BA_KCQNCH3V,RNA-Seq,7316-8046,PID1716,1716-N,Normal-Tumor Adjacent,Medulloblastoma,Left Occipital
BA_GEXCZYAF,RNA-Seq,7316-8046,PID1716,1716-T,Tumor,Medulloblastoma,NA
BA_7H79MZWW,RNA-Seq,7316-8052,PID1732,1732-T,Tumor,DIPG,NA
BA_F1NFJPY0,RNA-Seq,7316-10410,PID1751,1751-N,Normal-Tumor Adjacent,HGG,Right Pons
BA_TJKNDDV0,RNA-Seq,7316-10410,PID1751,1751-T,Tumor,HGG,Right Temporal
BA_409VV2N1,RNA-Seq,7316-11298,PID1845,1845-N,Normal-Tumor Adjacent,HGG,Right Occipital
BA_G1BHFTX4,RNA-Seq,7316-11298,PID1845,1845-T,Tumor,HGG,Left Lateral Ventricle
BA_9VC03EGS,RNA-Seq,7316-9068,PID1853,1853-N,Normal-Tumor Adjacent,DIPG,Right Frontal
BA_QYAJCS1M,RNA-Seq,7316-9068,PID1853,1853-T,Tumor,DIPG,Left Occipital
BA_N1BQJJ6M,RNA-Seq,7316-10411,PID1854,1854-N,Normal-Tumor Adjacent,HGG,Right Frontal
BA_65ST8EFH,RNA-Seq,7316-10411,PID1854,1854-T,Tumor,HGG,Left Occipital
BA_NJZJG5XV,RNA-Seq,7316-10409,PID1855,1855-N,Normal-Tumor Adjacent,DIPG,Right Frontal
BA_7W3F2E6M,RNA-Seq,7316-10409,PID1855,1855-T,Tumor,DIPG,Left Pons
BA_JQQPTVAG,RNA-Seq,7316-9075,PID1886,1886-N,Normal-Tumor Adjacent,Medulloblastoma,Left Frontal
BA_HSW4NDQ3,RNA-Seq,7316-9075,PID1886,1886-T,Tumor,Medulloblastoma,Left Cerebellum
BA_V79W2TP0,RNA-Seq,7316-11309,PID2016,2016-T,Tumor,DIPG,NA
BA_KFWTGZPC,RNA-Seq,7316-11300,PID2052,2052-N,Normal-Tumor Adjacent,Medulloblastoma,Right Pons
BA_XW17CNW9,RNA-Seq,7316-11300,PID2052,2052-T,Tumor,Medulloblastoma,Left Cerebellum
BA_0VGNXB1P,RNA-Seq,7316-10415,PID2058,2058-N,Normal-Tumor Adjacent,DIPG,Left Frontal
BA_CKB010PD,RNA-Seq,7316-10415,PID2058,2058-T,Tumor,DIPG,Right Pons
BA_3X3A0CX1,RNA-Seq,7316-11297,PID2187,2187-T,Tumor,ATRT,NA
BA_RV9RT71G,RNA-Seq,7316-11670,PID2229,2229-N,Normal-Tumor Adjacent,ATRT,Right Frontal
BA_Q0H8WD5T,RNA-Seq,7316-11670,PID2229,2229-T,Tumor,ATRT,Right Cerebellum
BA_BJBS777G,RNA-Seq,7316-11671,PID2232,2232-N,Normal-Tumor Adjacent,DIPG,Left Occipital
BA_Q3YTW9JT,RNA-Seq,7316-11671,PID2232,2232-T,Tumor,DIPG,Left Pons
BA_FPP5ER5Q,RNA-Seq,7316-11673,PID2237,2237-N,Normal-Tumor Adjacent,Medulloblastoma,Right Occipital
BA_Z1WV5RXA,RNA-Seq,7316-11673,PID2237,2237-T,Tumor,Medulloblastoma,Right Cerebellum
BA_F3C4R1QS,RNA-Seq,7316-11315,PID2248,2248-N,Normal-Tumor Adjacent,DIPG,Right Occipital
BA_JCM7AADD,RNA-Seq,7316-11315,PID2248,2248-T,Tumor,DIPG,Right Pons
BA_KK43JS84,RNA-Seq,7316-11314,PID759,759-N,Normal-Tumor Adjacent,Medulloblastoma,Left Temporal
BA_1B6PWXTM,RNA-Seq,7316-11314,PID759,759-T,Tumor,Medulloblastoma,Left Cerebellum
BA_S561B8VT,RNA-Seq,7316-7442,PID981,981-N,Normal-Tumor Adjacent,Ependymoma,Right Frontal
BA_9637W5TJ,RNA-Seq,7316-7442,PID981,981-T,Tumor,Ependymoma,Right Cerebellum
BA_MS95GCNM,RNA-Seq,NA,PID1,B1,Normal,NA,Right Frontal Operculum
BA_5N9T9WPV,RNA-Seq,NA,PID2,B2,Normal,NA,Left Occipital
BA_NKA2CT35,RNA-Seq,NA,PID3,B3,Normal,NA,Right Frontal Lobe
BA_8QWGZKKE,RNA-Seq,NA,PID4,B4,Normal,NA,Left Parietal
BA_JJ1S3PQQ,RNA-Seq,NA,PID5,B5,Normal,NA,Right Frontal Lobe
BA_NXY3NWEF,miRNA-Seq,7316-10409,PID1855,1-1855-CC1,Tumor,DIPG,NA
BA_YCDR8P1A,miRNA-Seq,7316-8049,PID1578,2-1578-CC1,Tumor,DIPG,NA
BA_VRYYKC8W,miRNA-Seq,7316-9623,PID1890,3-1890-CC1,Tumor,DIPG,NA
BA_ZYTANGCY,miRNA-Seq,7316-9631,PID1958,4-1958-CC1,Tumor,DIPG,NA
BA_2A6QQMDR,miRNA-Seq,7316-7585,PID1234,5-1234-left-pons,Normal-Tumor Adjacent,DIPG,pons
BA_2T5TCXNV,miRNA-Seq,7316-7545,PID1235,1235-N,Normal-Tumor Adjacent,HGG,Right Cerebellum
BA_54JZ0FBN,miRNA-Seq,7316-7545,PID1235,1235-T,Tumor,HGG,Right Parietal
BA_BAR4FW10,miRNA-Seq,7316-8051,PID1271,1271-T,Tumor,LGG,NA
BA_YDBCT0VX,miRNA-Seq,7316-3411,PID1309,1309-T,Tumor,ATRT,NA
BA_3X0V4JY8,miRNA-Seq,7316-7451,PID1320,1320-T,Tumor,Ependymoma,NA
BA_XH5N4N4T,miRNA-Seq,7316-9624,PID1341,1341-T,Tumor,LGG,NA
BA_T4FGR2ZE,miRNA-Seq,7316-7667,PID1401,1401-N,Normal-Tumor Adjacent,HGG,Left Frontal
BA_JJV4XAQB,miRNA-Seq,7316-7667,PID1401,1401-T,Tumor,HGG,Right Cerebellum
BA_1GRDW9G2,miRNA-Seq,NA,PID1516,1516-T,Tumor,Medulloblastoma,NA
BA_W80VSVGZ,miRNA-Seq,7316-7665,PID1656,1656-T,Tumor,DIPG,NA
BA_T6BHWMM3,miRNA-Seq,7316-7678,PID1680,1680-N,Normal-Tumor Adjacent,Ependymoma,Frontal
BA_TSX80RW9,miRNA-Seq,7316-7678,PID1680,1680-T,Tumor,Ependymoma,Cerebellum
BA_JW2WY1HK,miRNA-Seq,7316-8046,PID1716,1716-N,Normal-Tumor Adjacent,Medulloblastoma,Left Occipital
BA_G6V4VJVV,miRNA-Seq,7316-8046,PID1716,1716-T,Tumor,Medulloblastoma,NA
BA_5ZGQVZV7,miRNA-Seq,7316-8052,PID1732,1732-T,Tumor,DIPG,NA
BA_WNNBG4HY,miRNA-Seq,7316-10410,PID1751,1751-N,Normal-Tumor Adjacent,HGG,Right Pons
BA_MTAPCRP0,miRNA-Seq,7316-10410,PID1751,1751-T,Tumor,HGG,Right Temporal
BA_36WFFSTY,miRNA-Seq,7316-11298,PID1845,1845-N,Normal-Tumor Adjacent,HGG,Right Occipital
BA_N53D0QY7,miRNA-Seq,7316-11298,PID1845,1845-T,Tumor,HGG,Left Lateral Ventricle
BA_F3C9ATB1,miRNA-Seq,7316-9068,PID1853,1853-N,Normal-Tumor Adjacent,DIPG,Right Frontal
BA_14CS19N8,miRNA-Seq,7316-9068,PID1853,1853-T,Tumor,DIPG,Left Occipital
BA_DFBF0BHX,miRNA-Seq,7316-10411,PID1854,1854-N,Normal-Tumor Adjacent,HGG,Right Frontal
BA_992E69JZ,miRNA-Seq,7316-10411,PID1854,1854-T,Tumor,HGG,Left Occipital
BA_S4QFKHQR,miRNA-Seq,7316-10409,PID1855,1855-N,Normal-Tumor Adjacent,DIPG,Right Frontal
BA_ABYJ50FY,miRNA-Seq,7316-10409,PID1855,1855-T,Tumor,DIPG,Left Pons
BA_N7TR5ABW,miRNA-Seq,7316-9075,PID1886,1886-N,Normal-Tumor Adjacent,Medulloblastoma,Left Frontal
BA_78FWG2SC,miRNA-Seq,7316-9075,PID1886,1886-T,Tumor,Medulloblastoma,Left Cerebellum
BA_S0SJCXM1,miRNA-Seq,7316-11309,PID2016,2016-T,Tumor,DIPG,NA
BA_7VPX922C,miRNA-Seq,7316-11300,PID2052,2052-N,Normal-Tumor Adjacent,Medulloblastoma,Right Pons
BA_49A2FRKB,miRNA-Seq,7316-11300,PID2052,2052-T,Tumor,Medulloblastoma,Left Cerebellum
BA_YHKYZWZQ,miRNA-Seq,7316-10415,PID2058,2058-N,Normal-Tumor Adjacent,DIPG,Left Frontal
BA_8PFSWJS1,miRNA-Seq,7316-10415,PID2058,2058-T,Tumor,DIPG,Right Pons
BA_F8Y6R8PW,miRNA-Seq,7316-11297,PID2187,2187-T,Tumor,ATRT,NA
BA_00NW3YEK,miRNA-Seq,7316-11670,PID2229,2229-N,Normal-Tumor Adjacent,ATRT,Right Frontal
BA_KA6HWN63,miRNA-Seq,7316-11670,PID2229,2229-T,Tumor,ATRT,Right Cerebellum
BA_K09YPGMQ,miRNA-Seq,7316-11671,PID2232,2232-N,Normal-Tumor Adjacent,DIPG,Left Occipital
BA_2TX1QV5Q,miRNA-Seq,7316-11671,PID2232,2232-T,Tumor,DIPG,Left Pons
BA_90GWSERE,miRNA-Seq,7316-11673,PID2237,2237-N,Normal-Tumor Adjacent,Medulloblastoma,Right Occipital
BA_V2F01E3Z,miRNA-Seq,7316-11673,PID2237,2237-T,Tumor,Medulloblastoma,Right Cerebellum
BA_V5E825V2,miRNA-Seq,7316-11315,PID2248,2248-N,Normal-Tumor Adjacent,DIPG,Right Occipital
BA_BXKJBWBQ,miRNA-Seq,7316-11315,PID2248,2248-T,Tumor,DIPG,Right Pons
BA_AZSFDWK2,miRNA-Seq,7316-11314,PID759,759-N,Normal-Tumor Adjacent,Medulloblastoma,Left Temporal
BA_XM235RBD,miRNA-Seq,7316-11314,PID759,759-T,Tumor,Medulloblastoma,Left Cerebellum
BA_7WAB7RBF,miRNA-Seq,7316-7442,PID981,981-N,Normal-Tumor Adjacent,Ependymoma,Right Frontal
BA_6VDXDRFC,miRNA-Seq,7316-7442,PID981,981-T,Tumor,Ependymoma,Right Cerebellum
BA_VA7DNAEV,miRNA-Seq,NA,PID1,B1,Normal,NA,Right Frontal Operculum
BA_RZCSZ793,miRNA-Seq,NA,PID2,B2,Normal,NA,Left Occipital
BA_VV47MWYG,miRNA-Seq,NA,PID3,B3,Normal,NA,Right Frontal Lobe
BA_CDDZZ3NA,miRNA-Seq,NA,PID4,B4,Normal,NA,Left Parietal
BA_MQ1R966Q,miRNA-Seq,NA,PID5,B5,Normal,NA,Right Frontal Lobe
