GO.ID	Term	Annotated	Significant	Expected	classicFisher	fdr	Genes
GO:0030178	negative regulation of Wnt signaling pathway	181	9	1.78	7.8e-05	0.015000000000000001	ALPK2, AMER1, AMER2, AMFR, ANKRD6, APC, APC2, APCDD1, APCDD1L, APOE, APP, AXIN1, AXIN2, BARX1, BICC1, BMP2, C12orf43, CAV1, CBY1, CCDC88C, CDH2, CHD8, CITED1, CSNK1A1, CSNK1A1L, CSNK1E, CTHRC1, CTNNB1, CTNNBIP1, CTNND1, CXXC4, CYLD, DAB2, DAB2IP, DACT1, DACT3, DDIT3, DKK1, DKK2, DKK3, DKK4, DKKL1, DRAXIN, EGR1, EMD, FERMT1, FGF9, FOXO1, FOXO3, FRMD8, FRMD8P1, FRZB, FUZ, FZD1, FZD6, G3BP1, GLI1, GLI3, GPC3, GRB10, GREM1, GSC, GSK3A, GSK3B, HDAC1, HECW1, HIC1, HMGXB4, IFT80, IGFBP1, IGFBP2, IGFBP4, IGFBP6, INVS, ISL1, JADE1, KREMEN1, LATS1, LATS2, LIMD1, LMBR1L, LRP1, LRP4, LZTS2, MAD2L2, MAPK14, MCC, MDFI, MDK, MESP1, MIR1-1, MIR199A1, MIR19B1, MIR203A, MIR212, MIR29B1, MIR29C, MIR498, MIR665, MLLT3, NFATC4, NHERF1, NKD1, NKD2, NKX2-5, NLK, NOG, NOTCH1, NOTUM, NPHP3, NPHP4, NPPA, NXN, OTUD5, PFDN5, PPP2R3A, PRICKLE1, PRKN, PTPRO, PTPRU, RACK1, RBMS3, RBX1, RNF213, RNF43, RUVBL2, SCYL2, SDHAF2, SFRP1, SFRP2, SFRP4, SFRP5, SHH, SHISA2, SHISA3, SHISA6, SIAH2, SMAD4, SNAI2, SOST, SOSTDC1, SOX10, SOX13, SOX17, SOX2, SOX30, SOX9, STK11, STK3, STK4, TAX1BP3, TBX18, TCF7L2, TLE1, TLE2, TLE3, TLE4, TLE5, TLE6, TLE7, TMEM131L, TMEM170B, TMEM196, TMEM64, TMEM88, TMEM88B, TNN, TPBG, TPBGL, TRABD2A, TRABD2B, TSC2, TSKU, UBAC2, VGLL4, WIF1, WNT11, WNT5A, WWOX, WWTR1, ZNRF3
GO:0060828	regulation of canonical Wnt signaling pathway	277	11	2.73	9.7e-05	0.015000000000000001	ADGRA2, ADNP, AMER1, AMER2, AMER3, AMFR, ANKRD6, APC, APC2, APOE, APP, ASPM, ATP6AP2, AXIN1, AXIN2, BAMBI, BICC1, BIRC8, BMAL1, BMP2, BTRC, CAPRIN2, CAV1, CBY1, CCAR2, CCDC88C, CCNY, CCNYL1, CCNYL1B, CCNYL2, CCNYL3, CDH2, CDH3, CDK14, CHD8, COL1A1, CSNK1A1, CSNK1A1L, CSNK1D, CSNK1E, CSNK1G1, CSNK1G2, CSNK1G3, CTDNEP1, CTHRC1, CTNNB1, CTNNBIP1, CTNND1, CTNND2, CYLD, DAAM2, DAB2, DAB2IP, DACT1, DACT3, DAPK3, DDIT3, DDX3X, DKK1, DKK2, DKK3, DKK4, DKKL1, DLX5, DRAXIN, EDA, EGF, EGFR, EGR1, EMD, FAM53B, FERMT1, FGF10, FGF2, FGF9, FGFR2, FOLR1, FOXO1, FOXO3, FRAT1, FRMD8, FRMD8P1, FRZB, FUZ, FZD1, FZD6, FZD7, FZD9, G3BP1, GID8, GLI1, GLI3, GNAQ, GPC3, GPC5, GPRC5B, GREM1, GSK3A, GSK3B, GSKIP, HDAC1, HECW1, HHEX, IFT20, IGFBP1, IGFBP2, IGFBP4, IGFBP6, ILK, INVS, ISL1, JADE1, JRK, JUP, KANK1, KPNA1, KREMEN1, LATS1, LATS2, LGR4, LGR5, LGR6, LIMD1, LINC00941, LMBR1L, LRP4, LRRK1, LRRK2, LYPD6, LZTS2, MAD2L2, MAPK14, MCC, MDK, MESP1, MIR1-1, MIR1260B, MIR145, MIR183, MIR199A1, MIR19B1, MIR203A, MIR212, MIR26A1, MIR29B1, MIR29C, MIR346, MIR498, MIR501, MIR665, MKS1, MLLT3, NFKB1, NHERF1, NKD1, NKD2, NKX2-5, NLE1, NOG, NOTCH1, NOTUM, NPHP3, NPHP4, NPPA, NRARP, OTUD5, OTULIN, PFDN5, PIN1, PLEKHA4, POU5F1, PPM1A, PPM1B, PPM1N, PPP1CA, PPP2R3A, PRDM15, PRICKLE1, PRKN, PSEN1, PTK7, PTPRO, PTPRU, RBMS3, RBPJ, RBX1, RECK, RNF14, RNF146, RNF220, RPS12, RSPO1, RSPO2, RSPO3, RSPO4, RUVBL1, RUVBL2, SCEL, SCYL2, SDHAF2, SEMA5A, SFRP1, SFRP2, SFRP4, SFRP5, SHH, SHISA3, SHISA6, SIAH2, SMAD3, SMAD4, SMURF2, SNAI2, SOST, SOSTDC1, SOX10, SOX13, SOX17, SOX2, SOX4, SOX7, SOX9, SPIN4, SRC, STK11, STK3, STK4, SULF2, TBL1X, TBL1XR1, TBX18, TCF7L2, TGFB1, TLE1, TLE2, TLE3, TLE4, TLE5, TLE6, TLE7, TMEM131L, TMEM170B, TMEM196, TMEM198, TMEM64, TMEM88, TMEM88B, TMEM9, TNKS, TNKS2, TNN, TPBG, TPBGL, TRPM4, TTC21B, UBAC2, UBE2B, UBR5, USP34, USP47, USP8, VCP, VPS35, WLS, WNK1, WNK2, WNT10B, WNT11, WNT3A, WNT5A, WWTR1, XIAP, YAP1, ZBED3, ZEB2, ZNF703, ZNRF3
GO:0090090	negative regulation of canonical Wnt signaling pathway	149	8	1.47	0.00012	0.015000000000000001	AMER1, AMER2, AMFR, ANKRD6, APC, APC2, APOE, APP, AXIN1, AXIN2, BICC1, BMP2, CAV1, CBY1, CCDC88C, CDH2, CHD8, CSNK1A1, CSNK1A1L, CTHRC1, CTNNB1, CTNNBIP1, CTNND1, CYLD, DAB2, DAB2IP, DACT1, DACT3, DDIT3, DKK1, DKK2, DKK3, DKK4, DKKL1, DRAXIN, EGR1, EMD, FERMT1, FOXO1, FOXO3, FRMD8, FRMD8P1, FRZB, FUZ, FZD1, FZD6, G3BP1, GLI1, GLI3, GPC3, GREM1, GSK3A, GSK3B, HDAC1, HECW1, IGFBP1, IGFBP2, IGFBP4, IGFBP6, INVS, ISL1, JADE1, KREMEN1, LATS1, LATS2, LIMD1, LMBR1L, LRP4, LZTS2, MAD2L2, MAPK14, MCC, MDK, MESP1, MIR1-1, MIR199A1, MIR19B1, MIR203A, MIR212, MIR29B1, MIR29C, MIR498, MIR665, MLLT3, NHERF1, NKD1, NKD2, NKX2-5, NOG, NOTCH1, NOTUM, NPHP3, NPHP4, NPPA, OTUD5, PFDN5, PPP2R3A, PRICKLE1, PRKN, PTPRO, PTPRU, RBMS3, RBX1, RUVBL2, SCYL2, SDHAF2, SFRP1, SFRP2, SFRP4, SFRP5, SHH, SHISA3, SHISA6, SIAH2, SMAD4, SNAI2, SOST, SOSTDC1, SOX10, SOX13, SOX17, SOX2, SOX9, STK11, STK3, STK4, TBX18, TCF7L2, TLE1, TLE2, TLE3, TLE4, TLE5, TLE6, TLE7, TMEM131L, TMEM170B, TMEM196, TMEM64, TMEM88, TMEM88B, TNN, TPBG, TPBGL, UBAC2, WNT11, WNT5A, WWTR1, ZNRF3
GO:0060070	canonical Wnt signaling pathway	333	12	3.28	0.00012	0.015000000000000001	ADGRA2, ADNP, AMER1, AMER2, AMER3, AMFR, ANKRD6, APC, APC2, APOE, APP, ASPM, ATP6AP2, AXIN1, AXIN2, BAMBI, BCL9, BCL9L, BICC1, BIRC8, BMAL1, BMP2, BTRC, CAPRIN2, CAV1, CBY1, CCAR2, CCDC88C, CCNY, CCNYL1, CCNYL1B, CCNYL2, CCNYL3, CDH2, CDH3, CDK14, CHD8, COL1A1, COL6A1, CSNK1A1, CSNK1A1L, CSNK1D, CSNK1E, CSNK1G1, CSNK1G2, CSNK1G3, CTDNEP1, CTHRC1, CTNNB1, CTNNBIP1, CTNND1, CTNND2, CYLD, DAAM2, DAB2, DAB2IP, DACT1, DACT3, DAPK3, DDIT3, DDX3X, DISC1, DIXDC1, DKK1, DKK2, DKK3, DKK4, DKKL1, DLX5, DRAXIN, DVL1, DVL2, DVL3, EDA, EDN1, EDNRA, EDNRB, EGF, EGFR, EGR1, EMD, EXT1, FAM53B, FERMT1, FGF10, FGF2, FGF9, FGFR2, FOLR1, FOXD1, FOXO1, FOXO3, FRAT1, FRAT2, FRMD8, FRMD8P1, FRZB, FUZ, FZD1, FZD10, FZD2, FZD3, FZD4, FZD5, FZD6, FZD7, FZD8, FZD9, G3BP1, GATA3, GID8, GLI1, GLI3, GNAQ, GPC3, GPC5, GPRC5B, GREM1, GSK3A, GSK3B, GSKIP, HDAC1, HECW1, HESX1, HHEX, IFT20, IGFBP1, IGFBP2, IGFBP4, IGFBP6, ILK, INVS, ISL1, JADE1, JRK, JUP, KANK1, KLF4, KPNA1, KREMEN1, LATS1, LATS2, LEF1, LGR4, LGR5, LGR6, LIMD1, LINC00941, LMBR1L, LRP4, LRP5, LRP6, LRRK1, LRRK2, LYPD6, LZTS2, MAD2L2, MAPK14, MCC, MDK, MESP1, MIR1-1, MIR1260B, MIR145, MIR183, MIR199A1, MIR19B1, MIR203A, MIR212, MIR26A1, MIR29B1, MIR29C, MIR346, MIR498, MIR501, MIR665, MKS1, MLLT3, NDP, NFKB1, NHERF1, NKD1, NKD2, NKX2-5, NLE1, NOG, NOTCH1, NOTUM, NPHP3, NPHP4, NPPA, NR4A2, NRARP, OTUD5, OTULIN, PFDN5, PIN1, PLEKHA4, POU5F1, PPM1A, PPM1B, PPM1N, PPP1CA, PPP2R3A, PRDM15, PRICKLE1, PRKN, PSEN1, PTEN, PTK7, PTPRO, PTPRU, PYGO1, PYGO2, RAB5A, RARG, RBMS3, RBPJ, RBX1, RECK, RNF14, RNF146, RNF220, RPS12, RSPO1, RSPO2, RSPO3, RSPO4, RUVBL1, RUVBL2, RYK, SCEL, SCYL2, SDC1, SDHAF2, SEMA5A, SFRP1, SFRP2, SFRP4, SFRP5, SHH, SHISA3, SHISA6, SIAH1, SIAH2, SMAD3, SMAD4, SMAD7, SMURF2, SNAI1, SNAI2, SOST, SOSTDC1, SOX10, SOX13, SOX17, SOX2, SOX4, SOX7, SOX9, SPIN4, SRC, STK11, STK3, STK4, SULF2, TBL1X, TBL1XR1, TBX18, TCF7, TCF7L1, TCF7L2, TGFB1, TLE1, TLE2, TLE3, TLE4, TLE5, TLE6, TLE7, TMEM131L, TMEM170B, TMEM196, TMEM198, TMEM64, TMEM88, TMEM88B, TMEM9, TNKS, TNKS2, TNN, TPBG, TPBGL, TRPM4, TTC21B, UBAC2, UBE2B, UBR5, USP34, USP47, USP8, VCP, VPS35, VPS4B, WLS, WNK1, WNK2, WNT1, WNT10A, WNT10B, WNT11, WNT16, WNT2, WNT2B, WNT3, WNT3A, WNT4, WNT5A, WNT5B, WNT6, WNT7A, WNT7B, WNT8A, WNT8B, WNT9A, WNT9B, WWTR1, XIAP, YAP1, ZBED3, ZEB2, ZNF703, ZNRF3
GO:0030111	regulation of Wnt signaling pathway	350	12	3.44	0.00019	0.016666666666666666	ABL1, ADGRA2, ADNP, ALPK2, AMER1, AMER2, AMER3, AMFR, ANKRD6, APC, APC2, APCDD1, APCDD1L, APOE, APP, ASPM, ATP6AP2, ATP6V0C, ATP6V1C2, AXIN1, AXIN2, BAMBI, BARX1, BICC1, BIRC8, BMAL1, BMP2, BTRC, C12orf43, CAPRIN2, CAV1, CBY1, CCAR2, CCDC88C, CCN4, CCNY, CCNYL1, CCNYL1B, CCNYL2, CCNYL3, CDC73, CDH2, CDH3, CDK14, CHD8, CITED1, CMAHP, COL1A1, CRBN, CSNK1A1, CSNK1A1L, CSNK1D, CSNK1E, CSNK1G1, CSNK1G2, CSNK1G3, CSNK2A1, CTDNEP1, CTHRC1, CTNNB1, CTNNBIP1, CTNND1, CTNND2, CXXC4, CYLD, DAAM2, DAB2, DAB2IP, DACT1, DACT3, DAPK3, DCDC2, DDIT3, DDX3X, DEPDC1B, DISC1, DIXDC1, DKK1, DKK2, DKK3, DKK4, DKKL1, DLX5, DRAXIN, EDA, EGF, EGFR, EGR1, EMD, FAM53B, FERMT1, FGF10, FGF2, FGF9, FGFR2, FOLR1, FOXL1, FOXO1, FOXO3, FRAT1, FRMD8, FRMD8P1, FRZB, FUZ, FZD1, FZD6, FZD7, FZD9, G3BP1, GID8, GLI1, GLI3, GNAQ, GPC3, GPC5, GPRC5B, GRB10, GREM1, GSC, GSK3A, GSK3B, GSKIP, HDAC1, HECW1, HHEX, HIC1, HMGXB4, HNF1B, IFT20, IFT80, IGFBP1, IGFBP2, IGFBP4, IGFBP6, ILK, INVS, ISL1, ITGA3, JADE1, JRK, JUP, KANK1, KLF15, KPNA1, KREMEN1, LATS1, LATS2, LBX2, LEF1, LGR4, LGR5, LGR6, LIMD1, LINC00941, LMBR1L, LRP1, LRP4, LRRK1, LRRK2, LYPD6, LZTS2, MACF1, MAD2L2, MAPK14, MBD2, MCC, MDFI, MDFIC, MDFIC2, MDK, MESP1, MIR1-1, MIR1260B, MIR145, MIR183, MIR199A1, MIR19B1, MIR203A, MIR212, MIR26A1, MIR29B1, MIR29C, MIR346, MIR498, MIR501, MIR665, MKS1, MLLT3, NFATC4, NFKB1, NHERF1, NKD1, NKD2, NKX2-5, NLE1, NLK, NOG, NOTCH1, NOTUM, NPHP3, NPHP4, NPPA, NRARP, NXN, OTUD5, OTULIN, PBXIP1, PCDH11Y, PFDN5, PIN1, PLEKHA4, PLPP3, POU5F1, PPM1A, PPM1B, PPM1N, PPP1CA, PPP2R3A, PRDM15, PRICKLE1, PRKN, PSEN1, PTK7, PTPRO, PTPRU, RACK1, RBMS3, RBPJ, RBX1, RECK, RNF14, RNF146, RNF213, RNF220, RNF43, RPS12, RSPO1, RSPO2, RSPO3, RSPO4, RUVBL1, RUVBL2, SALL1, SCEL, SCYL2, SDHAF2, SEMA5A, SENP2, SFRP1, SFRP2, SFRP4, SFRP5, SHH, SHISA2, SHISA3, SHISA6, SIAH2, SKI, SMAD3, SMAD4, SMARCA4, SMURF2, SNAI2, SNX3, SOST, SOSTDC1, SOX10, SOX13, SOX17, SOX2, SOX30, SOX4, SOX7, SOX9, SPEF1, SPIN1, SPIN4, SRC, STK11, STK3, STK4, SULF1, SULF2, TAX1BP3, TBL1X, TBL1XR1, TBX18, TCF7L1, TCF7L2, TERT, TGFB1, TIAM1, TLE1, TLE2, TLE3, TLE4, TLE5, TLE6, TLE7, TLR2, TMEM131L, TMEM132A, TMEM170B, TMEM196, TMEM198, TMEM237, TMEM64, TMEM88, TMEM88B, TMEM9, TNFAIP3, TNKS, TNKS2, TNN, TPBG, TPBGL, TRABD2A, TRABD2B, TRPM4, TSC2, TSKU, TTC21B, UBAC2, UBE2B, UBR5, USP34, USP47, USP8, VCP, VGLL4, VPS35, WIF1, WLS, WNK1, WNK2, WNT10B, WNT11, WNT3, WNT3A, WNT5A, WNT5B, WWOX, WWTR1, XIAP, YAP1, ZBED3, ZEB2, ZNF703, ZNRF3, ZRANB1
GO:0043414	macromolecule methylation	121	7	1.19	0.00020	0.016666666666666666	AKT1, ALKBH8, ANTKMT, ATPSCKMT, BCDIN3D, BHMT, BUD23, CSKMT, DALRD3, DIMT1, EEF1AKMT1, EEF1AKMT2, EEF1AKMT3, EEF2KMT, EHMT1, EHMT2, EMG1, ETF1, FAM98A, FAM98B, FBL, FBLL1, FDXACB1, FTSJ1, FTSJ3, GSPT1, GTPBP3, HEMK2, HENMT1, HSD17B10, ICMT, KMT5A, LARP7, LCMT1, LCMT2, MEPCE, METTL1, METTL14, METTL15, METTL15P1, METTL16, METTL18, METTL21A, METTL21C, METTL22, METTL25B, METTL2A, METTL2B, METTL3, METTL5, METTL6, METTL8, MRM1, MRM2, MRM3, MTO1, NDUFAF7, NOP2, NSUN2, NSUN3, NSUN4, NSUN5, NSUN6, NSUN7, NTMT1, NTMT2, PCMT1, PRDM12, PRMT1, PRMT2, PRMT5, PRMT7, PRMT8, RAB6A, RAMAC, RAMACL, RBM15, RBM15B, RNMT, SETD2, SETD3, SETD6, SETD7, SLC25A26, SMYD2, SNRPB, SNRPD1, SNRPD2, SNRPD3, SNRPE, SNRPF, SNRPG, TARBP1, TFB1M, TFB2M, TGS1, THADA, THUMPD2, THUMPD3, TRDMT1, TRMO, TRMT1, TRMT10A, TRMT10B, TRMT10C, TRMT112, TRMT12, TRMT13, TRMT1L, TRMT2B, TRMT44, TRMT5, TRMT6, TRMT61A, TRMT61B, TRMT9B, TYW3, VCPKMT, WDR4, WDR6, ZCCHC4
GO:0016055	Wnt signaling pathway	477	14	4.69	0.00028	0.01875	ABL1, ADGRA2, ADNP, ALPK2, AMER1, AMER2, AMER3, AMFR, AMOTL1, AMOTL2, ANKRD6, APC, APC2, APCDD1, APCDD1L, APOE, APP, ARHGEF19, ARL6, ASPM, ATP6AP2, ATP6V0C, ATP6V1C2, AXIN1, AXIN2, BAMBI, BARX1, BBIP1, BBS4, BCL7B, BCL9, BCL9L, BICC1, BIRC8, BMAL1, BMP2, BRD7, BTRC, C12orf43, CALCOCO1, CAPRIN2, CAV1, CBY1, CCAR2, CCDC88C, CCN4, CCND1, CCNE1, CCNY, CCNYL1, CCNYL1B, CCNYL2, CCNYL3, CD24, CDC42, CDC73, CDH2, CDH3, CDK14, CELA1, CELSR1, CELSR2, CELSR3, CHD8, CITED1, CMAHP, COL1A1, COL6A1, CPE, CPZ, CRBN, CSNK1A1, CSNK1A1L, CSNK1D, CSNK1E, CSNK1G1, CSNK1G2, CSNK1G3, CSNK2A1, CSNK2A2, CSNK2B, CTDNEP1, CTHRC1, CTNNB1, CTNNBIP1, CTNND1, CTNND2, CTR9, CUL3, CXXC4, CYLD, DAAM1, DAAM2, DAB2, DAB2IP, DACT1, DACT3, DAPK3, DCDC2, DDB1, DDIT3, DDX3X, DEPDC1B, DISC1, DIXDC1, DKK1, DKK2, DKK3, DKK4, DKKL1, DLX3, DLX5, DRAXIN, DRD2, DVL1, DVL2, DVL3, EDA, EDN1, EDNRA, EDNRB, EGF, EGFR, EGR1, EMD, EPM2A, ETV2, EXT1, FAM53B, FBXW11, FBXW4, FERMT1, FERMT2, FGF10, FGF2, FGF9, FGFR2, FOLR1, FOXD1, FOXL1, FOXO1, FOXO3, FRAT1, FRAT2, FRMD8, FRMD8P1, FRZB, FUZ, FZD1, FZD10, FZD2, FZD3, FZD4, FZD5, FZD6, FZD7, FZD8, FZD9, G3BP1, GATA3, GID8, GLI1, GLI3, GNAQ, GPC3, GPC4, GPC5, GPRC5B, GRB10, GREM1, GRK5, GRK6, GSC, GSK3A, GSK3B, GSKIP, HBP1, HDAC1, HECW1, HESX1, HHEX, HIC1, HMGXB4, HNF1B, IFT20, IFT80, IGFBP1, IGFBP2, IGFBP4, IGFBP6, ILK, INVS, ISL1, ITGA3, JADE1, JRK, JUP, KANK1, KLF15, KLF4, KLHL12, KPNA1, KREMEN1, KREMEN2, LATS1, LATS2, LBX2, LDB1, LEF1, LEO1, LGR4, LGR5, LGR6, LIMD1, LINC00941, LMBR1L, LRP1, LRP4, LRP5, LRP6, LRRFIP2, LRRK1, LRRK2, LYPD6, LZTS2, MACF1, MAD2L2, MAGI2, MAPK14, MARK1, MARK2, MBD2, MCC, MDFI, MDFIC, MDFIC2, MDK, MED12, MESD, MESP1, MIR1-1, MIR1260B, MIR145, MIR183, MIR199A1, MIR19B1, MIR203A, MIR212, MIR224, MIR26A1, MIR29B1, MIR29C, MIR32, MIR346, MIR498, MIR501, MIR665, MITF, MKS1, MLLT3, MYOC, NDP, NDRG2, NFATC4, NFKB1, NHERF1, NKD1, NKD2, NKX2-5, NLE1, NLK, NOG, NOTCH1, NOTUM, NPHP3, NPHP4, NPPA, NR4A2, NRARP, NXN, OTUD5, OTULIN, PAF1, PBXIP1, PCDH11Y, PFDN5, PIAS4, PIN1, PKD1, PKD2, PLCG2, PLEKHA4, PLPP3, PORCN, POU5F1, PPM1A, PPM1B, PPM1N, PPP1CA, PPP2R3A, PRDM15, PRICKLE1, PRICKLE2, PRKAA1, PRKAA2, PRKN, PSEN1, PTEN, PTK7, PTPRO, PTPRU, PYGO1, PYGO2, RAB5A, RAC1, RAC3, RACK1, RARG, RBMS3, RBPJ, RBX1, RECK, RHOA, RNF138, RNF14, RNF146, RNF213, RNF220, RNF43, ROR1, ROR2, RPS12, RSPO1, RSPO2, RSPO3, RSPO4, RTF1, RUVBL1, RUVBL2, RYK, SALL1, SCEL, SCYL2, SDC1, SDHAF2, SEMA5A, SENP2, SFRP1, SFRP2, SFRP4, SFRP5, SHH, SHISA2, SHISA3, SHISA6, SIAH1, SIAH2, SKI, SKIC8, SMAD3, SMAD4, SMAD7, SMARCA4, SMURF1, SMURF2, SNAI1, SNAI2, SNX3, SOST, SOSTDC1, SOX10, SOX13, SOX17, SOX2, SOX30, SOX4, SOX7, SOX9, SPEF1, SPIN1, SPIN4, SRC, STK11, STK3, STK4, STRN, SULF1, SULF2, TAX1BP3, TBL1X, TBL1XR1, TBX18, TCF7, TCF7L1, TCF7L2, TERT, TGFB1, TGFB1I1, TIAM1, TLE1, TLE2, TLE3, TLE4, TLE5, TLE6, TLE7, TLR2, TMEM131L, TMEM132A, TMEM170B, TMEM196, TMEM198, TMEM237, TMEM64, TMEM67, TMEM88, TMEM88B, TMEM9, TNFAIP3, TNIK, TNKS, TNKS2, TNN, TPBG, TPBGL, TRABD2A, TRABD2B, TRPM4, TSC2, TSKU, TTC21B, UBAC2, UBE2B, UBR5, USP34, USP47, USP8, VANGL1, VANGL2, VAX2, VCP, VGLL4, VPS35, VPS4B, WIF1, WLS, WNK1, WNK2, WNT1, WNT10A, WNT10B, WNT11, WNT16, WNT2, WNT2B, WNT3, WNT3A, WNT4, WNT5A, WNT5B, WNT6, WNT7A, WNT7B, WNT8A, WNT8B, WNT9A, WNT9B, WWOX, WWTR1, XIAP, YAP1, ZBED3, ZBTB33, ZEB2, ZNF703, ZNRF3, ZRANB1
GO:0009451	RNA modification	171	8	1.68	0.00030	0.01875	A1CF, AARS1, ADAD1, ADAD2, ADAR, ADARB1, ADARB2, ADAT2, AICDA, AKT1, ALKBH1, ALKBH8, ANKRD16, APOBEC1, APOBEC2, APOBEC3A, APOBEC3B, APOBEC3C, APOBEC3D, APOBEC3F, APOBEC3G, APOBEC3H, B3GNTL1, BAG4, BCDIN3D, BUD23, CDK5RAP1, CDKAL1, CTU1, CTU2, DALRD3, DIMT1, DKC1, DNAJB11, DPH3, DTWD1, DTWD2, DUS1L, DUS2, DUS3L, DUS4L, ELP1, ELP2, ELP3, ELP4, ELP5, ELP6, EMG1, FBL, FBLL1, FDXACB1, FTSJ1, FTSJ3, GAR1, GON7, GTDC1, GTPBP3, HENMT1, HNRNPAB, HSD17B10, JMJD6, KTI12, LARP7, LCMT2, MEPCE, METTL1, METTL14, METTL15, METTL15P1, METTL16, METTL25B, METTL2A, METTL2B, METTL3, METTL4, METTL5, METTL6, METTL8, MOCS3, MRM1, MRM2, MRM3, MTFMT, MTO1, NAF1, NAT10, NHP2, NOP10, NOP2, NSUN2, NSUN3, NSUN4, NSUN5, NSUN6, NSUN7, OSGEP, OSGEPL1, PARN, PUS1, PUS10, PUS3, PUS7, PUS7L, PUSL1, QNG1, QTRT1, QTRT2, RAMAC, RAMACL, RBM15, RBM15B, RBM47, RNMT, RPUSD1, RPUSD2, RPUSD3, RPUSD4, SARS1, SEPSECS, SNRPB, SNRPD1, SNRPD2, SNRPD3, SNRPE, SNRPF, SNRPG, SSB, SYNCRIP, TARBP1, TFB1M, TFB2M, TGS1, THADA, THG1L, THUMPD1, THUMPD2, THUMPD3, TPRKB, TRDMT1, TRIT1, TRMO, TRMT1, TRMT10A, TRMT10B, TRMT10C, TRMT112, TRMT12, TRMT13, TRMT1L, TRMT2B, TRMT44, TRMT5, TRMT6, TRMT61A, TRMT61B, TRMT9B, TRMU, TRUB1, TRUB2, TSR3, TYW1, TYW1B, TYW3, TYW5, URM1, VIRMA, WDR4, WDR6, WTAP, YRDC, ZCCHC4
GO:0035295	tube development	1194	24	11.75	0.00068	0.03227272727272727	AAMP, ABCA12, ABCA3, ABCC8, ABL1, ACAT1, ACE, ACKR3, ACTG1, ACVR1, ACVR2B, ACVRL1, ADA, ADAM12, ADAM15, ADAM7, ADAM8, ADAMTS1, ADAMTS12, ADAMTS16, ADAMTS2, ADAMTS9, ADAMTSL2, ADGRA2, ADGRB1, ADGRB2, ADGRB3, ADGRF5, ADGRG1, ADIPOR2, ADM, ADM2, ADRA2B, ADTRP, AGGF1, AGO1, AGO2, AGR2, AGT, AGTR1, AGTR2, AHI1, AIMP1, AIMP2, AKR1B1, AKT1, AKT3, ALDH1A2, ALOX5, ALX4, AMBRA1, AMOT, AMOTL1, AMOTL2, ANG, ANGPT1, ANGPT2, ANGPT4, ANGPTL3, ANGPTL4, ANGPTL6, ANPEP, ANXA1, ANXA2, ANXA3, AP3B1, APAF1, APELA, APLN, APLNR, APOB, APOD, APOE, APOH, APOLD1, AQP1, AQP11, AQP2, AR, AREG, ARG2, ARHGAP22, ARHGAP24, ARHGAP35, ARID2, ARL13B, ASB2, ASB4, ASCL1, ASS1, ASXL1, ATF2, ATOH8, ATP2B4, ATP5F1B, ATP5IF1, ATP6AP2, ATP7A, ATRX, ATXN1L, B4GALT1, BAG6, BAK1, BASP1, BAX, BBS4, BBS5, BBS7, BCAM, BCAS3, BCL10, BCL2, BCL2L11, BLOC1S6, BMI1, BMP2, BMP4, BMP5, BMP7, BMPER, BMPR1A, BMPR2, BRCA1, BRD2, BRIP1, BSG, BTG1, BTRC, C1GALT1, C1orf54, C2CD3, C3, C3AR1, C5AR1, CALB1, CALCRL, CAMP, CARD10, CASP3, CASP8, CASR, CAT, CAV1, CAV3, CBFA2T2, CBY1, CC2D2A, CCBE1, CCDC134, CCDC39, CCDC40, CCKBR, CCL11, CCL2, CCL24, CCM2, CCN1, CCN2, CCN3, CCN6, CCR2, CCR3, CD160, CD24, CD34, CD36, CD40, CD47, CD93, CDC42, CDH13, CDH2, CDH5, CDK20, CDKN1A, CDX1, CDX2, CDX4, CEACAM1, CEBPA, CECR2, CELA1, CELSR1, CEMIP2, CEP290, CER1, CHD7, CHD8, CHI3L1, CHRD, CHRNA7, CIB1, CIMAP3, CITED1, CITED2, CLCN2, CLDN18, CLDN5, CLEC14A, CLIC3, CLIC4, CLMP, CLUAP1, CMA1, CNMD, COBL, COL15A1, COL18A1, COL2A1, COL3A1, COL4A1, COL4A2, COL4A3, COL6A1, COL8A1, COL8A2, COMP, CPS1, CREB1, CREB3L1, CRH, CRIPTO, CRISPLD2, CRKL, CRLF1, CSF1, CSF1R, CSMD1, CSNK2B, CSPG4, CTHRC1, CTNNB1, CTNNBIP1, CTNS, CTSH, CTSZ, CUL7, CX3CL1, CX3CR1, CXCL10, CXCL13, CXCL17, CXCL8, CXCR2, CXCR3, CXCR4, CYBB, CYP1A1, CYP1A2, CYP1B1, CYSLTR1, DAB2IP, DACT1, DACT2, DAG1, DCHS1, DCN, DDAH1, DDR1, DEAF1, DLC1, DLG1, DLG5, DLL1, DLL4, DNAAF1, DNAAF19, DPPA4, DVL1, DVL2, DZIP1L, E2F2, E2F7, E2F8, ECE1, ECM1, ECSCR, EDA, EDAR, EDN1, EDN2, EDNRA, EDNRB, EFEMP2, EFNA1, EFNA3, EFNB2, EGF, EGFL7, EGFL8, EGFR, EGLN1, EGR3, EIF2AK3, EIF4G1, ELK1, ELK3, EMC10, EMILIN1, EMILIN2, EMP2, EMX2, EN1, ENG, ENPEP, EP300, EPAS1, EPB41L5, EPCAM, EPGN, EPHA1, EPHA2, EPHA4, EPHA7, EPHB1, EPHB2, EPHB3, EPHB4, EPN1, EPN2, ERAP1, ERBB2, EREG, ERRFI1, ESM1, ESR1, ESRP2, ETS1, ETV2, EXT1, EYA1, F3, FAP, FASLG, FBN1, FBXW7, FER, FERD3L, FGF1, FGF10, FGF18, FGF2, FGF6, FGF7, FGF8, FGF9, FGFBP1, FGFR1, FGFR2, FKBP10, FKBP8, FKBPL, FLNA, FLT1, FLT4, FMN1, FMNL3, FN1, FOLR1, FOSL2, FOXA1, FOXB1, FOXC1, FOXC2, FOXD1, FOXE1, FOXF1, FOXF2, FOXH1, FOXJ1, FOXJ2, FOXL1, FOXN1, FOXN4, FOXO4, FOXP1, FUT1, FUZ, FYN, FZD3, FZD4, FZD5, FZD6, FZD8, GAB1, GADD45A, GATA2, GATA3, GATA4, GATA5, GATA6, GBX2, GDF11, GDF2, GDF7, GDNF, GHRL, GHSR, GJA1, GJA5, GJB1, GJB2, GJB5, GJC1, GLI1, GLI2, GLI3, GLMN, GLUL, GNA13, GPC3, GPLD1, GPNMB, GPR15, GPR161, GPR4, GPX1, GREB1L, GREM1, GRHL2, GRHL3, GRN, GSC, GTF2I, GZF1, HAND1, HAND2, HAS2, HDAC5, HDAC7, HDAC9, HECA, HEG1, HES1, HES5, HESX1, HEY1, HEY2, HEYL, HGS, HHEX, HHIP, HIF1A, HIF1AN, HIF3A, HIKESHI, HIPK1, HIPK2, HK2, HLA-G, HLX, HMGA2, HMGCS2, HMOX1, HNF1B, HOPX, HOXA1, HOXA11, HOXA13, HOXA3, HOXA5, HOXA7, HOXB13, HOXB3, HOXB7, HOXD11, HOXD13, HPGD, HPSE, HRG, HS2ST1, HS3ST3A1, HS3ST3B1, HS6ST1, HSD11B1, HSPB1, HSPB6, HSPG2, HTATIP2, HTN1, HYAL1, ID1, ID2, IFT122, IFT140, IFT172, IFT25, IFT52, IFT57, IGFBP5, IGFBP7, IHH, IL10, IL12A, IL12B, IL13, IL17F, IL18, IL1A, IL1B, IL6, IL6ST, ILK, ING2, INHBB, INTU, IRX1, IRX2, IRX3, ISL1, ISM1, ITGA2B, ITGA3, ITGA5, ITGAV, ITGAX, ITGB1, ITGB1BP1, ITGB2, ITGB3, ITGB6, ITGB8, ITPK1, JAG1, JAK1, JAM3, JCAD, JMJD6, JMJD8, JUNB, JUP, KAT2A, KAT5, KCNQ1, KDM2B, KDM5B, KDR, KIF18A, KIF20B, KIF26B, KIT, KLF2, KLF4, KLF5, KLHL3, KLK3, KRAS, KRIT1, KRT1, LAMA1, LAMA5, LBX1, LDLR, LEF1, LEP, LEPR, LGR4, LGR5, LHCGR, LHX1, LHX2, LHX3, LIAS, LIF, LIPA, LMO4, LOX, LOXL2, LOXL3, LRG1, LRP1, LRP2, LRP5, LTA4H, LTBP3, LUZP1, LZTS2, MAGED1, MAN1A2, MAN2A1, MAP2K1, MAP2K2, MAP2K5, MAPK1, MAPK14, MAPK3, MAPK7, MARCKS, MCAM, MDK, MECP2, MED1, MED12, MEF2C, MEGF8, MEIS1, MEIS3, MEIS3P1, MEOX2, MESP1, MET, MFGE8, MIA3, MIB1, MICAL2, MINAR1, MINAR2, MIR1-1, MIR101-1, MIR106B, MIR10A, MIR10B, MIR1224, MIR125A, MIR125B1, MIR126, MIR1298, MIR130A, MIR132, MIR137, MIR138-1, MIR143, MIR145, MIR146A, MIR149, MIR150, MIR153-1, MIR15A, MIR15B, MIR16-1, MIR17, MIR17HG, MIR181B1, MIR185, MIR18A, MIR1908, MIR193A, MIR196A1, MIR199A1, MIR199B, MIR19A, MIR19B1, MIR200B, MIR200C, MIR205, MIR206, MIR20A, MIR20B, MIR21, MIR210, MIR212, MIR214, MIR217, MIR22, MIR221, MIR222, MIR2355, MIR23A, MIR24-1, MIR26A1, MIR27A, MIR27B, MIR296, MIR29A, MIR29B1, MIR29C, MIR30A, MIR30B, MIR30C1, MIR30E, MIR31, MIR320A, MIR329-1, MIR342, MIR34A, MIR34B, MIR34C, MIR361, MIR375, MIR377, MIR378A, MIR410, MIR424, MIR451A, MIR483, MIR487B, MIR492, MIR494, MIR495, MIR497, MIR503, MIR505, MIR640, MIR885, MIR92A1, MIR939, MIR99B, MIRLET7A1, MIRLET7B, MIRLET7F1, MIRLET7G, MIXL1, MKKS, MKS1, MME, MMP12, MMP14, MMP19, MMP2, MMRN1, MMRN2, MOSMO, MSX2, MTDH, MTHFD1, MTHFD1L, MTHFR, MTSS1, MYC, MYCN, MYDGF, MYH9, MYLK, MYO18B, MYO1E, MYOCD, NAA15, NAGLU, NAXE, NCL, NDNF, NDP, NDRG4, NF1, NFATC3, NFATC4, NFE2L2, NFIA, NFIB, NGFR, NINJ1, NIPBL, NKIRAS1, NKIRAS2, NKX2-1, NKX2-2, NKX2-3, NKX2-5, NKX2-6, NKX2-8, NKX3-1, NKX3-2, NODAL, NOG, NOS3, NOTCH1, NOTCH2, NOTCH3, NOTCH4, NOTO, NOX1, NOX5, NPHP3, NPNT, NPPB, NPPC, NPR1, NPR2, NPR3, NPRL3, NPY, NR2E1, NR2F2, NR3C1, NR4A1, NRARP, NRCAM, NRP1, NRP2, NRXN1, NRXN3, NTN1, NTRK1, NTRK2, NUP133, NUP50, NUS1, ODAD4, OPA1, OPTC, OR10J5, OSR1, OTC, OTULIN, OVOL2, OXTR, PAK1, PAK4, PANK2, PARVA, PAX2, PAX6, PAX8, PAXIP1, PBX1, PCSK5, PDCD10, PDCD6, PDCL3, PDE3B, PDGFA, PDGFB, PDGFC, PDGFRA, PDGFRB, PDPK1, PDPN, PDX1, PERCC1, PERP, PF4, PFN1, PGF, PGK1, PGR, PHACTR4, PHB2, PHEX, PHF14, PHGDH, PIK3C2A, PIK3CA, PIK3CB, PIK3CD, PIK3CG, PIK3R3, PIK3R6, PITX2, PKD1, PKD2, PKDCC, PKHD1, PKM, PKNOX1, PLCD3, PLCG1, PLK2, PLOD3, PLXDC1, PLXNA2, PLXNA4, PLXNB2, PLXND1, PML, PODXL, POFUT1, POU3F3, PPARG, PPP1CA, PPP1R16B, PPP3R1, PRCP, PRDM1, PRICKLE1, PRKACA, PRKACB, PRKCA, PRKCB, PRKD1, PRKD2, PRKX, PRL, PROK1, PROK2, PROM1, PROX1, PRRX1, PSEN1, PTCH1, PTGES3, PTGIS, PTGS2, PTK2, PTK2B, PTK6, PTK7, PTPN6, PTPRB, PTPRJ, PTPRM, PXDN, PYY, QKI, RAB3A, RALA, RAMP1, RAMP2, RAP1A, RAPGEF2, RAPGEF3, RARA, RARB, RARG, RARRES2, RASA1, RASIP1, RB1, RBBP9, RBM15, RBP4, RBPJ, RBPMS2, RC3H2, RCBTB2, RCN3, RDH10, REC8, RECK, RELA, RET, RGCC, RGMA, RHOA, RHOB, RHOJ, RIN2, RLN2, RNF207, RNF213, RNF220, RNH1, ROBO1, ROBO2, ROBO4, ROCK1, ROCK2, RORA, RPGRIP1L, RPL13A, RPS7, RRAS, RSPO2, RSPO3, RTN4, RUNX1, RXFP1, RYR2, S100A1, S100A7, S1PR1, SALL1, SALL4, SARS1, SASH1, SAT1, SAV1, SCAPER, SCG2, SCRIB, SCT, SDC1, SDC4, SDCCAG8, SEC24B, SELENON, SEMA3C, SEMA3E, SEMA4A, SEMA4C, SEMA5A, SEMA6A, SERPINE1, SERPINE2, SERPINF1, SERPINF2, SETD2, SETDB2, SFRP1, SFRP2, SFRP5, SFTPD, SGCD, SGPL1, SH2D2A, SHB, SHC1, SHH, SHOX2, SIM1, SIM2, SIRT1, SIRT6, SIX1, SIX2, SIX4, SKI, SLC12A2, SLC12A6, SLC1A1, SLC22A1, SLC22A6, SLC23A1, SLC31A1, SLC39A12, SLC4A2, SLC7A11, SLIT2, SMAD1, SMAD2, SMAD3, SMAD4, SMAD5, SMAD6, SMAD7, SMO, SMOC2, SMPD3, SOS1, SOSTDC1, SOX10, SOX11, SOX17, SOX18, SOX4, SOX8, SOX9, SP1, SP100, SP3, SPARC, SPATA2, SPDEF, SPHK1, SPINK5, SPINT1, SPINT2, SPRED1, SPRY1, SPRY2, SRC, SREBF1, SRF, SRPK2, SRPX2, SRSF6, SSBP3, ST14, STAB1, STAB2, STARD13, STAT1, STAT3, STIL, STIM1, STK3, STK4, STK40, STOX1, STRA6, SUFU, SULF1, SYK, SYNJ2BP, TAB1, TACSTD2, TAFA5, TAL1, TBC1D20, TBC1D32, TBX1, TBX18, TBX2, TBX20, TBX3, TBX4, TBX5, TBXA2R, TCAP, TCF21, TCTN1, TEAD2, TEK, TERT, TFAP2B, TGFA, TGFB1, TGFB2, TGFB3, TGFBI, TGFBR1, TGFBR2, TGFBR3, TGM2, THBS1, THBS2, THBS4, THRA, THRB, THSD7A, THY1, TIE1, TIGAR, TIMELESS, TIPARP, TJP1, TLR3, TLR9, TMED2, TMEM100, TMEM107, TMEM215, TMEM38B, TMEM59L, TMIGD1, TMIGD2, TNC, TNF, TNFAIP2, TNFAIP3, TNFRSF12A, TNFSF12, TNMD, TNN, TNNI3, TP63, TP73, TRAF4, TRAF6, TRIM71, TSC1, TSC2, TSPAN12, TSPAN18, TTC8, TULP3, TWIST1, TYMP, TYMS, UBB, UBP1, UMOD, UNC5B, VANGL2, VASH1, VASH2, VASP, VAV2, VAV3, VDR, VEGFA, VEGFB, VEGFC, VEGFD, VEZF1, VPS4B, VPS52, VSTM4, WARS1, WARS2, WASF2, WDPCP, WDR19, WDR48, WDR83, WNK1, WNK4, WNT1, WNT11, WNT2, WNT2B, WNT3A, WNT4, WNT5A, WNT6, WNT7A, WNT7B, WNT9B, WT1, WWTR1, XBP1, XDH, YAP1, YIPF6, YJEFN3, YWHAZ, ZC3H12A, ZEB1, ZFP36L1, ZFPM2, ZIC3, ZMIZ1, ZNF304, ZNF354C, ZNF358
GO:0110096	cellular response to aldehyde	18	3	0.18	0.00069	0.03227272727272727	ACE, ADH4, ADH5, AIFM1, AKR1A1, AKR1B10, ALDH1A1, ESD, IGF1R, PARK7, RDH11, RDH12, SCNN1A, SCNN1B, SCNN1D, SCNN1G, SGK1, TGFB1
GO:0043436	oxoacid metabolic process	916	20	9.01	0.00071	0.03227272727272727	AACS, AADAT, AASDH, AASDHPPT, AASS, ABAT, ABCB11, ABCC1, ABCC10, ABCC9, ABCD1, ABCD2, ABCD3, ABCD4, ABHD1, ABHD12, ABHD14B, ABHD2, ABHD3, ABHD5, ABHD6, ACAA1, ACAA2, ACACA, ACACB, ACAD10, ACAD11, ACAD8, ACAD9, ACADL, ACADM, ACADS, ACADSB, ACADVL, ACAT1, ACAT2, ACBD4, ACBD5, ACBD7, ACLY, ACMSD, ACO1, ACO2, ACOT1, ACOT11, ACOT12, ACOT2, ACOT4, ACOT6, ACOT7, ACOT8, ACOX1, ACOX2, ACOX3, ACOXL, ACSBG1, ACSBG2, ACSF2, ACSF3, ACSL1, ACSL3, ACSL4, ACSL5, ACSL6, ACSM1, ACSM2A, ACSM2B, ACSM3, ACSM4, ACSM5, ACSM6, ACSS1, ACSS2, ACTN3, ADH1A, ADH1B, ADH1C, ADH4, ADH5, ADH6, ADH7, ADHFE1, ADI1, ADIPOQ, ADIPOR1, ADIPOR2, ADPGK, ADSS1, ADSS2, ADTRP, AFMID, AGMAT, AGXT, AGXT2, AIG1, AKR1A1, AKR1B1, AKR1C1, AKR1C2, AKR1C3, AKR1C4, AKR1D1, AKT1, AKT2, ALDH18A1, ALDH1A1, ALDH1A2, ALDH1A3, ALDH1L1, ALDH1L2, ALDH3A2, ALDH4A1, ALDH5A1, ALDH6A1, ALDH8A1, ALDOA, ALDOB, ALDOC, ALKBH7, ALOX12, ALOX12B, ALOX15, ALOX15B, ALOX5, ALOX5AP, ALOXE3, AMACR, AMDHD1, AMDHD2, AMT, ANGPTL3, ANKH, ANKRD23, AOAH, APIP, APOA4, APOA5, APOC1, APOC2, APOC3, APP, APPL2, ARG1, ARG2, ARHGAP11B, ARL2, ARNT, ART4, ARV1, AS3MT, ASAH1, ASAH2, ASL, ASNS, ASNSD1, ASPA, ASPG, ASRGL1, ASS1, ATCAY, ATF4, ATIC, ATP1A2, ATP2B4, ATP6V1B1, ATP7A, ATP8B1, AUH, AVP, AVPR1A, AWAT1, AZIN1, AZIN2, BAAT, BCAT1, BCAT2, BCKDHA, BCKDHB, BCKDK, BCL2L13, BCO2, BDH2, BHMT, BHMT2, BLMH, BLOC1S6, BPGM, BPNT1, BRCA1, BTD, C3, CAD, CARNMT1, CARNS1, CASP1, CAV1, CBFA2T3, CBR1, CBR4, CBS, CD36, CD74, CDO1, CEACAM1, CES1, CES2, CHST12, CHST14, CLN3, CLSTN3, CMAS, CNR1, COL6A1, COMT, CPA1, CPS1, CPT1A, CPT1B, CPT1C, CPT2, CRABP2, CRAT, CROT, CRYL1, CRYM, CS, CSAD, CSGALNACT1, CTH, CTHRC1, CYGB, CYP1A1, CYP1A2, CYP1B1, CYP26A1, CYP26B1, CYP26C1, CYP27A1, CYP27C1, CYP2A13, CYP2A6, CYP2A7, CYP2B6, CYP2C18, CYP2C19, CYP2C8, CYP2C9, CYP2D6, CYP2D7, CYP2E1, CYP2F1, CYP2J2, CYP2S1, CYP2U1, CYP2W1, CYP39A1, CYP3A4, CYP3A5, CYP3A7, CYP46A1, CYP4A11, CYP4A22, CYP4B1, CYP4F11, CYP4F12, CYP4F2, CYP4F22, CYP4F3, CYP4F8, CYP4V2, CYP4Z1, CYP7A1, CYP7B1, CYP8B1, D2HGDH, DAGLA, DAGLB, DAO, DAOA, DBI, DBT, DCAF5, DCT, DCXR, DDAH1, DDC, DDIT4, DDO, DECR1, DECR2, DEGS1, DGLUCY, DHFR, DHFR2, DHFRP1, DHRS9, DHTKD1, DLAT, DLD, DLST, DPEP1, DPEP2, DPYD, DSE, DSEL, ECH1, ECHDC1, ECHDC2, ECHDC3, ECHS1, ECI1, ECI2, EDN1, EDN2, EGLN2, EHHADH, EIF6, ELOVL1, ELOVL2, ELOVL3, ELOVL4, ELOVL5, ELOVL6, ELOVL7, ENO1, ENO2, ENO3, ENO4, ENOPH1, ENPP1, EP300, EPHX1, ERFE, ERLIN1, ERLIN2, ERO1A, ERRFI1, ETFA, ETFB, ETFBKMT, ETFDH, FA2H, FAAH, FAAH2, FABP1, FABP2, FABP3, FABP5, FADS1, FADS2, FADS2B, FADS3, FADS6, FAH, FAHD1, FAHD2A, FAHD2B, FASN, FBP1, FGF19, FGFR1, FGFR4, FH, FKRP, FLCN, FMO1, FMO2, FMO4, FN3K, FOLR1, FOXK1, FOXK2, FPGS, FTCD, GAD1, GAD2, GADL1, GALK1, GAMT, GAPDH, GAPDHS, GATD1, GATM, GBA2, GCAT, GCDH, GCK, GCLC, GCLM, GCSH, GDF15, GGT1, GGT2P, GGT3P, GGT5, GGT6, GGT7, GGTA1, GGTLC1, GGTLC2, GGTLC3, GHSR, GIP, GIT1, GLDC, GLS, GLS2, GLUD1, GLUD2, GLUL, GLYAT, GLYATL1, GLYATL1B, GLYATL2, GNE, GNMT, GNPDA1, GNPDA2, GOT1, GOT1L1, GOT2, GPAM, GPAT4, GPD1, GPI, GPT, GPT2, GPX1, GPX4, GRHPR, GSTA1, GSTM1, GSTM2, GSTM4, GSTO1, GSTO2, GSTP1, GSTZ1, HAAO, HACD1, HACD2, HACD3, HACD4, HACL1, HADH, HADHA, HADHB, HAGH, HAL, HAO1, HAO2, HDAC4, HDC, HEMK2, HGD, HIBADH, HIBCH, HIF1A, HK1, HK2, HK3, HKDC1, HLCS, HMGCL, HMGCLL1, HNF4A, HNMT, HOGA1, HPD, HPDL, HPGD, HPGDS, HSD17B10, HSD17B12, HSD17B4, HSD17B8, HSD3B7, HTD2, HTR2A, HYI, HYKK, ICMT, IDH1, IDH2, IDH3A, IDH3B, IDH3G, IDO1, IDO2, IER3, IFNG, IGF1, IL1B, IL4I1, ILVBL, INS, INSIG1, INSIG2, INSR, IREB2, IRS1, IRS2, IVD, IYD, JMJD8, KAT2B, KGD4, KIT, KLHL25, KMO, KYAT1, KYAT3, KYNU, L2HGDH, LDHA, LDHAL6A, LDHAL6B, LDHB, LDHC, LDHD, LEP, LIAS, LIPA, LIPC, LIPF, LIPG, LOC102724560, LOC344967, LONP2, LPGAT1, LPIN1, LPIN2, LPIN3, LPL, LTA4H, LTC4S, LYPLA1, LYPLA2, MALRD1, MAPK14, MAPKAPK2, MAT1A, MBLAC2, MCAT, MCCC1, MCCC2, MCEE, MDH1, MDH1B, MDH2, ME1, ME2, ME3, MECP2, MECR, MFSD2A, MFSD8, MGAT4A, MGLL, MGST2, MGST3, MID1IP1, MIF, MIR132, MIR182, MIR185, MIR204, MIR21, MIR210, MIR30C1, MIR33A, MIR342, MIR548P, MIR766, MIR96, MLST8, MLXIPL, MLYCD, MMUT, MORC2, MPC2, MPO, MPST, MRI1, MRS2, MSMO1, MSRA, MTAP, MTARC1, MTARC2, MTHFD1, MTHFD1L, MTHFD2, MTHFD2L, MTHFR, MTHFS, MTLN, MTOR, MTR, MTRR, NAAA, NAGK, NAGS, NAIP, NANP, NANS, NAT8L, NCOR1, NDP, NDUFAB1, NIT2, NLRC4, NOS1, NOS2, NOS3, NOX4, NOXRED1, NPC1, NPL, NR1D1, NR1H2, NR1H3, NR1H4, NR5A2, NUDT19, NUDT7, NUDT8, NUPR1, OAT, OCA2, ODC1, OGDH, OGDHL, OGT, OLAH, OSBP, OSBPL1A, OSBPL2, OSBPL3, OSBPL6, OSBPL7, OSBPL9, OTC, OXSM, P2RX7, P4HB, PAH, PANK2, PANK4, PAPSS1, PAPSS2, PARK7, PC, PCBD1, PCBD2, PCCA, PCCB, PCK1, PCK2, PDHA1, PDHA2, PDHB, PDHX, PDK1, PDK2, PDK3, PDK4, PDXDC1, PDXDC2P-NPIPB14P, PECR, PEDS1, PER2, PEX13, PEX2, PEX5, PEX7, PFAS, PFKFB1, PFKFB2, PFKFB3, PFKL, PFKM, PFKP, PGAM1, PGAM2, PGAM4, PGK1, PGK2, PGM1, PHGDH, PHYH, PIBF1, PIPOX, PKLR, PKM, PLA2G10, PLA2G15, PLA2G1B, PLA2G2F, PLA2G3, PLA2G4A, PLA2G4B, PLA2G4C, PLA2G4D, PLA2G4F, PLA2G5, PLAA, PLIN5, PLOD2, PLOD3, PLP1, PM20D1, PNKD, PNLIP, PNLIPRP1, PNLIPRP2, PNLIPRP3, PNPLA3, PNPLA8, PON1, PON3, PPA2, PPARA, PPARD, PPARG, PPARGC1A, PPM1K, PPP2CA, PRG3, PRKAA1, PRKAA2, PRKAB1, PRKAB2, PRKACA, PRKAG1, PRKAG2, PRKAG3, PRKAR2B, PRMT3, PRODH, PRODH2, PROX1, PRXL2B, PRXL2C, PSAT1, PSEN1, PSPH, PTGDS, PTGES, PTGES2, PTGES3, PTGIS, PTGR1, PTGR2, PTGS1, PTGS2, PYCARD, PYCR1, PYCR2, PYCR3, QDPR, QKI, QPRT, RBP1, RDH10, RENBP, RGN, RIDA, RIMKLA, RIMKLB, RPTOR, SARDH, SCAP, SCD, SCD5, SCLY, SCP2, SCPEP1, SDHA, SDHAF3, SDS, SDSL, SELENON, SEPHS1, SEPHS2, SERINC3, SERINC5, SESN2, SGPL1, SHMT1, SHMT2, SIRT1, SIRT2, SIRT4, SIRT6, SLC16A1, SLC16A3, SLC19A1, SLC1A3, SLC22A13, SLC23A1, SLC23A2, SLC25A16, SLC25A17, SLC25A2, SLC25A21, SLC25A32, SLC25A42, SLC25A44, SLC27A1, SLC27A2, SLC27A3, SLC27A4, SLC27A5, SLC27A6, SLC2A1, SLC2A3, SLC2A6, SLC34A1, SLC38A1, SLC39A8, SLC45A2, SLC45A3, SLC46A1, SLC4A1, SLC4A4, SLC5A6, SLC6A8, SLC7A11, SLC7A7, SMS, SNCA, SORD, SOX9, SP7, SRC, SRD5A2, SREBF1, SRR, ST3GAL1, ST6GAL1, STAR, STARD4, STAT3, SUCLA2, SUCLG2, SULT1A1, SULT1A2, SULT1A3, SULT1A4, SULT1B1, SULT1C3, SULT1C4, SULT1E1, SULT2A1, SULT2B1, SYK, TAT, TBXAS1, TDO2, TECR, TECRL, TH, THAP4, THEM4, THEM5, THNSL2, TIGAR, TLR2, TNFRSF1A, TNXB, TP53, TPH1, TPH2, TPI1, TPK1, TPST1, TPST2, TREX1, TRIB3, TRIM63, TST, TTC36, TWIST1, TYR, TYRP1, TYSND1, UBR4, UCHL1, UCP2, UCP3, UEVLD, UGDH, UGP2, UGT1A1, UGT1A10, UGT1A3, UGT1A4, UGT1A6, UGT1A7, UGT1A8, UGT1A9, UGT2A1, UGT2A2, UPB1, UROC1, UROS, UST, VDAC1, VNN1, VNN2, WDTC1, XBP1, XYLB, ZBTB20, ZBTB7A
GO:0006082	organic acid metabolic process	923	20	9.08	0.00079	0.032916666666666664	AACS, AADAT, AASDH, AASDHPPT, AASS, ABAT, ABCB11, ABCC1, ABCC10, ABCC9, ABCD1, ABCD2, ABCD3, ABCD4, ABHD1, ABHD12, ABHD14B, ABHD2, ABHD3, ABHD5, ABHD6, ACAA1, ACAA2, ACACA, ACACB, ACAD10, ACAD11, ACAD8, ACAD9, ACADL, ACADM, ACADS, ACADSB, ACADVL, ACAT1, ACAT2, ACBD4, ACBD5, ACBD7, ACLY, ACMSD, ACO1, ACO2, ACOT1, ACOT11, ACOT12, ACOT2, ACOT4, ACOT6, ACOT7, ACOT8, ACOX1, ACOX2, ACOX3, ACOXL, ACSBG1, ACSBG2, ACSF2, ACSF3, ACSL1, ACSL3, ACSL4, ACSL5, ACSL6, ACSM1, ACSM2A, ACSM2B, ACSM3, ACSM4, ACSM5, ACSM6, ACSS1, ACSS2, ACTN3, ADH1A, ADH1B, ADH1C, ADH4, ADH5, ADH6, ADH7, ADHFE1, ADI1, ADIPOQ, ADIPOR1, ADIPOR2, ADPGK, ADSS1, ADSS2, ADTRP, AFMID, AGMAT, AGXT, AGXT2, AIG1, AKR1A1, AKR1B1, AKR1C1, AKR1C2, AKR1C3, AKR1C4, AKR1D1, AKT1, AKT2, ALDH18A1, ALDH1A1, ALDH1A2, ALDH1A3, ALDH1L1, ALDH1L2, ALDH3A2, ALDH4A1, ALDH5A1, ALDH6A1, ALDH8A1, ALDOA, ALDOB, ALDOC, ALKBH7, ALOX12, ALOX12B, ALOX15, ALOX15B, ALOX5, ALOX5AP, ALOXE3, AMACR, AMDHD1, AMDHD2, AMT, ANGPTL3, ANKH, ANKRD23, AOAH, APIP, APOA4, APOA5, APOC1, APOC2, APOC3, APP, APPL2, ARG1, ARG2, ARHGAP11B, ARL2, ARNT, ART4, ARV1, AS3MT, ASAH1, ASAH2, ASL, ASNS, ASNSD1, ASPA, ASPG, ASRGL1, ASS1, ATCAY, ATF4, ATIC, ATP1A2, ATP2B4, ATP6V1B1, ATP7A, ATP8B1, AUH, AVP, AVPR1A, AWAT1, AZIN1, AZIN2, BAAT, BCAT1, BCAT2, BCKDHA, BCKDHB, BCKDK, BCL2L13, BCO2, BDH2, BHMT, BHMT2, BLMH, BLOC1S6, BPGM, BPNT1, BRCA1, BTD, C3, CAD, CARNMT1, CARNS1, CASP1, CAV1, CBFA2T3, CBR1, CBR4, CBS, CD36, CD74, CDO1, CEACAM1, CES1, CES2, CHST12, CHST14, CLN3, CLSTN3, CMAS, CNR1, COL6A1, COMT, CPA1, CPS1, CPT1A, CPT1B, CPT1C, CPT2, CRABP2, CRAT, CROT, CRYL1, CRYM, CS, CSAD, CSGALNACT1, CTH, CTHRC1, CYGB, CYP1A1, CYP1A2, CYP1B1, CYP26A1, CYP26B1, CYP26C1, CYP27A1, CYP27C1, CYP2A13, CYP2A6, CYP2A7, CYP2B6, CYP2C18, CYP2C19, CYP2C8, CYP2C9, CYP2D6, CYP2D7, CYP2E1, CYP2F1, CYP2J2, CYP2R1, CYP2S1, CYP2U1, CYP2W1, CYP39A1, CYP3A4, CYP3A5, CYP3A7, CYP46A1, CYP4A11, CYP4A22, CYP4B1, CYP4F11, CYP4F12, CYP4F2, CYP4F22, CYP4F3, CYP4F8, CYP4V2, CYP4Z1, CYP7A1, CYP7B1, CYP8B1, D2HGDH, DAGLA, DAGLB, DAO, DAOA, DBI, DBT, DCAF5, DCT, DCXR, DDAH1, DDC, DDIT4, DDO, DECR1, DECR2, DEGS1, DGLUCY, DHFR, DHFR2, DHFRP1, DHRS9, DHTKD1, DLAT, DLD, DLST, DPEP1, DPEP2, DPYD, DSE, DSEL, ECH1, ECHDC1, ECHDC2, ECHDC3, ECHS1, ECI1, ECI2, EDN1, EDN2, EGLN2, EHHADH, EIF6, ELOVL1, ELOVL2, ELOVL3, ELOVL4, ELOVL5, ELOVL6, ELOVL7, ENO1, ENO2, ENO3, ENO4, ENOPH1, ENPP1, EP300, EPHX1, ERFE, ERLIN1, ERLIN2, ERO1A, ERRFI1, ETFA, ETFB, ETFBKMT, ETFDH, FA2H, FAAH, FAAH2, FABP1, FABP2, FABP3, FABP5, FADS1, FADS2, FADS2B, FADS3, FADS6, FAH, FAHD1, FAHD2A, FAHD2B, FASN, FBP1, FGF19, FGFR1, FGFR4, FH, FKRP, FLCN, FMO1, FMO2, FMO3, FMO4, FN3K, FOLR1, FOXK1, FOXK2, FPGS, FTCD, GAD1, GAD2, GADL1, GALK1, GAMT, GAPDH, GAPDHS, GATD1, GATM, GBA2, GCAT, GCDH, GCK, GCLC, GCLM, GCSH, GDF15, GGT1, GGT2P, GGT3P, GGT5, GGT6, GGT7, GGTA1, GGTLC1, GGTLC2, GGTLC3, GHR, GHSR, GIP, GIT1, GLDC, GLS, GLS2, GLUD1, GLUD2, GLUL, GLYAT, GLYATL1, GLYATL1B, GLYATL2, GNE, GNMT, GNPDA1, GNPDA2, GOT1, GOT1L1, GOT2, GPAM, GPAT4, GPD1, GPI, GPT, GPT2, GPX1, GPX4, GRHPR, GSTA1, GSTM1, GSTM2, GSTM4, GSTO1, GSTO2, GSTP1, GSTZ1, HAAO, HACD1, HACD2, HACD3, HACD4, HACL1, HADH, HADHA, HADHB, HAGH, HAL, HAO1, HAO2, HDAC4, HDC, HEMK2, HGD, HIBADH, HIBCH, HIF1A, HK1, HK2, HK3, HKDC1, HLCS, HMGCL, HMGCLL1, HNF4A, HNMT, HOGA1, HPD, HPDL, HPGD, HPGDS, HSD17B10, HSD17B12, HSD17B4, HSD17B8, HSD3B7, HTD2, HTR2A, HYI, HYKK, ICMT, IDH1, IDH2, IDH3A, IDH3B, IDH3G, IDO1, IDO2, IER3, IFNG, IGF1, IL1B, IL4I1, ILVBL, INS, INSIG1, INSIG2, INSR, IREB2, IRS1, IRS2, IVD, IYD, JMJD8, KAT2B, KGD4, KIT, KLHL25, KMO, KYAT1, KYAT3, KYNU, L2HGDH, LDHA, LDHAL6A, LDHAL6B, LDHB, LDHC, LDHD, LEP, LIAS, LIPA, LIPC, LIPF, LIPG, LOC102724560, LOC344967, LONP2, LPGAT1, LPIN1, LPIN2, LPIN3, LPL, LPO, LTA4H, LTC4S, LYPLA1, LYPLA2, MALRD1, MAPK14, MAPKAPK2, MAT1A, MBLAC2, MCAT, MCCC1, MCCC2, MCEE, MDH1, MDH1B, MDH2, ME1, ME2, ME3, MECP2, MECR, MFSD2A, MFSD8, MGAT4A, MGLL, MGST2, MGST3, MID1IP1, MIF, MIR132, MIR182, MIR185, MIR204, MIR21, MIR210, MIR30C1, MIR33A, MIR342, MIR548P, MIR766, MIR96, MLST8, MLXIPL, MLYCD, MMUT, MORC2, MPC2, MPO, MPST, MRI1, MRS2, MSMO1, MSRA, MTAP, MTARC1, MTARC2, MTHFD1, MTHFD1L, MTHFD2, MTHFD2L, MTHFR, MTHFS, MTLN, MTOR, MTR, MTRR, NAAA, NAGK, NAGS, NAIP, NANP, NANS, NAT8L, NCOR1, NDP, NDUFAB1, NIT2, NLRC4, NOS1, NOS2, NOS3, NOX4, NOXRED1, NPC1, NPL, NR1D1, NR1H2, NR1H3, NR1H4, NR5A2, NUDT19, NUDT7, NUDT8, NUPR1, OAT, OCA2, ODC1, OGDH, OGDHL, OGT, OLAH, OSBP, OSBPL1A, OSBPL2, OSBPL3, OSBPL6, OSBPL7, OSBPL9, OTC, OXSM, P2RX7, P4HB, PAH, PANK2, PANK4, PAPSS1, PAPSS2, PARK7, PC, PCBD1, PCBD2, PCCA, PCCB, PCK1, PCK2, PDHA1, PDHA2, PDHB, PDHX, PDK1, PDK2, PDK3, PDK4, PDXDC1, PDXDC2P-NPIPB14P, PECR, PEDS1, PER2, PEX13, PEX2, PEX5, PEX7, PFAS, PFKFB1, PFKFB2, PFKFB3, PFKL, PFKM, PFKP, PGAM1, PGAM2, PGAM4, PGK1, PGK2, PGM1, PHGDH, PHYH, PIBF1, PIPOX, PKLR, PKM, PLA2G10, PLA2G15, PLA2G1B, PLA2G2F, PLA2G3, PLA2G4A, PLA2G4B, PLA2G4C, PLA2G4D, PLA2G4F, PLA2G5, PLAA, PLIN5, PLOD2, PLOD3, PLP1, PM20D1, PNKD, PNLIP, PNLIPRP1, PNLIPRP2, PNLIPRP3, PNPLA3, PNPLA8, PON1, PON3, PPA2, PPARA, PPARD, PPARG, PPARGC1A, PPM1K, PPP2CA, PRG3, PRKAA1, PRKAA2, PRKAB1, PRKAB2, PRKACA, PRKAG1, PRKAG2, PRKAG3, PRKAR2B, PRMT3, PRODH, PRODH2, PROX1, PRXL2B, PRXL2C, PSAT1, PSEN1, PSPH, PTER, PTGDS, PTGES, PTGES2, PTGES3, PTGIS, PTGR1, PTGR2, PTGS1, PTGS2, PYCARD, PYCR1, PYCR2, PYCR3, QDPR, QKI, QPRT, RBP1, RDH10, RENBP, RGN, RIDA, RIMKLA, RIMKLB, RPTOR, SARDH, SCAP, SCD, SCD5, SCLY, SCP2, SCPEP1, SDHA, SDHAF3, SDS, SDSL, SELENON, SEPHS1, SEPHS2, SERINC3, SERINC5, SESN2, SGPL1, SHMT1, SHMT2, SIRT1, SIRT2, SIRT4, SIRT6, SLC16A1, SLC16A3, SLC19A1, SLC1A3, SLC22A13, SLC23A1, SLC23A2, SLC25A16, SLC25A17, SLC25A2, SLC25A21, SLC25A32, SLC25A42, SLC25A44, SLC27A1, SLC27A2, SLC27A3, SLC27A4, SLC27A5, SLC27A6, SLC2A1, SLC2A3, SLC2A6, SLC34A1, SLC38A1, SLC39A8, SLC45A2, SLC45A3, SLC46A1, SLC4A1, SLC4A4, SLC5A6, SLC6A8, SLC7A11, SLC7A7, SMS, SNCA, SORD, SOX9, SP7, SRC, SRD5A2, SREBF1, SRR, ST3GAL1, ST6GAL1, STAR, STARD4, STAT3, STAT5A, STAT5B, SUCLA2, SUCLG2, SULT1A1, SULT1A2, SULT1A3, SULT1A4, SULT1B1, SULT1C3, SULT1C4, SULT1E1, SULT2A1, SULT2B1, SYK, TAT, TBXAS1, TDO2, TECR, TECRL, TH, THAP4, THEM4, THEM5, THNSL2, TIGAR, TLR2, TNFRSF1A, TNXB, TP53, TPH1, TPH2, TPI1, TPK1, TPST1, TPST2, TREX1, TRIB3, TRIM63, TST, TTC36, TWIST1, TYR, TYRP1, TYSND1, UBR4, UCHL1, UCP2, UCP3, UEVLD, UGDH, UGP2, UGT1A1, UGT1A10, UGT1A3, UGT1A4, UGT1A6, UGT1A7, UGT1A8, UGT1A9, UGT2A1, UGT2A2, UPB1, UROC1, UROS, UST, VDAC1, VNN1, VNN2, WDTC1, XBP1, XYLB, ZBTB20, ZBTB7A
GO:0051056	regulation of small GTPase mediated signal transduction	303	10	2.98	0.00086	0.03307692307692307	ABCA1, ABL1, ABL2, ABR, ABRA, ADCYAP1R1, ADGRG1, AKAP13, ALS2, AMOT, APOA1, APOC3, APOE, ARAP1, ARF6, ARFGAP1, ARFGEF1, ARFGEF2, ARFGEF3, ARHGAP1, ARHGAP10, ARHGAP11A, ARHGAP11B, ARHGAP12, ARHGAP15, ARHGAP17, ARHGAP18, ARHGAP19, ARHGAP20, ARHGAP21, ARHGAP22, ARHGAP23, ARHGAP24, ARHGAP25, ARHGAP26, ARHGAP27, ARHGAP28, ARHGAP29, ARHGAP30, ARHGAP31, ARHGAP32, ARHGAP35, ARHGAP39, ARHGAP4, ARHGAP40, ARHGAP42, ARHGAP44, ARHGAP45, ARHGAP5, ARHGAP6, ARHGAP8, ARHGAP9, ARHGDIA, ARHGDIB, ARHGEF1, ARHGEF10, ARHGEF10L, ARHGEF11, ARHGEF12, ARHGEF15, ARHGEF17, ARHGEF18, ARHGEF19, ARHGEF2, ARHGEF25, ARHGEF28, ARHGEF3, ARHGEF4, ARHGEF40, ARHGEF5, ARHGEF9, ARRB1, AUTS2, BCL6, BCR, CADM4, CBL, CCDC125, CD2AP, CDC42SE1, CDC42SE2, CDKL5, CDON, CGNL1, CHN1, CHN2, COL3A1, CRK, CRKL, CSF1, CSNK1A1, CUL3, CYRIB, CYTH1, CYTH2, CYTH3, CYTH4, DAB2IP, DEF6, DENND1A, DENND3, DENND4A, DENND4B, DENND4C, DLC1, DNMBP, DOCK10, DOCK11, DOCK2, DOCK3, DOCK6, DOCK7, DOCK8, DOCK9, ECT2, EPHB2, EPO, EPS8, EPS8L1, EPS8L2, EPS8L3, ERBB2, F11R, F2R, F2RL1, FAM13A, FAM13B, FBP1, FBXO8, FERMT2, FGD1, FGD2, FGD3, FGD4, FGD5, FGF10, FLCN, FLOT1, FNTA, FOXM1, FRMD7, FXR1, GABARAP, GARNL3, GBF1, GIT1, GIT2, GMIP, GNA13, GPR4, GPR55, HEG1, IGF1, IQSEC1, IQSEC2, IQSEC3, ITGA3, ITGAV, ITGB1, ITPKB, ITSN1, KALRN, KANK1, KANK2, KBTBD6, KBTBD7, KCTD10, KCTD13, KIF14, KITLG, KRAS, LPAR1, LPAR2, LRP4, LZTR1, MADD, MAP4K4, MAPKAP1, MAPRE2, MCF2, MCF2L, MET, MFN2, MIR21, MIR223, MIR29B1, MMD2, MYO9A, MYO9B, MYOC, NET1, NF1, NGEF, NGF, NOTCH1, NOTCH2, NRP1, NTRK1, NUP62, OBSCN, OGT, OPHN1, PICALM, PIK3CB, PIK3CG, PLEKHG1, PLEKHG3, PLEKHG4, PLEKHG4B, PLEKHG5, PLEKHG6, PLXNB1, PPP2CB, PRAG1, PREX1, PREX2, PSD, PSD2, PSD3, PSD4, RABGEF1, RABL3, RAC1, RACGAP1, RAF1, RALBP1, RALGAPA1, RALGAPA2, RALGAPB, RALGPS1, RAP1GAP, RAP1GAP2, RASA2, RASA3, RASA4, RASA4B, RASAL1, RASAL3, RASGEF1A, RASGRF1, RASGRF2, RASGRP1, RASIP1, RDX, RELN, RGL2, RHOD, RHOF, RHOU, RIPOR1, RIPOR2, RIT2, ROBO1, RTN4, RTN4R, SCAI, SEMA4D, SGSM3, SH2B2, SH3BP1, SHOC2, SIPA1, SIPA1L1, SIPA1L2, SIPA1L3, SLIT2, SOS1, SOS2, SPATA13, SPRY1, SPRY2, SPRY3, SPRY4, SQSTM1, SRC, SRGAP2, SRGAP3, SSX2IP, STAMBP, STARD13, STARD8, STMN1, STMN3, SWAP70, SYDE1, SYDE2, SYNGAP1, SYNPO2L, TAGAP, TEK, TGFB2, TGM2, TIAM1, TIAM2, TNFAIP1, TNS3, TRIM67, TRIO, TSC2, VAV1, VAV2, VAV3, WHR1
GO:0006541	glutamine metabolic process	20	3	0.2	0.00094	0.03357142857142857	ADSS1, ARHGAP11B, ASL, BLOC1S6, CAD, CPS1, GLS, GLS2, GLUD1, GLUL, GLYATL1, GLYATL1B, MECP2, NIT2, NR1H4, PFAS, PHGDH, SIRT4, SLC38A1, UCP2
GO:0001510	RNA methylation	81	5	0.8	0.00122	0.039411764705882354	AKT1, ALKBH8, BCDIN3D, BUD23, DALRD3, DIMT1, EMG1, FBL, FBLL1, FDXACB1, FTSJ1, FTSJ3, GTPBP3, HENMT1, HSD17B10, LARP7, LCMT2, MEPCE, METTL1, METTL14, METTL15, METTL15P1, METTL16, METTL25B, METTL2A, METTL2B, METTL3, METTL5, METTL6, METTL8, MRM1, MRM2, MRM3, MTO1, NOP2, NSUN2, NSUN3, NSUN4, NSUN5, NSUN6, NSUN7, RAMAC, RAMACL, RBM15, RBM15B, RNMT, SNRPB, SNRPD1, SNRPD2, SNRPD3, SNRPE, SNRPF, SNRPG, TARBP1, TFB1M, TFB2M, TGS1, THADA, THUMPD2, THUMPD3, TRDMT1, TRMO, TRMT1, TRMT10A, TRMT10B, TRMT10C, TRMT112, TRMT12, TRMT13, TRMT1L, TRMT2B, TRMT44, TRMT5, TRMT6, TRMT61A, TRMT61B, TRMT9B, TYW3, WDR4, WDR6, ZCCHC4
GO:0019752	carboxylic acid metabolic process	893	19	8.79	0.00132	0.039411764705882354	AACS, AADAT, AASDH, AASDHPPT, AASS, ABAT, ABCB11, ABCC1, ABCC10, ABCC9, ABCD1, ABCD2, ABCD3, ABCD4, ABHD1, ABHD12, ABHD2, ABHD3, ABHD5, ABHD6, ACAA1, ACAA2, ACACA, ACACB, ACAD10, ACAD11, ACAD8, ACAD9, ACADL, ACADM, ACADS, ACADSB, ACADVL, ACAT1, ACAT2, ACBD4, ACBD5, ACBD7, ACLY, ACMSD, ACO1, ACO2, ACOT1, ACOT11, ACOT12, ACOT2, ACOT4, ACOT6, ACOT7, ACOT8, ACOX1, ACOX2, ACOX3, ACOXL, ACSBG1, ACSBG2, ACSF2, ACSF3, ACSL1, ACSL3, ACSL4, ACSL5, ACSL6, ACSM1, ACSM2A, ACSM2B, ACSM3, ACSM4, ACSM5, ACSM6, ACSS1, ACSS2, ACTN3, ADH1A, ADH1B, ADH1C, ADH4, ADH5, ADH6, ADH7, ADHFE1, ADI1, ADIPOQ, ADIPOR1, ADIPOR2, ADPGK, ADSS1, ADSS2, ADTRP, AFMID, AGMAT, AGXT, AGXT2, AIG1, AKR1A1, AKR1B1, AKR1C1, AKR1C2, AKR1C3, AKR1C4, AKR1D1, AKT1, AKT2, ALDH18A1, ALDH1A1, ALDH1A2, ALDH1A3, ALDH1L1, ALDH1L2, ALDH3A2, ALDH4A1, ALDH5A1, ALDH6A1, ALDH8A1, ALDOA, ALDOB, ALDOC, ALKBH7, ALOX12, ALOX12B, ALOX15, ALOX15B, ALOX5, ALOX5AP, ALOXE3, AMACR, AMDHD1, AMDHD2, AMT, ANGPTL3, ANKRD23, AOAH, APIP, APOA4, APOA5, APOC1, APOC2, APOC3, APP, APPL2, ARG1, ARG2, ARHGAP11B, ARL2, ARNT, ART4, ARV1, AS3MT, ASAH1, ASAH2, ASL, ASNS, ASNSD1, ASPA, ASPG, ASRGL1, ASS1, ATCAY, ATF4, ATIC, ATP1A2, ATP2B4, ATP6V1B1, ATP7A, ATP8B1, AUH, AVP, AVPR1A, AWAT1, AZIN1, AZIN2, BAAT, BCAT1, BCAT2, BCKDHA, BCKDHB, BCKDK, BCL2L13, BCO2, BDH2, BHMT, BHMT2, BLMH, BLOC1S6, BPGM, BRCA1, BTD, C3, CAD, CARNMT1, CARNS1, CASP1, CAV1, CBFA2T3, CBR1, CBR4, CBS, CD36, CD74, CDO1, CEACAM1, CES1, CES2, CHST12, CHST14, CLN3, CLSTN3, CMAS, CNR1, COL6A1, COMT, CPA1, CPS1, CPT1A, CPT1B, CPT1C, CPT2, CRABP2, CRAT, CROT, CRYL1, CRYM, CS, CSAD, CSGALNACT1, CTH, CTHRC1, CYGB, CYP1A1, CYP1A2, CYP1B1, CYP26A1, CYP26B1, CYP26C1, CYP27A1, CYP27C1, CYP2A13, CYP2A6, CYP2A7, CYP2B6, CYP2C18, CYP2C19, CYP2C8, CYP2C9, CYP2D6, CYP2D7, CYP2E1, CYP2F1, CYP2J2, CYP2S1, CYP2U1, CYP2W1, CYP39A1, CYP3A4, CYP3A5, CYP3A7, CYP46A1, CYP4A11, CYP4A22, CYP4B1, CYP4F11, CYP4F12, CYP4F2, CYP4F22, CYP4F3, CYP4F8, CYP4V2, CYP4Z1, CYP7A1, CYP7B1, CYP8B1, D2HGDH, DAGLA, DAGLB, DAO, DAOA, DBI, DBT, DCAF5, DCT, DCXR, DDAH1, DDC, DDIT4, DDO, DECR1, DECR2, DEGS1, DGLUCY, DHFR, DHFR2, DHFRP1, DHRS9, DHTKD1, DLAT, DLD, DLST, DPEP1, DPEP2, DPYD, DSE, DSEL, ECH1, ECHDC1, ECHDC2, ECHDC3, ECHS1, ECI1, ECI2, EDN1, EDN2, EGLN2, EHHADH, EIF6, ELOVL1, ELOVL2, ELOVL3, ELOVL4, ELOVL5, ELOVL6, ELOVL7, ENO1, ENO2, ENO3, ENO4, ENOPH1, EP300, EPHX1, ERFE, ERLIN1, ERLIN2, ERO1A, ERRFI1, ETFA, ETFB, ETFBKMT, ETFDH, FA2H, FAAH, FAAH2, FABP1, FABP2, FABP3, FABP5, FADS1, FADS2, FADS2B, FADS3, FADS6, FAH, FAHD1, FAHD2A, FAHD2B, FASN, FBP1, FGF19, FGFR4, FH, FKRP, FLCN, FMO1, FMO2, FMO4, FN3K, FOLR1, FOXK1, FOXK2, FPGS, FTCD, GAD1, GAD2, GADL1, GALK1, GAMT, GAPDH, GAPDHS, GATD1, GATM, GBA2, GCAT, GCDH, GCK, GCLC, GCLM, GCSH, GDF15, GGT1, GGT2P, GGT3P, GGT5, GGT6, GGT7, GGTA1, GGTLC1, GGTLC2, GGTLC3, GHSR, GIP, GIT1, GLDC, GLS, GLS2, GLUD1, GLUD2, GLUL, GLYAT, GLYATL1, GLYATL1B, GLYATL2, GNE, GNMT, GNPDA1, GNPDA2, GOT1, GOT1L1, GOT2, GPAM, GPAT4, GPD1, GPI, GPT, GPT2, GPX1, GPX4, GRHPR, GSTA1, GSTM1, GSTM2, GSTM4, GSTO1, GSTO2, GSTP1, GSTZ1, HAAO, HACD1, HACD2, HACD3, HACD4, HACL1, HADH, HADHA, HADHB, HAGH, HAL, HAO1, HAO2, HDAC4, HDC, HEMK2, HGD, HIBADH, HIBCH, HIF1A, HK1, HK2, HK3, HKDC1, HLCS, HMGCL, HMGCLL1, HNF4A, HNMT, HOGA1, HPD, HPDL, HPGD, HPGDS, HSD17B10, HSD17B12, HSD17B4, HSD17B8, HSD3B7, HTD2, HTR2A, HYI, HYKK, ICMT, IDH1, IDH2, IDH3A, IDH3B, IDH3G, IDO1, IDO2, IER3, IFNG, IGF1, IL1B, IL4I1, ILVBL, INS, INSIG1, INSIG2, INSR, IREB2, IRS1, IRS2, IVD, IYD, JMJD8, KAT2B, KGD4, KIT, KLHL25, KMO, KYAT1, KYAT3, KYNU, L2HGDH, LDHA, LDHAL6A, LDHAL6B, LDHB, LDHC, LDHD, LEP, LIAS, LIPA, LIPC, LIPF, LIPG, LOC102724560, LOC344967, LONP2, LPGAT1, LPIN1, LPIN2, LPIN3, LPL, LTA4H, LTC4S, LYPLA1, LYPLA2, MALRD1, MAPK14, MAPKAPK2, MAT1A, MBLAC2, MCAT, MCCC1, MCCC2, MCEE, MDH1, MDH1B, MDH2, ME1, ME2, ME3, MECP2, MECR, MFSD2A, MFSD8, MGAT4A, MGLL, MGST2, MGST3, MID1IP1, MIF, MIR132, MIR182, MIR185, MIR204, MIR21, MIR210, MIR30C1, MIR33A, MIR342, MIR548P, MIR766, MIR96, MLST8, MLXIPL, MLYCD, MMUT, MORC2, MPC2, MPST, MRI1, MRS2, MSMO1, MSRA, MTAP, MTHFD1, MTHFD1L, MTHFD2, MTHFD2L, MTHFR, MTHFS, MTLN, MTOR, MTR, MTRR, NAAA, NAGK, NAGS, NAIP, NANP, NANS, NAT8L, NCOR1, NDP, NDUFAB1, NIT2, NLRC4, NOS1, NOS2, NOS3, NOX4, NOXRED1, NPC1, NPL, NR1D1, NR1H2, NR1H3, NR1H4, NR5A2, NUDT19, NUDT7, NUDT8, NUPR1, OAT, OCA2, ODC1, OGDH, OGDHL, OGT, OLAH, OSBP, OSBPL1A, OSBPL2, OSBPL3, OSBPL6, OSBPL7, OSBPL9, OTC, OXSM, P2RX7, P4HB, PAH, PANK2, PANK4, PARK7, PC, PCBD1, PCBD2, PCCA, PCCB, PCK1, PCK2, PDHA1, PDHA2, PDHB, PDHX, PDK1, PDK2, PDK3, PDK4, PDXDC1, PDXDC2P-NPIPB14P, PECR, PEDS1, PER2, PEX13, PEX2, PEX5, PEX7, PFAS, PFKFB1, PFKFB2, PFKFB3, PFKL, PFKM, PFKP, PGAM1, PGAM2, PGAM4, PGK1, PGK2, PGM1, PHGDH, PHYH, PIBF1, PIPOX, PKLR, PKM, PLA2G10, PLA2G15, PLA2G1B, PLA2G2F, PLA2G3, PLA2G4A, PLA2G4B, PLA2G4C, PLA2G4D, PLA2G4F, PLA2G5, PLAA, PLIN5, PLOD2, PLOD3, PLP1, PM20D1, PNKD, PNLIP, PNLIPRP1, PNLIPRP2, PNLIPRP3, PNPLA3, PNPLA8, PON1, PON3, PPARA, PPARD, PPARG, PPARGC1A, PPM1K, PPP2CA, PRG3, PRKAA1, PRKAA2, PRKAB1, PRKAB2, PRKACA, PRKAG1, PRKAG2, PRKAG3, PRKAR2B, PRMT3, PRODH, PRODH2, PROX1, PRXL2B, PRXL2C, PSAT1, PSEN1, PSPH, PTGDS, PTGES, PTGES2, PTGES3, PTGIS, PTGR1, PTGR2, PTGS1, PTGS2, PYCARD, PYCR1, PYCR2, PYCR3, QDPR, QKI, QPRT, RBP1, RDH10, RENBP, RGN, RIDA, RIMKLA, RIMKLB, RPTOR, SARDH, SCAP, SCD, SCD5, SCLY, SCP2, SCPEP1, SDHA, SDHAF3, SDS, SDSL, SELENON, SEPHS1, SEPHS2, SERINC3, SERINC5, SESN2, SGPL1, SHMT1, SHMT2, SIRT1, SIRT2, SIRT4, SIRT6, SLC16A1, SLC16A3, SLC19A1, SLC1A3, SLC22A13, SLC23A1, SLC23A2, SLC25A16, SLC25A17, SLC25A2, SLC25A21, SLC25A32, SLC25A42, SLC25A44, SLC27A1, SLC27A2, SLC27A3, SLC27A4, SLC27A5, SLC27A6, SLC2A1, SLC2A3, SLC2A6, SLC34A1, SLC38A1, SLC39A8, SLC45A2, SLC45A3, SLC46A1, SLC4A1, SLC4A4, SLC5A6, SLC6A8, SLC7A11, SLC7A7, SMS, SNCA, SORD, SOX9, SRC, SRD5A2, SREBF1, SRR, ST3GAL1, ST6GAL1, STAR, STARD4, STAT3, SUCLA2, SUCLG2, SULT2A1, SYK, TAT, TBXAS1, TDO2, TECR, TECRL, TH, THAP4, THEM4, THEM5, THNSL2, TIGAR, TLR2, TNFRSF1A, TNXB, TP53, TPH1, TPH2, TPI1, TPK1, TREX1, TRIB3, TRIM63, TST, TTC36, TWIST1, TYR, TYRP1, TYSND1, UBR4, UCHL1, UCP2, UCP3, UEVLD, UGDH, UGP2, UGT1A1, UGT1A10, UGT1A3, UGT1A4, UGT1A6, UGT1A7, UGT1A8, UGT1A9, UGT2A1, UGT2A2, UPB1, UROC1, UROS, UST, VDAC1, VNN1, VNN2, WDTC1, XBP1, XYLB, ZBTB20, ZBTB7A
GO:0170033	L-amino acid metabolic process	167	7	1.64	0.00134	0.039411764705882354	AADAT, AASDHPPT, AASS, ACMSD, ADHFE1, ADI1, ADSS1, ADSS2, AFMID, AGMAT, AGXT, AGXT2, ALDH18A1, ALDH4A1, ALDH5A1, ALDH8A1, AMDHD1, APIP, ARG1, ARG2, ARHGAP11B, ASL, ASNS, ASNSD1, ASPA, ASPG, ASRGL1, ASS1, ATCAY, ATF4, ATP2B4, ATP7A, AUH, AZIN1, AZIN2, BCAT1, BCAT2, BHMT, BHMT2, BLOC1S6, CAD, CARNMT1, CARNS1, CBS, CDO1, CLN3, CPS1, CSAD, DAO, DCT, DDAH1, DDO, DGLUCY, DLST, EGLN2, ENOPH1, FAH, FPGS, FTCD, GAD1, GAD2, GCAT, GCDH, GCLC, GCLM, GGT1, GLS, GLS2, GLUD1, GLUD2, GLUL, GLYATL1, GLYATL1B, GNMT, GOT1, GOT1L1, GOT2, GPT, GPT2, GSTZ1, HAAO, HAL, HDC, HGD, HMGCL, HMGCLL1, HNMT, HPD, ICMT, IDO1, IDO2, IL4I1, ILVBL, IVD, IYD, KMO, KYAT1, KYAT3, KYNU, LOC102724560, MAT1A, MCCC1, MCCC2, MECP2, MIR21, MRI1, MSRA, MTAP, MTHFD1, MTHFD2L, MTHFR, MTHFS, MTR, MTRR, NAGS, NAT8L, NIT2, NOS1, NOS2, NOS3, NOXRED1, NR1H4, OAT, OCA2, ODC1, OTC, P4HB, PAH, PARK7, PCBD1, PCBD2, PFAS, PHGDH, PIPOX, PLOD2, PLOD3, PRODH, PRODH2, PSAT1, PSPH, PYCR1, PYCR2, PYCR3, QDPR, RIDA, RIMKLA, RIMKLB, SDS, SDSL, SERINC3, SERINC5, SHMT1, SHMT2, SIRT4, SLC38A1, SLC45A2, SLC7A11, SMS, SRR, TAT, TDO2, TH, THAP4, TTC36, TYR, UCP2, UROC1
GO:0035023	regulation of Rho protein signal transduction	86	5	0.85	0.00160	0.042	ABCA1, ABL1, ABL2, ABRA, ADGRG1, AKAP13, APOA1, APOC3, APOE, ARHGAP20, ARHGAP35, ARHGAP42, ARHGDIA, ARHGDIB, ARHGEF18, ARHGEF2, ARHGEF28, ARHGEF3, ARRB1, BCL6, BCR, CCDC125, CDC42SE1, CDC42SE2, COL3A1, CSNK1A1, CUL3, DLC1, DOCK10, DOCK11, DOCK6, DOCK7, DOCK8, DOCK9, EPS8, EPS8L1, EPS8L2, EPS8L3, ERBB2, F11R, F2R, F2RL1, FERMT2, FLCN, FLOT1, FXR1, GPR4, GPR55, HEG1, ITGA3, ITGB1, KANK1, KANK2, KCTD10, KCTD13, LPAR1, LPAR2, MCF2L, MET, MIR21, MIR223, MYO9B, MYOC, NET1, NRP1, OPHN1, PLXNB1, PRAG1, RAC1, RAF1, RALBP1, RASIP1, RIPOR1, RIPOR2, RIT2, ROBO1, RTN4R, SCAI, SEMA4D, STARD13, STARD8, STMN1, SYNPO2L, TAGAP, TEK, TNFAIP1
GO:0035024	negative regulation of Rho protein signal transduction	24	3	0.24	0.00163	0.042	ABL2, ARHGAP35, ARHGAP42, BCL6, CCDC125, CUL3, DLC1, FLCN, HEG1, ITGA3, ITGB1, KANK1, KCTD10, KCTD13, MET, MIR21, MIR223, MYOC, RASIP1, RIPOR1, RIPOR2, SCAI, STMN1, TNFAIP1
GO:0032259	methylation	223	8	2.19	0.00168	0.042	AKT1, ALKBH8, ANTKMT, ARMT1, AS3MT, ASH1L, ASMT, ASMTL, ATPSCKMT, BCDIN3D, BHMT, BHMT2, BUD23, CAMKMT, CARM1, CARNMT1, CMTR1, CMTR2, COMT, COMTD1, COQ3, COQ5, CSKMT, CYP1A2, DALRD3, DIMT1, DNMT1, DNMT3A, DNMT3B, DNMT3L, DOT1L, DPH5, ECE2, EEF1AKMT1, EEF1AKMT2, EEF1AKMT3, EEF1AKMT4, EEF1AKMT4-ECE2, EEF2KMT, EHMT1, EHMT2, EMG1, ETF1, ETFBKMT, EZH1, EZH2, FAM86B1, FAM86B2, FAM86C1P, FAM86C2P, FAM98A, FAM98B, FBL, FBLL1, FDXACB1, FTSJ1, FTSJ3, GAMT, GNMT, GSPT1, GTPBP3, HEMK1, HEMK2, HENMT1, HNMT, HSD17B10, ICMT, INMT, KMT2A, KMT2B, KMT2C, KMT2D, KMT5A, KMT5B, KMT5C, LARP7, LCMT1, LCMT2, MECOM, MEPCE, METTL1, METTL13, METTL14, METTL15, METTL15P1, METTL16, METTL18, METTL21A, METTL21C, METTL21EP, METTL22, METTL23, METTL24, METTL25, METTL25B, METTL2A, METTL2B, METTL3, METTL4, METTL5, METTL6, METTL8, METTL9, MGMT, MRM1, MRM2, MRM3, MTAP, MTO1, MTR, NDUFAF5, NDUFAF7, NNMT, NOP2, NSD1, NSD2, NSD3, NSUN2, NSUN3, NSUN4, NSUN5, NSUN6, NSUN7, NTMT1, NTMT2, PCIF1, PCMT1, PEMT, PNMT, PRDM1, PRDM10, PRDM11, PRDM12, PRDM13, PRDM14, PRDM15, PRDM16, PRDM2, PRDM4, PRDM5, PRDM6, PRDM7, PRDM8, PRDM9, PRMT1, PRMT2, PRMT3, PRMT5, PRMT6, PRMT7, PRMT8, PRMT9, RAB6A, RAMAC, RAMACL, RBM15, RBM15B, RNMT, RRP8, SAMTOR, SETD1A, SETD1B, SETD2, SETD3, SETD4, SETD5, SETD6, SETD7, SETD9, SETDB1, SETDB2, SETMAR, SLC25A26, SMYD1, SMYD2, SMYD3, SMYD4, SMYD5, SNRPB, SNRPD1, SNRPD2, SNRPD3, SNRPE, SNRPF, SNRPG, SPOUT1, SUV39H1, SUV39H2, TARBP1, TFB1M, TFB2M, TGS1, THADA, THUMPD2, THUMPD3, TMT1A, TMT1B, TPMT, TRDMT1, TRMO, TRMT1, TRMT10A, TRMT10B, TRMT10C, TRMT11, TRMT112, TRMT12, TRMT13, TRMT1L, TRMT2A, TRMT2B, TRMT44, TRMT5, TRMT6, TRMT61A, TRMT61B, TRMT9B, TYMS, TYW3, VCPKMT, WDR4, WDR6, ZCCHC4
GO:0031167	rRNA methylation	25	3	0.25	0.00184	0.043478260869565216	BUD23, DIMT1, EMG1, FBL, FBLL1, FDXACB1, FTSJ3, METTL15, METTL15P1, METTL16, METTL25B, METTL5, MRM1, MRM2, MRM3, NOP2, NSUN3, NSUN4, NSUN5, TFB1M, TFB2M, TRMT112, TRMT2B, TRMT61B, ZCCHC4
GO:0034330	cell junction organization	853	18	8.39	0.00193	0.043478260869565216	ABCC8, ABHD17A, ABHD17B, ABHD17C, ABI2, ABI3, ABL1, ACE, ACE2, ACHE, ACTB, ACTBL2, ACTG1, ACTL9, ACTN1, ACTN2, ACTN3, ACVRL1, ADAM10, ADD1, ADD2, ADGRB1, ADGRB3, ADGRF1, ADGRL3, ADNP, AFDN, AFG3L2, AGAP1, AGO2, AGRN, AGT, AJM1, AJUBA, AKT1, ALS2, AMIGO1, AMIGO2, AMIGO3, AMOT, ANAPC2, ANK2, ANK3, APBB2, APC, APLNR, APOD, APOE, APP, APPL1, ARC, ARF1, ARF4, ARF6, ARHGAP12, ARHGAP22, ARHGAP33, ARHGAP39, ARHGAP44, ARHGAP6, ARHGEF15, ARHGEF7, ARHGEF9, ARL2, ARMCX5-GPRASP2, ASAP1, ASIC1, ASIC2, BAIAP2, BCAN, BCL2, BCR, BDNF, BHLHA15, BMP6, BSN, C1QA, C1QB, C1QC, C1QL1, C1QL2, C1QL3, C3, C5AR1, CACNA1S, CACNA2D2, CACNA2D3, CACNB2, CACNB4, CACNG2, CADM4, CAMK1, CAMK2B, CAMKV, CAMSAP3, CAP1, CAP2, CAPRIN1, CAPRIN2, CAPZA1, CARMIL3, CASKIN1, CAST, CAV1, CBLN1, CBLN2, CBLN3, CBLN4, CC2D1A, CCM2, CD177, CD2AP, CD9, CDC20, CDC42, CDH1, CDH10, CDH11, CDH12, CDH13, CDH15, CDH17, CDH18, CDH19, CDH2, CDH20, CDH22, CDH24, CDH26, CDH3, CDH4, CDH5, CDH6, CDH7, CDH8, CDH9, CDHR3, CDK5, CDK5R1, CDKL5, CFL1, CHCHD10, CHD4, CHMP2B, CHRDL1, CHRFAM7A, CHRNA1, CHRNA7, CHRNB1, CHRNB2, CLASP1, CLASP2, CLDN1, CLDN10, CLDN11, CLDN14, CLDN15, CLDN16, CLDN17, CLDN18, CLDN19, CLDN2, CLDN20, CLDN22, CLDN23, CLDN24, CLDN25, CLDN3, CLDN34, CLDN4, CLDN5, CLDN6, CLDN7, CLDN8, CLDN9, CLN3, CLSTN1, CLSTN2, CLSTN3, CNKSR2, CNTN2, CNTN4, CNTN5, CNTN6, CNTNAP1, CNTNAP2, COL16A1, COL17A1, COL4A1, COL4A5, COLQ, CORO1C, CORO2B, CPNE6, CRB3, CRIPT, CRK, CRKL, CSF1R, CSK, CSMD2, CTNNA1, CTNNA2, CTNNB1, CTNND2, CTTN, CTTNBP2, CUX2, CX3CL1, CX3CR1, CXADR, CYFIP1, CYFIP2, DAAM1, DAB1, DAB2IP, DAG1, DAPK3, DBN1, DBNL, DCLK1, DCTN1, DHX36, DIP2A, DISC1, DIXDC1, DKK1, DLC1, DLG1, DLG4, DLG5, DLGAP3, DLGAP4, DMPK, DMTN, DNAJA3, DNER, DNM3, DOCK1, DOCK10, DOCK4, DOK7, DRD1, DRD2, DRP2, DSC1, DSCAM, DSG1, DSG2, DSG3, DSP, DST, DTNBP1, DUSP22, DUSP3, DVL1, ECT2, EEF2K, EFNA1, EFNA5, EFNB2, EFNB3, EGLN1, EIF4G1, ELFN1, ELFN2, ELMO1, ENAH, EPB41L3, EPB41L5, EPHA2, EPHA3, EPHA4, EPHA7, EPHB1, EPHB2, EPHB3, ERBB2, ERBB4, ERC1, ERC2, ESAM, EXT1, EZR, F11R, F2R, F2RL1, FAM107A, FARP1, FBF1, FBXO45, FCGR2B, FER, FERMT2, FGF13, FGF7, FGFR1, FILIP1, FKRP, FLCN, FLNA, FLOT1, FLRT1, FLRT2, FLRT3, FMN1, FN1, FNTA, FRMPD2, FRMPD4, FRRS1L, FSCN1, FYN, FZD1, FZD5, FZD9, GABRA1, GABRA2, GABRA3, GABRA4, GABRA5, GABRA6, GABRB2, GABRB3, GABRE, GABRG1, GABRG2, GABRG3, GAP43, GDF2, GDNF, GHRL, GHSR, GJA1, GJA10, GJA4, GJA5, GJB1, GJB2, GJB6, GJC1, GJD3, GLRB, GNA13, GNPAT, GPBAR1, GPC4, GPHN, GPM6A, GPM6B, GPR158, GPRASP3, GREM1, GRHL1, GRHL2, GRIA1, GRID1, GRID2, GRIN2B, GRIPAP1, GRM5, GRM6, HAPLN4, HDAC6, HDAC7, HEG1, HIP1R, HIPK1, HMCN2, HOMER1, HOPX, HRG, HTR4, ICAM5, IGF1R, IGSF11, IGSF21, IGSF9, IKBKB, IL10, IL10RA, IL17A, IL1B, IL1RAP, IL1RAPL1, IL1RAPL2, ILDR1, INA, INAVA, INS, INSR, INSYN1, IQSEC1, IQSEC2, IRX3, ITGA2, ITGA3, ITGA5, ITGA6, ITGAM, ITGB1, ITGB1BP1, ITGB3, ITGB4, ITPKA, JAM3, JUP, KCNJ8, KCNK13, KDR, KIF1A, KIF2C, KIF5B, KIFC3, KIRREL1, KIRREL3, KLK8, KY, L1CAM, LAMA3, LAMA5, LAMB2, LAMC1, LAMTOR2, LARGE1, LATS1, LDB1, LGI2, LGMN, LHFPL4, LILRB2, LIM2, LIMCH1, LIMS1, LIMS2, LIN7A, LIN7B, LIN7C, LINGO2, LINGO4, LMX1A, LNX1, LRFN1, LRFN2, LRFN3, LRFN4, LRFN5, LRIT3, LRP4, LRP8, LRRC24, LRRC4, LRRC4B, LRRC4C, LRRK2, LRRN1, LRRN3, LRRTM1, LRRTM2, LRRTM3, LRTM2, LSR, LZTS1, LZTS3, MACF1, MAP1B, MAP4K4, MAPK14, MAPRE2, MAPT, MARK1, MARVELD2, MARVELD3, MDGA1, MECP2, MEF2C, MESD, MICALL2, MIR105-1, MIR142, MIR30B, MIR431, MMP14, MPDZ, MPP7, MRTFB, MTMR2, MTSS1, MUSK, MYCBP2, MYLK3, MYO1C, MYO9A, MYOC, MYOT, NAE1, NCKIPSD, NECTIN1, NECTIN3, NEDD4, NEDD4L, NEDD8, NEDD9, NEFH, NEFL, NEGR1, NEURL1, NEUROD2, NF1, NF2, NFATC4, NFIA, NGEF, NLGN1, NLGN2, NLGN3, NLGN4X, NLGN4Y, NOS1AP, NPAS4, NPHP1, NPHP4, NPHS1, NPTN, NPTX1, NR1H4, NRCAM, NRG3, NRP1, NRP2, NRXN1, NRXN2, NTN1, NTNG1, NTNG2, NTRK1, NTRK2, NUMB, NUMBL, OCEL1, OCLN, OGT, OPHN1, OXT, OXTR, P2RX2, PAFAH1B1, PAK2, PAK3, PALM, PARD3, PARD6A, PARD6B, PATJ, PCDH17, PCDH8, PCDHB10, PCDHB11, PCDHB13, PCDHB14, PCDHB16, PCDHB2, PCDHB3, PCDHB4, PCDHB5, PCDHB6, PCDHB9, PCDHGC3, PCDHGC4, PCDHGC5, PCLO, PDCD6IP, PDLIM5, PDXP, PDZD11, PDZRN3, PEAK1, PECAM1, PERP, PFN1, PFN2, PHLDB2, PICK1, PIK3R1, PIN1, PIP5K1A, PIP5K1C, PKHD1, PKN2, PKP1, PKP2, PKP3, PKP4, PLEC, PLEKHA7, PLPPR4, PLXNA1, PLXNA2, PLXNA3, PLXNA4, PLXNB1, PLXNB2, PLXNB3, PLXNC1, PLXND1, POF1B, POLDIP2, POTEE, POTEF, POTEI, POTEJ, POTEKP, POU4F1, PPFIA1, PPFIA2, PPFIA3, PPFIA4, PPFIBP1, PPFIBP2, PPM1F, PPP1R9B, PRICKLE1, PRKACA, PRKCA, PRKCH, PRKCI, PRMT8, PRNP, PRRT1, PRTN3, PSEN1, PTEN, PTK2, PTK2B, PTK7, PTPN1, PTPN13, PTPN23, PTPRA, PTPRD, PTPRF, PTPRJ, PTPRK, PTPRO, PTPRS, PTPRT, PUM2, RAB13, RAB17, RAB29, RAB39B, RAB3A, RAB8B, RAC1, RAC3, RAMP2, RAP1A, RAP1B, RAP2A, RAPGEF1, RAPGEF2, RAPSN, RCC2, RDX, RELN, RER1, REST, RHOA, RHOB, RHOC, RHOD, RHOG, RIMS1, RIMS2, RIMS3, RIMS4, ROBO2, ROCK1, ROCK2, ROR2, RPS6KA5, RTN4, RTN4R, RYK, S100A10, S1PR2, SARM1, SDC4, SDCBP, SDF4, SDK1, SDK2, SEMA3E, SEMA3F, SEMA4A, SEMA4C, SEMA4D, SEMA7A, SENP1, SEPTIN11, SETD5, SEZ6, SEZ6L, SEZ6L2, SFRP1, SH3BP1, SHANK1, SHANK2, SHANK3, SHISA6, SHISA7, SIGMAR1, SIPA1L1, SIX1, SIX4, SLC12A5, SLC18A3, SLC1A1, SLC25A46, SLC30A1, SLC39A9, SLC6A1, SLC7A11, SLC8A2, SLC8A3, SLC9A1, SLIT1, SLITRK1, SLITRK2, SLITRK3, SLITRK4, SLITRK5, SLITRK6, SLK, SMAD3, SMAD7, SNAI1, SNAI2, SNAP25, SNAPIN, SNCA, SNCB, SNCG, SNTA1, SNX27, SORBS1, SORT1, SPARC, SPARCL1, SPG11, SPOCK2, SPTB, SPTBN2, SPTBN4, SRC, SRCIN1, SRF, SRGAP2, SRGAP2B, SRGAP2C, SRPX2, SSH1, ST8SIA2, STAU1, STAU2, STK38, STK38L, STON1, STRN, STRN4, SVEP1, SYBU, SYN1, SYN2, SYN3, SYNDIG1, SYNGAP1, SYNPO, TANC1, TANC2, TAOK2, TBCD, TBX5, TEK, TENM4, TESK2, TGFB1, TGFB2, TGFB3, TGFBR1, THBS1, THBS2, THSD1, THY1, TIAM1, TJP1, TJP2, TJP3, TLN1, TLN2, TLR2, TMEM108, TMIGD1, TNC, TNF, TNR, TNS1, TPBG, TREM2, TRIM47, TRIP6, TRPV4, TSC1, TUBA1A, TUBB, UBE2M, UBE3A, UBE3B, UGT8, VCL, VCP, VEGFA, VLDLR, VMP1, VPS35, VSIG10, VSTM5, WASF1, WASF2, WASF3, WASL, WDPCP, WDR1, WHAMM, WHRN, WNT11, WNT3A, WNT4, WNT5A, WNT7A, WNT7B, XIRP2, YWHAZ, ZC4H2, ZDHHC12, ZDHHC15, ZDHHC17, ZDHHC2, ZDHHC8, ZMYND8, ZNF365, ZNF703, ZNF804A
GO:0006520	amino acid metabolic process	283	9	2.78	0.00200	0.043478260869565216	AADAT, AARS1, AARS2, AARSD1, AASDH, AASDHPPT, AASS, ABAT, ACAD8, ACADSB, ACAT1, ACCS, ACCSL, ACMSD, ACY1, ADHFE1, ADI1, ADSS1, ADSS2, AFMID, AGMAT, AGXT, AGXT2, ALDH18A1, ALDH1A1, ALDH4A1, ALDH5A1, ALDH6A1, ALDH8A1, AMDHD1, AMT, APIP, ARG1, ARG2, ARHGAP11B, ART4, ASL, ASNS, ASNSD1, ASPA, ASPG, ASRGL1, ASS1, ATCAY, ATF4, ATP2B4, ATP7A, AUH, AZIN1, AZIN2, BAAT, BCAT1, BCAT2, BCKDHA, BCKDHB, BCKDK, BHMT, BHMT2, BLMH, BLOC1S6, BPHL, CAD, CARNMT1, CARNS1, CARS1, CARS2, CBS, CDO1, CLN3, CPS1, CRYM, CSAD, CTH, CTNS, DALRD3, DAO, DAOA, DARS1, DARS2, DBT, DCT, DDAH1, DDC, DDO, DGLUCY, DIO1, DLD, DLST, DPEP1, DPYD, EARS2, ECHS1, EGLN2, ENOPH1, ENOSF1, EPRS1, ETFA, ETFB, FAH, FARS2, FARSA, FARSB, FH, FPGS, FTCD, GAD1, GAD2, GARS1, GATB, GATC, GCAT, GCDH, GCLC, GCLM, GCSH, GGT1, GGT5, GLDC, GLS, GLS2, GLUD1, GLUD2, GLUL, GLYAT, GLYATL1, GLYATL1B, GNMT, GOT1, GOT1L1, GOT2, GPT, GPT2, GSS, GSTZ1, HAAO, HAL, HAO1, HARS1, HARS2, HDC, HGD, HIBADH, HIBCH, HMGCL, HMGCLL1, HNF4A, HNMT, HOGA1, HPD, HPDL, HSD17B10, HYKK, IARS1, IARS2, ICMT, IDO1, IDO2, IL4I1, ILVBL, INS, IVD, IYD, KARS1, KMO, KYAT1, KYAT3, KYNU, LARS1, LARS2, LOC102724560, LRRC47, MARS1, MARS2, MAT1A, MCCC1, MCCC2, MECP2, MIR21, MMUT, MPST, MRI1, MSRA, MTAP, MTHFD1, MTHFD2L, MTHFR, MTHFS, MTR, MTRR, NAGS, NARS1, NARS2, NAT8L, NDP, NIT2, NOS1, NOS2, NOS3, NOX4, NOXRED1, NR1H4, OAT, OCA2, ODC1, OTC, P4HB, PAH, PARK7, PARS2, PCBD1, PCBD2, PCCA, PCCB, PEPD, PFAS, PHGDH, PIPOX, PLOD2, PLOD3, PM20D1, PPM1K, PRODH, PRODH2, PSAT1, PSPH, PTS, PYCR1, PYCR2, PYCR3, QARS1, QDPR, QRSL1, RARS1, RARS2, RIDA, RIMKLA, RIMKLB, SARDH, SARS1, SARS2, SCLY, SDS, SDSL, SEPHS1, SEPHS2, SERINC3, SERINC5, SHMT1, SHMT2, SIRT4, SLC16A2, SLC1A3, SLC25A2, SLC25A21, SLC25A44, SLC38A1, SLC39A8, SLC45A2, SLC7A11, SLC7A7, SMS, SRR, TARS1, TARS2, TARS3, TAT, TDO2, TH, THAP4, THNSL2, TPH1, TPH2, TTC36, TYR, UCP2, UPB1, UROC1, VARS1, VARS2, WARS1, WARS2, YARS1, YARS2
GO:0048513	animal organ development	3101	46	30.51	0.00222	0.0452	A2M, AARS1, AATK, ABAT, ABCA12, ABCA3, ABCB5, ABCB6, ABCC9, ABHD15, ABI2, ABL1, ABLIM1, ACACB, ACADM, ACAT1, ACE, ACER1, ACHE, ACO2, ACP4, ACP5, ACTA1, ACTA2, ACTB, ACTC1, ACTG2, ACTL6A, ACTN2, ACTN3, ACVR1, ACVR1B, ACVR2A, ACVR2B, ACVRL1, ADA, ADAM10, ADAM15, ADAM17, ADAM18, ADAM19, ADAM2, ADAM20, ADAM21, ADAM29, ADAM30, ADAM32, ADAM8, ADAM9, ADAMTS1, ADAMTS12, ADAMTS16, ADAMTS18, ADAMTS19, ADAMTS2, ADAMTS5, ADAMTS6, ADAMTS7, ADAMTS9, ADAMTSL2, ADAP2, ADARB1, ADGRB1, ADGRG1, ADGRG6, ADGRV1, ADIPOQ, ADIPOR1, ADM, ADPRHL1, ADRA1A, ADRB2, AFF2, AFG2A, AFP, AGO4, AGR2, AGT, AGTPBP1, AGTR1, AGTR2, AHDC1, AHI1, AHSG, AIM2, AIMP2, AIRE, AJAP1, AK8, AKAP13, AKAP6, AKIRIN1, AKIRIN2, AKNA, AKR1B1, AKR1C3, AKT1, AKT2, AKT3, ALDH1A2, ALDH1A3, ALK, ALKBH1, ALOX12, ALOX12B, ALOX15, ALOX15B, ALOX5, ALOXE3, ALPK2, ALPK3, ALPL, ALX1, ALX3, ALX4, AMBN, AMELX, AMELY, AMER1, AMH, AMHR2, AMIGO1, AMIGO2, AMIGO3, AMPD2, AMTN, ANAPC7, ANG, ANGPT1, ANGPT2, ANGPTL7, ANHX, ANK2, ANKH, ANKRD1, ANKRD11, ANKRD2, ANKRD24, ANKRD33, ANKS6, ANO6, ANP32B, ANXA1, ANXA2, ANXA3, AP1B1, AP2B1, AP3B1, APAF1, APC, APCDD1, APELA, APH1A, APLF, APLN, APLNR, APLP1, APOA1, APOA2, APOD, APP, AQP1, AQP11, AQP2, AQP3, AQP5, AQP6, AR, ARB2A, ARCN1, AREG, ARF6, ARG2, ARHGAP11B, ARHGAP35, ARHGAP5, ARHGEF15, ARID2, ARID4A, ARID4B, ARID5A, ARID5B, ARL13B, ARL3, ARMC5, ARNT, ARNT2, ARRB2, ARRDC3, ARSG, ARTN, ARX, ASAH1, ASB1, ASB2, ASCL1, ASCL2, ASCL3, ASCL4, ASH1L, ASNSD1, ASPM, ASPN, ASPRV1, ASS1, ASXL1, ASXL2, ASXL3, ATAT1, ATF2, ATF3, ATF4, ATF5, ATF6, ATG16L1, ATG4B, ATG5, ATG9A, ATG9B, ATIC, ATM, ATN1, ATOH1, ATOH7, ATP1A2, ATP1B2, ATP2B1, ATP2B2, ATP2B4, ATP2C2, ATP5PB, ATP5PF, ATP6AP1, ATP6V1B1, ATP7A, ATP7B, ATP8A2, ATP8B1, ATRAID, ATRN, ATRX, ATXN1, ATXN1L, AURKA, AVPR1A, AVPR2, AXIN2, AXL, B2M, B3GLCT, B4GALNT2, B4GALT2, B9D1, BAAT, BAD, BAG6, BAK1, BAMBI, BARHL1, BARHL2, BARX1, BARX2, BASP1, BAX, BBLN, BBS1, BBS10, BBS2, BBS4, BBS5, BBS7, BBX, BCAN, BCAR3, BCAS2, BCL11B, BCL2, BCL2L1, BCL2L11, BCL2L2, BCL3, BCL9, BCL9L, BCOR, BCR, BFSP1, BFSP2, BGLAP, BGN, BHLHA15, BHLHE22, BHLHE23, BICC1, BIK, BIN3, BIRC2, BIRC6, BIRC7, BLOC1S3, BLOC1S5, BLOC1S6, BMAL1, BMERB1, BMI1, BMP1, BMP10, BMP2, BMP2K, BMP3, BMP4, BMP5, BMP6, BMP7, BMP8A, BMP8B, BMPER, BMPR1A, BMPR1B, BMPR2, BNC2, BNIP3, BOK, BORCS8, BORCS8-MEF2B, BPNT2, BPTF, BRAF, BRCA2, BRINP1, BRIP1, BSG, BSX, BTBD1, BTBD3, BTBD7, BTG2, BTRC, C12orf57, C1GALT1, C1QTNF5, C21orf91, C2CD3, CA10, CABP4, CACNA1C, CACNA1G, CACNA1H, CACNA1S, CACNB4, CACYBP, CAD, CADM1, CALB1, CALCRL, CALM1, CALM2, CALM3, CALR, CAPN1, CAPN3, CASP14, CASP2, CASP3, CASP5, CASP7, CASP8, CASP9, CASQ1, CASR, CAT, CAV1, CAV2, CAV3, CAVIN4, CBL, CBLN1, CBS, CBY1, CC2D2A, CCBE1, CCDC134, CCDC14, CCDC141, CCDC154, CCDC182, CCDC39, CCDC40, CCDC85C, CCKAR, CCKBR, CCL11, CCL2, CCL3, CCM2, CCM2L, CCN1, CCN2, CCN3, CCN4, CCNA2, CCNB2, CCND1, CCNF, CCNT2, CCR1, CD109, CD164, CD24, CD248, CD2AP, CD34, CD3E, CD44, CDC40, CDC42, CDH1, CDH11, CDH17, CDH2, CDH23, CDH3, CDK1, CDK20, CDK5, CDK5R1, CDK5R2, CDK5RAP1, CDK5RAP2, CDK5RAP3, CDK6, CDKN1A, CDKN1B, CDKN1C, CDKN2B, CDO1, CDON, CDSN, CDX1, CDX2, CDX4, CEACAM1, CEBPA, CEBPB, CEBPD, CEBPG, CECR2, CELA1, CELF4, CELSR1, CELSR2, CEMP1, CEND1, CENPF, CEP120, CEP290, CER1, CERS3, CERT1, CFAP43, CFC1, CFC1B, CFL2, CFLAR, CFTR, CGA, CHAD, CHADL, CHD2, CHD5, CHD7, CHD8, CHI3L1, CHKB, CHODL, CHRDL1, CHRDL2, CHRNA1, CHRNA10, CHRNA9, CHRNB2, CHRND, CHST11, CHSY1, CIC, CIMAP3, CITED1, CITED2, CKB, CLASP1, CLASP2, CLCN2, CLDN1, CLDN18, CLDN19, CLDN4, CLDN5, CLEC3B, CLIC4, CLN5, CLN8, CLOCK, CLP1, CLRN1, CLRN2, CLUAP1, CMA1, CNFN, CNMD, CNNM4, CNP, CNTF, CNTFR, CNTN1, CNTN2, CNTN4, CNTN5, CNTNAP1, CNTNAP2, CNTRL, COA5, COBL, COL11A1, COL11A2, COL13A1, COL14A1, COL18A1, COL19A1, COL1A1, COL1A2, COL27A1, COL2A1, COL3A1, COL4A1, COL4A3, COL4A4, COL5A1, COL5A2, COL5A3, COL6A1, COL6A3, COL8A1, COL8A2, COL9A1, COMP, COMT, COPRS, COPS2, COQ8B, CORO1C, COX6B1, CPAMD8, CPB2, CPE, CPLANE2, CPS1, CPT1A, CRB1, CRB2, CREB1, CREB3L2, CRELD1, CRH, CRHR1, CRIP1, CRIPTO, CRIPTO3, CRISPLD2, CRK, CRKL, CRLF1, CRX, CRYAA, CRYAB, CRYBA1, CRYBA2, CRYBA4, CRYBB1, CRYBB2, CRYBB3, CRYBG3, CRYGA, CRYGB, CRYGC, CRYGD, CRYGN, CRYGS, CSDE1, CSF1, CSF1R, CSF2, CSF3R, CSGALNACT1, CSH1, CSH2, CSHL1, CSMD1, CSN2, CSN3, CSNK1D, CSNK2A2, CSRNP1, CSRP3, CSTA, CTC1, CTCF, CTDP1, CTF1, CTHRC1, CTNNA1, CTNNA2, CTNNB1, CTNNBIP1, CTNS, CTSB, CTSH, CTSK, CTSZ, CUL1, CUL3, CUL7, CWH43, CX3CR1, CXADR, CXCL10, CXCL12, CXCL8, CXCR2, CXCR4, CXCR5, CYP19A1, CYP1A1, CYP1A2, CYP1B1, CYP26A1, CYP26B1, CYP26C1, CYP27B1, CYP4A11, CYP4A22, CYP7B1, CYSRT1, CYTL1, DAB1, DAB2, DAB2IP, DACT2, DACT3, DAG1, DAND5, DAW1, DAZAP1, DCAF13, DCANP1, DCHS1, DCHS2, DCLK1, DCLK2, DCN, DCT, DCTN5, DCX, DDC, DDIT4, DDR1, DDR2, DDRGK1, DDX17, DDX5, DEAF1, DEDD, DES, DGAT2, DGCR2, DGCR6, DHCR24, DHH, DHRS3, DHRS7B, DHX36, DHX37, DIAPH3, DIO3, DIPK2A, DISC1, DISP1, DIXDC1, DKK1, DKK3, DKK4, DLC1, DLG1, DLG5, DLL1, DLL3, DLL4, DLX1, DLX2, DLX3, DLX5, DLX6, DMBX1, DMC1, DMD, DMP1, DMRT1, DMRT3, DMRTA1, DMRTA2, DNAAF1, DNAAF11, DNAAF19, DNAAF3, DNAAF4, DNAH11, DNAH5, DNAI1, DNAJB1, DNAJB6, DNAJC19, DNAJC30, DNASE1L2, DNER, DNMT3L, DOCK7, DPCD, DPF3, DPPA4, DRAM2, DRAXIN, DRC1, DRD1, DRD2, DSC1, DSCAM, DSCAML1, DSG2, DSG4, DSP, DSPP, DTNBP1, DUSP6, DVL1, DVL2, DYM, DYNC2H1, DYNC2I1, DYNLL1, DYRK1B, DZANK1, DZIP1, E2F1, E2F4, E2F5, E2F7, E2F8, EAF2, EBF2, EBP, ECE1, ECM1, EDA, EDAR, EDN1, EDN2, EDN3, EDNRA, EDNRB, EEF1AKMT4-ECE2, EFEMP1, EFEMP2, EFHC1, EFNA1, EFNA2, EFNB1, EFNB2, EGF, EGFR, EGLN1, EGR1, EGR2, EGR3, EID2, EID2B, EIF2AK3, EIF2B2, EIF2B4, EIF2B5, EIF2S2, EIF4A3, EIF4G1, EIF4G2, ELAVL4, ELF3, ELK1, ELL3, ELMOD3, ELN, ELOVL1, EMD, EMILIN1, EML1, EMP2, EMX1, EMX2, EN1, EN2, ENAM, ENG, ENPEP, ENPP1, EOMES, EP300, EPAS1, EPB41L5, EPB42, EPCAM, EPHA2, EPHA3, EPHA4, EPHA5, EPHA7, EPHB1, EPHB2, EPHB3, EPHB4, EPN1, EPOR, EPYC, ERBB2, ERBB3, ERBB4, ERCC1, ERCC2, ERCC3, EREG, ERO1A, ERRFI1, ESR1, ESRP1, ESRP2, ESRRB, ETNK2, ETV1, ETV2, ETV4, ETV7, EVC, EVL, EVPL, EXOC4, EXPH5, EXT1, EXT2, EXTL3, EYA1, EYA4, EZH1, EZH2, F7, FA2H, FADD, FAIM2, FAM20A, FAM20C, FAM83D, FAM83H, FANCA, FANCC, FANCD2, FANCG, FASLG, FASN, FAT1, FAT3, FAT4, FBN1, FBN2, FBXL15, FBXL17, FBXO11, FBXO22, FBXO45, FBXO5, FBXW11, FBXW7, FBXW8, FCGR2B, FEM1B, FER, FERMT1, FERMT2, FES, FEZ1, FEZF1, FEZF2, FGD1, FGF1, FGF10, FGF12, FGF13, FGF16, FGF18, FGF19, FGF2, FGF20, FGF23, FGF3, FGF4, FGF6, FGF7, FGF8, FGF9, FGFR1, FGFR2, FGFR3, FGFRL1, FGL1, FGR, FHL1, FHL2, FHL3, FHOD3, FJX1, FKBP1A, FKBP4, FKBP8, FKRP, FKTN, FLCN, FLG, FLG2, FLI1, FLNA, FLNB, FLOT1, FLRT2, FLRT3, FLT1, FLT3, FLT3LG, FLT4, FLVCR1, FMN1, FMR1, FN1, FNDC3A, FOLR1, FOS, FOSL1, FOSL2, FOXA1, FOXA2, FOXB1, FOXC1, FOXC2, FOXD1, FOXE1, FOXE3, FOXF1, FOXF2, FOXG1, FOXH1, FOXI1, FOXI3, FOXJ1, FOXK1, FOXL1, FOXL2, FOXN1, FOXN2, FOXN3, FOXN4, FOXO3, FOXO4, FOXP1, FOXP2, FOXQ1, FOXR1, FPGS, FRAS1, FREM1, FREM2, FRG1, FRS2, FRZB, FSCN2, FSHB, FSHR, FST, FTO, FUT1, FUT10, FUZ, FXR1, FXR2, FYN, FZD1, FZD2, FZD3, FZD4, FZD5, FZD6, FZD7, FZD9, FZR1, G6PD, GAA, GABRA5, GABRB2, GAL, GALNT11, GAMT, GART, GAS2, GAS6, GAS8, GATA1, GATA2, GATA3, GATA4, GATA5, GATA6, GBA1, GBX2, GCM1, GCM2, GCNT1, GCNT2, GCNT3, GCNT4, GDF10, GDF11, GDF2, GDF3, GDF5, GDF6, GDF7, GDF9, GDNF, GFER, GFRA1, GGNBP2, GH1, GH2, GHR, GHRH, GHRHR, GHRL, GHSR, GIP, GIPR, GIT1, GIT2, GJA1, GJA5, GJA8, GJB2, GJB3, GJB5, GJB6, GJC1, GJE1, GLG1, GLI1, GLI2, GLI3, GLIPR2, GLIS2, GLUD1, GMNN, GMPPA, GNA11, GNAS, GNAT1, GNAT2, GNB1, GNB4, GNG8, GNGT1, GNPAT, GNRH1, GORAB, GPAT4, GPC1, GPC3, GPCPD1, GPER1, GPLD1, GPM6A, GPM6B, GPR149, GPR158, GPR37L1, GPR4, GPR68, GPX1, GPX4, GRB2, GREB1L, GREM1, GRHL1, GRHL2, GRHL3, GRIA1, GRID2, GRIN1, GRIN2A, GRIN2B, GRIN2C, GRIN2D, GRK2, GRM6, GRXCR1, GRXCR2, GSC, GSDME, GSK3A, GSK3B, GSX1, GSX2, GTF3C5, GUCD1, GYS1, GZF1, H1-5, H2AJ, H2AX, H2BC12L, H3-3A, H3-3B, HACD1, HAND1, HAND2, HAP1, HAS2, HBEGF, HCCS, HCN1, HCN4, HDAC1, HDAC2, HDAC3, HDAC9, HDGFL2, HECA, HECTD1, HEG1, HELLS, HERC1, HES1, HES5, HESX1, HEXIM1, HEY1, HEY2, HEYL, HGF, HHIP, HIF1A, HIKESHI, HIPK1, HIPK2, HIVEP3, HK2, HLF, HLX, HMG20B, HMGA2, HMGB2, HMGCS2, HMGN1, HMX2, HMX3, HNF1A, HNF1B, HNRNPAB, HNRNPD, HNRNPU, HOMER1, HOOK3, HOPX, HOXA1, HOXA10, HOXA11, HOXA13, HOXA2, HOXA3, HOXA4, HOXA5, HOXA7, HOXA9, HOXB1, HOXB13, HOXB2, HOXB3, HOXB4, HOXB5, HOXB6, HOXB7, HOXB8, HOXB9, HOXC11, HOXC13, HOXC4, HOXC8, HOXC9, HOXD10, HOXD11, HOXD13, HOXD3, HOXD4, HOXD8, HOXD9, HPCA, HPGD, HPN, HPRT1, HPSE, HRAS, HRNR, HS2ST1, HS3ST3A1, HS3ST3B1, HS6ST1, HSCB, HSD11B1, HSD17B1, HSD17B2, HSD17B3, HSD17B4, HSF4, HSP90AB1, HSPA5, HSPB7, HSPG2, HTN1, HTN3, HTR2B, HTR5A, HTR6, HTRA1, HTRA2, HYAL1, HYAL2, HYAL3, HYDIN, IBSP, ID2, ID3, ID4, IDH1, IER3IP1, IFITM5, IFT122, IFT140, IFT172, IFT20, IFT25, IFT27, IFT52, IFT57, IFT74, IFT80, IFT88, IGF1, IGF1R, IGF2, IGF2BP1, IGF2R, IGFBP5, IGSF3, IGSF8, IHH, IL10, IL13, IL15, IL17A, IL17F, IL17RD, IL18, IL1A, IL1B, IL20, IL3, IL6, IL6R, IL7, IL7R, ILDR2, ILK, IMMP2L, IMPG2, INA, ING2, INHA, INHBA, INHBB, INPPL1, INSIG1, INSIG2, INSL3, INSM1, INSR, INTU, INVS, IQCB1, IQGAP1, IQGAP3, IRF6, IRS2, IRX1, IRX2, IRX3, IRX4, IRX5, ISG15, ISL1, ITGA11, ITGA2, ITGA3, ITGA6, ITGA7, ITGA8, ITGAM, ITGAX, ITGB1, ITGB1BP1, ITGB1BP2, ITGB3, ITGB4, ITGB6, ITGB8, IVL, JAG1, JAG2, JAK2, JARID2, JHY, JMJD6, JPH1, JPH2, JUNB, JUP, KANK2, KAT2A, KAT2B, KAT8, KAZN, KBTBD8, KCNA1, KCNA2, KCNA3, KCNC1, KCNC2, KCNE1, KCNE2, KCNJ11, KCNJ8, KCNK2, KCNK3, KCNQ1, KCNQ4, KDF1, KDM1A, KDM2B, KDM4B, KDM5B, KDM6A, KDM6B, KDM7A, KDR, KEL, KERA, KIF14, KIF18A, KIF26A, KIF26B, KIF27, KIRREL3, KIT, KITLG, KL, KLF10, KLF15, KLF2, KLF4, KLF5, KLF7, KLHL1, KLHL10, KLHL12, KLHL3, KLHL40, KLHL41, KLK4, KLK5, KMT2A, KMT5B, KNDC1, KRAS, KRT1, KRT10, KRT12, KRT14, KRT16, KRT17, KRT19, KRT2, KRT25, KRT27, KRT28, KRT3, KRT36, KRT4, KRT5, KRT6A, KRT6B, KRT6C, KRT7, KRT71, KRT72, KRT73, KRT74, KRT75, KRT76, KRT77, KRT78, KRT79, KRT8, KRT80, KRT81, KRT82, KRT83, KRT84, KRT85, KRT86, KRT9, KRTAP6-1, KRTAP6-2, KRTAP6-3, KY, LAMA1, LAMA2, LAMA5, LAMB1, LAMB2, LAMC3, LARGE1, LATS1, LATS2, LBH, LBX1, LCE1A, LCE1B, LCE1C, LCE1D, LCE1E, LCE1F, LCE2A, LCE2B, LCE2C, LCE2D, LCE3A, LCE3B, LCE3C, LCE3D, LCE3E, LCE4A, LCE5A, LCE6A, LCE7A, LCP1, LCTL, LDB1, LDB2, LDB3, LDHA, LDLRAD4, LDOC1, LEF1, LEFTY1, LEMD2, LENEP, LEP, LEPR, LFNG, LGR4, LGR5, LHB, LHCGR, LHFPL5, LHX1, LHX2, LHX3, LHX4, LHX5, LHX6, LHX8, LHX9, LIF, LILRB1, LIM2, LIMK2, LIMS2, LIN28A, LIN7A, LIPA, LIPK, LIPM, LIPN, LMNA, LMO4, LMOD3, LMX1A, LNPK, LOC102724560, LORICRIN, LOX, LOXL2, LOXL3, LPAR1, LPCAT1, LPIN1, LPL, LRG1, LRIG1, LRIG3, LRP10, LRP2, LRP4, LRP5, LRP6, LRP8, LRRC10, LRRC17, LRRK1, LRRK2, LSM14B, LSR, LTA, LTA4H, LTB, LTBP3, LTBR, LTF, LUC7L, LUZP1, LY6H, LZTS2, MAB21L1, MAB21L2, MACO1, MACROD2, MACROH2A1, MACROH2A2, MAD1L1, MAD2L2, MAF, MAFB, MAFF, MAG, MAGED1, MAGI2, MAML1, MAMLD1, MAN1A2, MAN2A1, MAOB, MAP1S, MAP2K1, MAP2K2, MAP2K3, MAP2K4, MAP2K5, MAP2K6, MAP3K4, MAPK1, MAPK11, MAPK12, MAPK14, MAPK3, MAPKAP1, MAPKAPK2, MARK1, MAS1, MAST1, MATCAP1, MATN1, MATN3, MATR3, MAX, MB, MBD1, MBD2, MBD3, MBOAT2, MBOAT7, MBP, MBTPS2, MCM2, MCOLN3, MCPH1, MCRIP1, MCUB, MDFI, MDGA1, MDK, MDM1, MDM2, MDM4, MEA1, MECP2, MED1, MED12, MED20, MEF2A, MEF2B, MEF2C, MEF2D, MEGF10, MEGF11, MEGF8, MEIS1, MEIS2, MEIS3, MEIS3P1, MEOX1, MEOX2, MEPE, MERTK, MESP1, MESP2, MET, METTL14, METTL21C, METTL3, MEX3C, MFAP2, MFAP5, MFN2, MFRP, MFSD2A, MFSD8, MGARP, MGP, MGRN1, MIB1, MICAL2, MIGA2, MINAR2, MINK1, MINPP1, MIP, MIR1-1, MIR125A, MIR125B1, MIR130A, MIR133A1, MIR138-1, MIR142, MIR143, MIR144, MIR145, MIR149, MIR16-1, MIR17, MIR17HG, MIR18A, MIR195, MIR199A1, MIR199B, MIR19A, MIR19B1, MIR200B, MIR202, MIR204, MIR208A, MIR20A, MIR21, MIR221, MIR222, MIR23A, MIR24-1, MIR25, MIR29B1, MIR302B, MIR326, MIR342, MIR372, MIR379, MIR499A, MIR509-1, MIR519D, MIR541, MIR548C, MIR573, MIR590, MIR873, MITF, MIXL1, MKKS, MKS1, MKX, MME, MMP12, MMP13, MMP14, MMP16, MMP17, MMP19, MMP2, MMP20, MMP21, MMP9, MNAT1, MNX1, MOSMO, MOSPD3, MPST, MPV17, MRTFB, MSC, MSH2, MSH4, MSN, MSTN, MSX1, MSX2, MT-CO1, MT-CO2, MT-CYB, MT-ND4, MTCO2P12, MTERF4, MTHFD1, MTHFD1L, MTM1, MTNR1B, MTOR, MTPN, MTSS1, MTX1, MUSTN1, MYBPC3, MYC, MYCL, MYCN, MYD88, MYF5, MYF6, MYH11, MYH14, MYH15, MYH3, MYH6, MYH7, MYL11, MYL2, MYL3, MYL6, MYL6B, MYL7, MYLK, MYLK2, MYLK3, MYMK, MYMX, MYO15A, MYO16, MYO18B, MYO1E, MYO3A, MYO3B, MYO6, MYO7A, MYO7B, MYOC, MYOCD, MYOD1, MYOG, MYOM1, MYOM2, MYORG, MYOZ1, MYOZ2, MYSM1, NAB1, NAB2, NACA, NAGLU, NANOS1, NAPA, NARS1, NASP, NBR1, NCAM1, NCLN, NCOA1, NCOA2, NCOA3, NCOA4, NCOA6, NCOR2, NCSTN, NDE1, NDEL1, NDNF, NDP, NDRG2, NDRG4, NDST1, NDUFS3, NDUFS4, NDUFV2, NEB, NEBL, NECTIN1, NECTIN3, NEFL, NEGR1, NEK8, NELL1, NES, NEURL1, NEUROD1, NEUROD2, NEUROD4, NEUROD6, NEUROG1, NEUROG2, NEUROG3, NF1, NF2, NFASC, NFATC1, NFATC2, NFATC4, NFIA, NFIB, NFKB1, NFKB2, NFKBIZ, NGFR, NHERF1, NHLH2, NHS, NID1, NIN, NIPBL, NKD1, NKIRAS1, NKIRAS2, NKX2-1, NKX2-2, NKX2-3, NKX2-5, NKX2-6, NKX2-8, NKX3-1, NKX3-2, NKX6-1, NKX6-2, NLE1, NLGN4X, NLN, NME1, NME2, NME5, NME7, NNAT, NNMT, NODAL, NOG, NOLC1, NOM1, NOMO1, NOMO3, NOS3, NOTCH1, NOTCH2, NOTCH2NLA, NOTCH2NLB, NOTCH2NLC, NOTCH3, NOTCH4, NOTO, NOTUM, NOX3, NOX4, NPC1, NPHP1, NPHP3, NPHP4, NPHS1, NPHS2, NPNT, NPPA, NPPB, NPPC, NPR2, NPRL3, NPY, NPY1R, NPY2R, NPY5R, NR0B1, NR0B2, NR1D2, NR1H4, NR2E1, NR2E3, NR2F2, NR3C1, NR4A1, NR4A2, NR4A3, NR5A1, NR5A2, NRAP, NRCAM, NRG1, NRG2, NRG3, NRIP1, NRL, NRP1, NRP2, NRTN, NRXN1, NSD2, NSDHL, NSUN2, NSUN5, NTF4, NTN1, NTN4, NTRK1, NTRK2, NTRK3, NUDT1, NUMA1, NUMB, NUMBL, NUP107, NUP133, NUP160, NUP85, NUPR1, OAS2, OBSL1, OC90, ODAD2, ODAD3, ODAD4, ODAM, ODAPH, ODC1, OGDH, OGN, OLFM1, OLFM3, OLIG1, OLIG2, OLIG3, ONECUT1, ONECUT2, OPHN1, OPN3, OPN4, OPN5, OPTC, OR10J5, ORAI1, OSR1, OSR2, OSTN, OTC, OTOGL, OTOL1, OTOP1, OTOR, OTP, OTUD5, OTX1, OTX2, OVOL1, OVOL2, OXT, OXTR, P2RX2, P2RX5, P2RX7, P2RY12, P3H1, PADI2, PAFAH1B1, PALB2, PALLD, PALS1, PAPPA2, PAPSS2, PARP1, PARP2, PARVA, PATZ1, PAX2, PAX3, PAX4, PAX5, PAX6, PAX7, PAX8, PAX9, PAXBP1, PAXIP1, PBX1, PBX2, PBX3, PBX4, PBXIP1, PCDH12, PCDH15, PCDH18, PCDH9, PCDHA10, PCGF2, PCID2, PCK1, PCK2, PCM1, PCNA, PCSK1, PCSK5, PCSK9, PCYT1B, PDCD4, PDCD6, PDE2A, PDE6A, PDE6B, PDE6C, PDGFA, PDGFB, PDGFC, PDGFD, PDGFRA, PDGFRB, PDLIM1, PDLIM2, PDLIM3, PDLIM4, PDLIM5, PDLIM7, PDPK1, PDPN, PDSS2, PDX1, PDZD7, PECAM1, PEF1, PER1, PER2, PERP, PEX13, PEX5, PEX7, PFDN5, PFKFB1, PGAP1, PGR, PGRMC2, PHACTR1, PHACTR4, PHB2, PHEX, PHF14, PHF2, PHF8, PHGDH, PHLDA2, PHLDB1, PHLDB2, PHLPP2, PHOSPHO1, PHOX2A, PHOX2B, PI16, PI4KB, PIANP, PIAS4, PIK3CA, PIM1, PIP5K1A, PITPNM1, PITX1, PITX2, PITX3, PJVK, PKD1, PKD2, PKDCC, PKHD1, PKN1, PKNOX1, PKP1, PKP2, PKP3, PLA2G10, PLAAT1, PLAAT3, PLAAT4, PLAC1, PLAG1, PLCB1, PLCD3, PLCE1, PLEC, PLEKHA1, PLK4, PLN, PLOD3, PLP1, PLPPR4, PLS1, PLS3, PLXNA1, PLXNA2, PLXNA3, PLXNA4, PLXNB1, PLXNB2, PLXND1, PML, PNPT1, POC5, PODXL, POFUT1, POFUT2, POGLUT1, POLB, POLE, POLR1B, POMGNT1, POMK, POMT2, POPDC1, POPDC2, POPDC3, POTEE, POU1F1, POU2F3, POU3F1, POU3F2, POU3F3, POU3F4, POU4F1, POU4F2, POU4F3, POU5F1, POU6F1, PPARA, PPARD, PPARG, PPARGC1A, PPARGC1B, PPDPF, PPHLN1, PPIB, PPIF, PPIL1, PPL, PPP1CA, PPP1R13L, PPP1R35, PPP1R9B, PPP2CA, PPP2R3A, PPP2R3C, PPP3CA, PPP3CB, PPP3R1, PPT1, PRDM1, PRDM13, PRDM8, PRDX2, PRDX3, PRDX4, PRICKLE1, PRICKLE4, PRKAA1, PRKACG, PRKAR1A, PRKCB, PRKCH, PRKCI, PRKCSH, PRKDC, PRKG1, PRKG2, PRKRA, PRKX, PRL, PRLR, PRMT1, PRMT5, PROM1, PROP1, PROX1, PRPH2, PRPS1L1, PRPSAP2, PRR14, PRRX1, PRSS56, PSAP, PSAPL1, PSEN1, PSKH1, PSMG1, PTCD2, PTCH1, PTCH2, PTCHD1, PTEN, PTF1A, PTGER4, PTGES3, PTGS2, PTH, PTH1R, PTHLH, PTK2, PTK2B, PTK7, PTN, PTPN11, PTPN3, PTPRC, PTPRJ, PTPRM, PTPRN, PTPRO, PTPRS, PTPRU, PTX3, PUM2, PXDN, PYGO1, PYGO2, QARS1, QKI, RAB11FIP4, RAB13, RAB18, RAB23, RAB33B, RAB3A, RAB3GAP1, RAC3, RAD1, RADIL, RAF1, RAG1, RAI2, RAMP2, RANBP3L, RAP1GAP, RAPGEF2, RARA, RARB, RARG, RARRES2, RASAL2, RAX, RB1, RB1CC1, RBBP4, RBBP6, RBBP7, RBBP9, RBM15, RBM20, RBM24, RBM4, RBMY1B, RBP4, RBPJ, RBPMS2, RC3H1, RC3H2, RCAN1, RCBTB2, RCN1, RCN3, RD3, RDH10, RDH13, REC8, REG3A, REG3G, RELA, RELN, RELT, REN, RERE, REST, RET, RETN, RFLNA, RFLNB, RFNG, RFX3, RFX4, RFX6, RGCC, RGN, RGS2, RGS4, RHBDD3, RHEB, RHO, RHOA, RHOBTB3, RHOJ, RING1, RIPK3, RIPK4, RIPOR2, RIPPLY2, RIPPLY3, RNF112, RNF207, RNF38, ROBO1, ROBO2, ROCK1, ROCK2, ROGDI, ROM1, ROR1, ROR2, RORA, RORB, RORC, RP1, RP1L1, RPE65, RPGRIP1, RPGRIP1L, RPL10, RPL13, RPL13A, RPL24, RPL38, RPL3L, RPS6, RPS6KA1, RPS6KB1, RPS7, RREB1, RRM1, RRM2B, RS1, RSPO2, RSPO3, RTCB, RTN1, RTN2, RTN3, RTN4, RTN4R, RTN4RL1, RUNX1, RUNX2, RUNX3, RXFP1, RXFP2, RXRA, RXRB, RYK, RYR1, RYR2, S100A1, S100A4, S100A7, S1PR1, SAFB2, SALL1, SALL2, SALL4, SAMD11, SAMD7, SAP30, SAPCD2, SATB2, SAV1, SBDS, SBNO2, SCAPER, SCEL, SCIN, SCN10A, SCN11A, SCN2A, SCN5A, SCO2, SCRIB, SCT, SCUBE1, SCX, SCYL2, SDC1, SDC4, SDCBP, SDF4, SDHAF2, SDK1, SDK2, SEC16A, SEC24B, SEC61A1, SEC63, SECISBP2, SELENOM, SELENON, SELENOP, SELENOT, SEMA3A, SEMA3B, SEMA3C, SEMA3D, SEMA3E, SEMA3F, SEMA3G, SEMA4A, SEMA4B, SEMA4C, SEMA4D, SEMA4F, SEMA4G, SEMA5A, SEMA5B, SEMA6A, SEMA6B, SEMA6C, SEMA6D, SEMA7A, SERP1, SERPINA10, SERPINB3, SERPINB5, SERPINB7, SERPINE1, SERPINE2, SERPINF1, SERPINH1, SETD1A, SETD2, SETDB2, SEZ6, SF1, SFMBT1, SFN, SFRP1, SFRP2, SFRP4, SFTPB, SFTPD, SGCA, SGCB, SGCD, SGCE, SGCG, SGCZ, SGMS2, SGPL1, SGPP1, SH2B3, SH3PXD2B, SHANK3, SHARPIN, SHC1, SHH, SHOX2, SHROOM2, SHROOM4, SIDT2, SIGLEC15, SIK1, SIM1, SIM2, SIN3A, SIPA1L3, SIRT1, SIRT2, SIRT6, SIX1, SIX2, SIX3, SIX4, SIX5, SIX6, SKI, SKIL, SKOR2, SLC10A7, SLC17A6, SLC17A7, SLC17A8, SLC1A1, SLC1A2, SLC20A1, SLC20A2, SLC22A1, SLC22A6, SLC23A1, SLC24A3, SLC24A4, SLC25A25, SLC25A27, SLC25A46, SLC26A2, SLC26A5, SLC27A4, SLC29A1, SLC2A1, SLC2A10, SLC32A1, SLC34A1, SLC38A10, SLC38A2, SLC38A8, SLC39A1, SLC39A10, SLC39A14, SLC39A2, SLC39A3, SLC39A5, SLC39A6, SLC39A7, SLC40A1, SLC44A4, SLC46A2, SLC4A10, SLC4A2, SLC4A5, SLC4A7, SLC6A17, SLC6A3, SLC6A4, SLC7A11, SLC7A5, SLC8A1, SLC9A1, SLC9B2, SLIT1, SLIT2, SLIT3, SLITRK5, SLITRK6, SMAD1, SMAD2, SMAD3, SMAD4, SMAD5, SMAD6, SMAD7, SMARCA1, SMARCA4, SMARCB1, SMARCC1, SMARCD3, SMCHD1, SMG9, SMO, SMOC1, SMPD3, SMTN, SMTNL1, SMYD1, SMYD2, SMYD4, SNAI1, SNAI2, SNORC, SNX10, SNX17, SNX19, SOBP, SOCS2, SOCS3, SOCS7, SOD1, SOD2, SORBS2, SORL1, SOS1, SOSTDC1, SOX1, SOX10, SOX11, SOX12, SOX14, SOX15, SOX17, SOX18, SOX2, SOX21, SOX3, SOX4, SOX5, SOX6, SOX8, SOX9, SP3, SP5, SP6, SP7, SPARC, SPART, SPATA2, SPDEF, SPEF2, SPEG, SPG11, SPHK1, SPHK2, SPI1, SPINK5, SPINT1, SPINT2, SPNS2, SPO11, SPP1, SPRED1, SPRED2, SPRED3, SPRR1A, SPRR1B, SPRR2B, SPRR2D, SPRR2E, SPRR2F, SPRR2G, SPRR3, SPRR4, SPRY1, SPRY2, SPRY3, SPRY4, SPSB3, SPTBN2, SPTLC2, SRC, SRD5A1, SRD5A2, SREBF1, SRF, SRGAP2, SRGAP2C, SRGN, SRI, SRP54, SRPK3, SRSF1, SRSF6, SRY, SSBP3, SSTR1, SSTR2, SSTR3, SSTR4, SSUH2, ST14, STAC3, STAT1, STAT3, STAT5A, STAT5B, STAT6, STATH, STAU2, STC1, STC2, STIL, STIM1, STK11, STK3, STK36, STK4, STK40, STMN1, STOX1, STOX2, STRA6, STRC, STX2, STXBP3, SUDS3, SUFU, SULF1, SULF2, SUN1, SUN2, SVIL, SYCP2, SYF2, SYK, SYNE1, SYNE2, SYNGR3, SYNPO2L, SYPL2, SZT2, TAB1, TAB2, TACC1, TACC2, TACC3, TACSTD2, TAF1, TAF10, TAF4, TAFAZZIN, TAGLN, TAL1, TAL2, TAPT1, TASOR, TBC1D20, TBC1D23, TBC1D32, TBL1XR1, TBR1, TBX1, TBX15, TBX18, TBX19, TBX2, TBX20, TBX3, TBX4, TBX5, TBXT, TCAP, TCF12, TCF15, TCF21, TCF23, TCF25, TCF7L2, TCHH, TCIRG1, TCOF1, TCTN1, TDRD7, TEAD1, TEAD2, TEAD3, TEAD4, TECTA, TEK, TENM3, TENM4, TENT5A, TEX11, TEX19, TFAP2A, TFAP2B, TFAP2C, TFAP2D, TFCP2L1, TFDP2, TFEB, TFIP11, TFPT, TG, TGFA, TGFB1, TGFB1I1, TGFB2, TGFB3, TGFBI, TGFBR1, TGFBR2, TGFBR3, TGFBR3L, TGIF2, TGM1, TGM2, TGM3, TH, THBS3, THOC5, THRA, THRB, THY1, TIAM1, TIE1, TIFAB, TIMELESS, TIMP1, TIPARP, TLE1, TLE2, TLE3, TLL2, TLR3, TLR5, TLR9, TLX1, TLX2, TLX3, TMC1, TMED2, TMEM100, TMEM107, TMEM108, TMEM119, TMEM132E, TMEM135, TMEM14B, TMEM176B, TMEM182, TMEM215, TMEM231, TMEM38B, TMEM59L, TMEM65, TMEM79, TMF1, TMIE, TMOD1, TMPRSS11F, TMT1A, TMX2, TNC, TNF, TNFAIP3, TNFAIP6, TNFRSF11A, TNFRSF11B, TNFRSF19, TNFRSF1A, TNFRSF1B, TNFSF10, TNFSF11, TNFSF13B, TNN, TNNC1, TNNI1, TNNI3, TNNT2, TNR, TNS2, TNXB, TOMM70, TOP2B, TOX, TP53, TP63, TP73, TPH1, TPM1, TPO, TPPP3, TPRN, TRA2B, TRADD, TRAF3IP1, TRAF3IP2, TRAF4, TRAF6, TRAPPC9, TREH, TREX1, TRIM16, TRIM28, TRIM45, TRIM62, TRIM72, TRIOBP, TRIP11, TRNP1, TRPC4AP, TRPM4, TRPS1, TRPV4, TSC1, TSC2, TSG101, TSHZ1, TSKU, TSPAN12, TSPEAR, TSPO, TSPY1, TSPY10, TSPY2, TSPY3, TSPY4, TSPY8, TSPY9, TTBK1, TTBK2, TTC21B, TTC39C, TTC8, TTC9, TTLL1, TTLL5, TTN, TTPA, TUB, TUBA1A, TUBB1, TUBB2A, TUBB2B, TUBGCP2, TUFT1, TULP1, TULP3, TWIST1, TWSG1, TXLNG, TXNIP, TYMS, TYR, TYRO3, TYROBP, UBA6, UBB, UBE3A, UCHL5, UCP2, UFC1, UFM1, UGCG, UGP2, UGT1A1, UGT1A10, UGT1A7, UGT1A8, UGT1A9, UMOD, UMODL1, UMPS, UNC45A, UNC45B, UNC5C, UNCX, UPB1, UPF2, UPF3B, UPK3A, UPRT, UQCC2, UQCRQ, USF2, USF3, USH1C, USH1G, USH2A, USP19, USP2, USP45, UTF1, UTP25, UTP3, UTRN, UTY, VAMP5, VANGL2, VASH1, VASH2, VASN, VAX1, VAX2, VCAM1, VCX, VCX2, VCX3A, VCX3B, VCY, VCY1B, VDR, VEGFA, VEGFB, VEGFC, VGF, VGLL2, VGLL4, VIM, VKORC1, VPS13B, VPS33B, VPS51, VPS52, VPS54, VRK3, VSTM4, VSX1, VTN, WDPCP, WDR11, WDR19, WDR37, WDR47, WDR48, WDR62, WDR72, WDR77, WDR83, WDR89, WFS1, WHRN, WLS, WNK1, WNK4, WNT1, WNT10A, WNT10B, WNT11, WNT16, WNT2, WNT2B, WNT3, WNT3A, WNT4, WNT5A, WNT5B, WNT6, WNT7A, WNT7B, WNT8A, WNT9A, WNT9B, WT1, WWOX, WWTR1, XBP1, XDH, XIRP2, XK, XRCC1, XRN2, XYLT1, YAP1, YBX3, YWHAE, YWHAH, YWHAQ, YWHAZ, YY1, ZBED2, ZBTB1, ZBTB14, ZBTB16, ZBTB18, ZBTB40, ZBTB42, ZBTB7B, ZDHHC16, ZDHHC21, ZEB1, ZFAND5, ZFHX3, ZFP36, ZFP36L1, ZFP42, ZFP64, ZFPM1, ZFPM2, ZFX, ZHX2, ZIC1, ZIC2, ZIC3, ZMIZ1, ZMPSTE24, ZNF148, ZNF219, ZNF22, ZNF335, ZNF365, ZNF430, ZNF513, ZNF516, ZNF568, ZNF609, ZNF664-RFLNA, ZNF689, ZNF703, ZNF750, ZNF800, ZNF808, ZNF830, ZNG1A, ZP3, ZSWIM6
GO:0006400	tRNA modification	93	5	0.91	0.00226	0.0452	AARS1, ADAT2, AKT1, ALKBH1, ALKBH8, ANKRD16, B3GNTL1, BCDIN3D, CDK5RAP1, CDKAL1, CTU1, CTU2, DALRD3, DPH3, DTWD1, DTWD2, DUS1L, DUS2, DUS3L, DUS4L, ELP1, ELP2, ELP3, ELP4, ELP5, ELP6, FTSJ1, GON7, GTDC1, GTPBP3, HSD17B10, KTI12, LCMT2, METTL1, METTL2A, METTL2B, METTL6, METTL8, MOCS3, MTFMT, MTO1, NAT10, NSUN2, NSUN3, NSUN6, OSGEP, OSGEPL1, PUS1, PUS10, PUS3, PUS7, PUSL1, QNG1, QTRT1, QTRT2, RPUSD4, SARS1, SEPSECS, SSB, TARBP1, THADA, THG1L, THUMPD1, THUMPD2, THUMPD3, TPRKB, TRDMT1, TRIT1, TRMO, TRMT1, TRMT10A, TRMT10B, TRMT10C, TRMT112, TRMT12, TRMT13, TRMT1L, TRMT44, TRMT5, TRMT6, TRMT61A, TRMT61B, TRMT9B, TRMU, TRUB1, TYW1, TYW1B, TYW3, TYW5, URM1, WDR4, WDR6, YRDC
